Id,PATIENTID,PROVIDERID,PRIMARYPATIENTINSURANCEID,SECONDARYPATIENTINSURANCEID,DEPARTMENTID,PATIENTDEPARTMENTID,DIAGNOSIS1,DIAGNOSIS2,DIAGNOSIS3,DIAGNOSIS4,DIAGNOSIS5,DIAGNOSIS6,DIAGNOSIS7,DIAGNOSIS8,REFERRINGPROVIDERID,APPOINTMENTID,CURRENTILLNESSDATE,SERVICEDATE,SUPERVISINGPROVIDERID,STATUS1,STATUS2,STATUSP,OUTSTANDING1,OUTSTANDING2,OUTSTANDINGP,LASTBILLEDDATE1,LASTBILLEDDATE2,LASTBILLEDDATEP,HEALTHCARECLAIMTYPEID1,HEALTHCARECLAIMTYPEID2
4f083ce3-f12b-bb4b-2389-ebdfe686ee20,4f083ce3-f12b-bb4b-7353-e17f0cd55b0a,76d8bf78-f709-3fe3-bfcd-2a7d86317e42,26aab0cd-6aba-3e1b-ac5b-05c8867e762c,,20,20,162673000,,,,,,,,,4f083ce3-f12b-bb4b-1060-1ce09081ddcd,2016-12-20T00:11:44Z,2016-12-20T00:11:44Z,76d8bf78-f709-3fe3-bfcd-2a7d86317e42,CLOSED,CLOSED,CLOSED,0,0,0,2016-12-20T00:26:44Z,2016-12-20T00:26:44Z,2016-12-20T00:26:44Z,1,1
5e688e99-61b3-5c88-ec46-dff8a2d696d5,5e688e99-61b3-5c88-3f60-21df8aaced27,85932702-486c-35c1-9e86-c34c4be05bac,df166300-5a78-3502-a46a-832842197811,,10,10,410620009,,,,,,,,,5e688e99-61b3-5c88-a1f5-8461ef6fa44f,2016-11-02T15:13:00Z,2016-11-02T15:13:00Z,85932702-486c-35c1-9e86-c34c4be05bac,CLOSED,CLOSED,CLOSED,0,0,0,2016-11-02T15:28:00Z,2016-11-02T15:28:00Z,2016-11-02T15:28:00Z,1,1
46976cf7-b0bf-be20-f415-8b2bf113eb40,46976cf7-b0bf-be20-39a5-9f425a52886d,8f91c680-dc64-30a5-8a87-542eca4e51b2,26aab0cd-6aba-3e1b-ac5b-05c8867e762c,,10,10,410620009,,,,,,,,,46976cf7-b0bf-be20-6560-599b3a739023,2017-07-06T15:35:06Z,2017-07-06T15:35:06Z,8f91c680-dc64-30a5-8a87-542eca4e51b2,CLOSED,CLOSED,CLOSED,0,0,0,2017-07-06T15:50:06Z,2017-07-06T15:50:06Z,2017-07-06T15:50:06Z,1,1
aee7bbe1-0c45-c028-af3f-d39e21d758a3,aee7bbe1-0c45-c028-1e62-1f4cdb30c273,9ff984dd-2ef7-3ce9-b636-03f7c7298f52,b046940f-1664-3047-bca7-dfa76be352a4,,10,10,410620009,,,,,,,,,aee7bbe1-0c45-c028-33ff-291d4b2bb536,2016-09-21T18:15:36Z,2016-09-21T18:15:36Z,9ff984dd-2ef7-3ce9-b636-03f7c7298f52,CLOSED,CLOSED,CLOSED,0,0,0,2016-09-21T18:30:36Z,2016-09-21T18:30:36Z,2016-09-21T18:30:36Z,1,1
5e688e99-61b3-5c88-a974-2cc966f23587,5e688e99-61b3-5c88-3f60-21df8aaced27,85932702-486c-35c1-9e86-c34c4be05bac,df166300-5a78-3502-a46a-832842197811,,10,10,410620009,,,,,,,,,5e688e99-61b3-5c88-b5e6-ccf021419f60,2017-11-08T15:13:00Z,2017-11-08T15:13:00Z,85932702-486c-35c1-9e86-c34c4be05bac,CLOSED,CLOSED,CLOSED,0,0,0,2017-11-08T15:28:00Z,2017-11-08T15:28:00Z,2017-11-08T15:28:00Z,1,1
4f083ce3-f12b-bb4b-a885-c89d6125e63f,4f083ce3-f12b-bb4b-7353-e17f0cd55b0a,76d8bf78-f709-3fe3-bfcd-2a7d86317e42,26aab0cd-6aba-3e1b-ac5b-05c8867e762c,,20,20,162673000,,,,,,,,,4f083ce3-f12b-bb4b-ff17-515fb5bd2d36,2017-12-26T00:11:44Z,2017-12-26T00:11:44Z,76d8bf78-f709-3fe3-bfcd-2a7d86317e42,CLOSED,CLOSED,CLOSED,0,0,0,2017-12-26T00:26:44Z,2017-12-26T00:26:44Z,2017-12-26T00:26:44Z,1,1
5e688e99-61b3-5c88-81ac-93da3a214f6d,5e688e99-61b3-5c88-3f60-21df8aaced27,85932702-486c-35c1-9e86-c34c4be05bac,df166300-5a78-3502-a46a-832842197811,,10,10,410620009,,,,,,,,,5e688e99-61b3-5c88-d2c7-c00b9ed04689,2018-11-14T15:13:00Z,2018-11-14T15:13:00Z,85932702-486c-35c1-9e86-c34c4be05bac,CLOSED,CLOSED,CLOSED,0,0,0,2018-11-14T15:28:00Z,2018-11-14T15:28:00Z,2018-11-14T15:28:00Z,1,1
5e688e99-61b3-5c88-e671-e06158556067,5e688e99-61b3-5c88-3f60-21df8aaced27,85932702-486c-35c1-9e86-c34c4be05bac,df166300-5a78-3502-a46a-832842197811,,10,10,410620009,,,,,,,,,5e688e99-61b3-5c88-1195-a0baa75356a3,2019-11-20T15:13:00Z,2019-11-20T15:13:00Z,85932702-486c-35c1-9e86-c34c4be05bac,CLOSED,CLOSED,CLOSED,0,0,0,2019-11-20T15:28:00Z,2019-11-20T15:28:00Z,2019-11-20T15:28:00Z,1,1
aee7bbe1-0c45-c028-9b27-1e6e7e0fcf36,aee7bbe1-0c45-c028-1e62-1f4cdb30c273,9ff984dd-2ef7-3ce9-b636-03f7c7298f52,b046940f-1664-3047-bca7-dfa76be352a4,,10,10,410620009,,,,,,,,,aee7bbe1-0c45-c028-756f-d0b5aff33188,2017-09-27T18:15:36Z,2017-09-27T18:15:36Z,9ff984dd-2ef7-3ce9-b636-03f7c7298f52,CLOSED,CLOSED,CLOSED,0,0,0,2017-09-27T18:30:36Z,2017-09-27T18:30:36Z,2017-09-27T18:30:36Z,1,1
46976cf7-b0bf-be20-799a-4d4efbb3d805,46976cf7-b0bf-be20-39a5-9f425a52886d,8f91c680-dc64-30a5-8a87-542eca4e51b2,26aab0cd-6aba-3e1b-ac5b-05c8867e762c,,10,10,410620009,,,,,,,,,46976cf7-b0bf-be20-1090-f7b7b7076a8e,2018-07-12T15:35:06Z,2018-07-12T15:35:06Z,8f91c680-dc64-30a5-8a87-542eca4e51b2,CLOSED,CLOSED,CLOSED,0,0,0,2018-07-12T15:50:06Z,2018-07-12T15:50:06Z,2018-07-12T15:50:06Z,1,1
4f083ce3-f12b-bb4b-9076-8c41da1c3a73,4f083ce3-f12b-bb4b-7353-e17f0cd55b0a,76d8bf78-f709-3fe3-bfcd-2a7d86317e42,26aab0cd-6aba-3e1b-ac5b-05c8867e762c,,20,20,162673000,,,,,,,,,4f083ce3-f12b-bb4b-0848-22eef9537660,2020-12-29T00:11:44Z,2020-12-29T00:11:44Z,76d8bf78-f709-3fe3-bfcd-2a7d86317e42,CLOSED,CLOSED,CLOSED,0,0,0,2020-12-29T00:26:44Z,2020-12-29T00:26:44Z,2020-12-29T00:26:44Z,1,1
aee7bbe1-0c45-c028-f852-9cdac5a93ff7,aee7bbe1-0c45-c028-1e62-1f4cdb30c273,9ff984dd-2ef7-3ce9-b636-03f7c7298f52,b046940f-1664-3047-bca7-dfa76be352a4,,10,10,410620009,,,,,,,,,aee7bbe1-0c45-c028-5a9f-b1d96867ba1a,2018-10-03T18:15:36Z,2018-10-03T18:15:36Z,9ff984dd-2ef7-3ce9-b636-03f7c7298f52,CLOSED,CLOSED,CLOSED,0,0,0,2018-10-03T18:30:36Z,2018-10-03T18:30:36Z,2018-10-03T18:30:36Z,1,1
5e688e99-61b3-5c88-ab4c-e3701afb01b1,5e688e99-61b3-5c88-3f60-21df8aaced27,85932702-486c-35c1-9e86-c34c4be05bac,df166300-5a78-3502-a46a-832842197811,,10,10,410620009,,,,,,,,,5e688e99-61b3-5c88-0278-ce2019e4b3a7,2020-11-25T15:13:00Z,2020-11-25T15:13:00Z,85932702-486c-35c1-9e86-c34c4be05bac,CLOSED,CLOSED,CLOSED,0,0,0,2020-11-25T15:28:00Z,2020-11-25T15:28:00Z,2020-11-25T15:28:00Z,1,1
aee7bbe1-0c45-c028-8b79-4a09bc93edc6,aee7bbe1-0c45-c028-1e62-1f4cdb30c273,9ff984dd-2ef7-3ce9-b636-03f7c7298f52,b046940f-1664-3047-bca7-dfa76be352a4,,10,10,410620009,,,,,,,,,aee7bbe1-0c45-c028-0f80-33fccb669f8b,2019-10-09T18:15:36Z,2019-10-09T18:15:36Z,9ff984dd-2ef7-3ce9-b636-03f7c7298f52,CLOSED,CLOSED,CLOSED,0,0,0,2019-10-09T18:30:36Z,2019-10-09T18:30:36Z,2019-10-09T18:30:36Z,1,1
aee7bbe1-0c45-c028-71ae-ed721d2d24e7,aee7bbe1-0c45-c028-1e62-1f4cdb30c273,9ff984dd-2ef7-3ce9-b636-03f7c7298f52,b046940f-1664-3047-bca7-dfa76be352a4,,10,10,410620009,,,,,,,,,aee7bbe1-0c45-c028-c2b5-1c67ec1cfad1,2020-10-14T18:15:36Z,2020-10-14T18:15:36Z,9ff984dd-2ef7-3ce9-b636-03f7c7298f52,CLOSED,CLOSED,CLOSED,0,0,0,2020-10-14T18:30:36Z,2020-10-14T18:30:36Z,2020-10-14T18:30:36Z,1,1
aee7bbe1-0c45-c028-0fa8-7e9654230757,aee7bbe1-0c45-c028-1e62-1f4cdb30c273,9ff984dd-2ef7-3ce9-b636-03f7c7298f52,b046940f-1664-3047-bca7-dfa76be352a4,,10,10,410620009,,,,,,,,,aee7bbe1-0c45-c028-2e80-06e37e9c3bb1,2021-10-20T18:15:36Z,2021-10-20T18:15:36Z,9ff984dd-2ef7-3ce9-b636-03f7c7298f52,CLOSED,CLOSED,CLOSED,0,0,0,2021-10-20T18:30:36Z,2021-10-20T18:30:36Z,2021-10-20T18:30:36Z,1,1
5e688e99-61b3-5c88-3e1c-49ad469ebbe1,5e688e99-61b3-5c88-3f60-21df8aaced27,37eef0d1-01dd-3c1a-ae09-4f314a220e12,df166300-5a78-3502-a46a-832842197811,,2,2,33879002,,,,,,,,,5e688e99-61b3-5c88-9db1-16344c991579,2021-11-24T15:13:00Z,2021-11-24T15:13:00Z,37eef0d1-01dd-3c1a-ae09-4f314a220e12,CLOSED,CLOSED,CLOSED,0,0,0,2021-11-24T15:28:00Z,2021-11-24T15:28:00Z,2021-11-24T15:28:00Z,2,2
4f083ce3-f12b-bb4b-d04b-513e0d048372,4f083ce3-f12b-bb4b-7353-e17f0cd55b0a,08934147-5dc9-3e1e-8a3a-606c3f0f265c,26aab0cd-6aba-3e1b-ac5b-05c8867e762c,,2,2,33879002,,,,,,,,,4f083ce3-f12b-bb4b-0a01-90ae9a1bd76a,2021-10-19T00:11:44Z,2021-10-19T00:11:44Z,08934147-5dc9-3e1e-8a3a-606c3f0f265c,CLOSED,CLOSED,CLOSED,0,0,0,2021-10-19T00:26:44Z,2021-10-19T00:26:44Z,2021-10-19T00:26:44Z,2,2
46976cf7-b0bf-be20-d5f5-d31959162025,46976cf7-b0bf-be20-39a5-9f425a52886d,8f91c680-dc64-30a5-8a87-542eca4e51b2,26aab0cd-6aba-3e1b-ac5b-05c8867e762c,,10,10,410620009,,,,,,,,,46976cf7-b0bf-be20-9ea5-7249d69ffdee,2019-07-18T15:35:06Z,2019-07-18T15:35:06Z,8f91c680-dc64-30a5-8a87-542eca4e51b2,CLOSED,CLOSED,CLOSED,0,0,0,2019-07-18T15:50:06Z,2019-07-18T15:50:06Z,2019-07-18T15:50:06Z,1,1
4f083ce3-f12b-bb4b-1ec8-e8ec71ca0489,4f083ce3-f12b-bb4b-7353-e17f0cd55b0a,08934147-5dc9-3e1e-8a3a-606c3f0f265c,26aab0cd-6aba-3e1b-ac5b-05c8867e762c,,2,2,33879002,,,,,,,,,4f083ce3-f12b-bb4b-b50b-337e6a04e3bd,2021-11-09T00:11:44Z,2021-11-09T00:11:44Z,08934147-5dc9-3e1e-8a3a-606c3f0f265c,CLOSED,CLOSED,CLOSED,0,0,0,2021-11-09T00:26:44Z,2021-11-09T00:26:44Z,2021-11-09T00:26:44Z,2,2
5e688e99-61b3-5c88-0fbb-1e3e2d2b867e,5e688e99-61b3-5c88-3f60-21df8aaced27,85932702-486c-35c1-9e86-c34c4be05bac,df166300-5a78-3502-a46a-832842197811,,10,10,410620009,,,,,,,,,5e688e99-61b3-5c88-d2c6-bfd6367c9edf,2021-12-01T15:13:00Z,2021-12-01T15:13:00Z,85932702-486c-35c1-9e86-c34c4be05bac,CLOSED,CLOSED,CLOSED,0,0,0,2021-12-01T15:28:00Z,2021-12-01T15:28:00Z,2021-12-01T15:28:00Z,1,1
46976cf7-b0bf-be20-b75f-90f7fc4cc26b,46976cf7-b0bf-be20-39a5-9f425a52886d,8f91c680-dc64-30a5-8a87-542eca4e51b2,26aab0cd-6aba-3e1b-ac5b-05c8867e762c,,10,10,410620009,,,,,,,,,46976cf7-b0bf-be20-b777-7b644e1be993,2020-07-23T15:35:06Z,2020-07-23T15:35:06Z,8f91c680-dc64-30a5-8a87-542eca4e51b2,CLOSED,CLOSED,CLOSED,0,0,0,2020-07-23T15:50:06Z,2020-07-23T15:50:06Z,2020-07-23T15:50:06Z,1,1
5e688e99-61b3-5c88-8505-4d0e43f99078,5e688e99-61b3-5c88-3f60-21df8aaced27,37eef0d1-01dd-3c1a-ae09-4f314a220e12,df166300-5a78-3502-a46a-832842197811,,2,2,33879002,,,,,,,,,5e688e99-61b3-5c88-dfd0-fc6a1d8e76ef,2021-12-15T15:13:00Z,2021-12-15T15:13:00Z,37eef0d1-01dd-3c1a-ae09-4f314a220e12,CLOSED,CLOSED,CLOSED,0,0,0,2021-12-15T15:28:00Z,2021-12-15T15:28:00Z,2021-12-15T15:28:00Z,2,2
4f083ce3-f12b-bb4b-f6c5-b39753ba0ba1,4f083ce3-f12b-bb4b-7353-e17f0cd55b0a,76d8bf78-f709-3fe3-bfcd-2a7d86317e42,26aab0cd-6aba-3e1b-ac5b-05c8867e762c,,20,20,162673000,,,,,,,,,4f083ce3-f12b-bb4b-1983-06d61ade896c,2024-01-02T00:11:44Z,2024-01-02T00:11:44Z,76d8bf78-f709-3fe3-bfcd-2a7d86317e42,CLOSED,CLOSED,CLOSED,0,0,0,2024-01-02T00:26:44Z,2024-01-02T00:26:44Z,2024-01-02T00:26:44Z,1,1
aee7bbe1-0c45-c028-813d-ba61ce17d4c3,aee7bbe1-0c45-c028-1e62-1f4cdb30c273,d042c7fc-5990-3ea0-b029-ee7bccca91be,b046940f-1664-3047-bca7-dfa76be352a4,,2,2,33879002,,,,,,,,,aee7bbe1-0c45-c028-3571-7fef2ba7bc49,2022-10-19T18:15:36Z,2022-10-19T18:15:36Z,d042c7fc-5990-3ea0-b029-ee7bccca91be,CLOSED,CLOSED,CLOSED,0,0,0,2022-10-19T18:30:36Z,2022-10-19T18:30:36Z,2022-10-19T18:30:36Z,2,2
5e688e99-61b3-5c88-2933-c4298bb75be1,5e688e99-61b3-5c88-3f60-21df8aaced27,85932702-486c-35c1-9e86-c34c4be05bac,df166300-5a78-3502-a46a-832842197811,,10,10,410620009,,,,,,,,,5e688e99-61b3-5c88-b6eb-dbadac50a6ee,2022-12-07T15:13:00Z,2022-12-07T15:13:00Z,85932702-486c-35c1-9e86-c34c4be05bac,CLOSED,CLOSED,CLOSED,0,0,0,2022-12-07T15:28:00Z,2022-12-07T15:28:00Z,2022-12-07T15:28:00Z,1,1
46976cf7-b0bf-be20-39d8-06adab1f654d,46976cf7-b0bf-be20-39a5-9f425a52886d,8f91c680-dc64-30a5-8a87-542eca4e51b2,26aab0cd-6aba-3e1b-ac5b-05c8867e762c,,10,10,410620009,,,,,,,,,46976cf7-b0bf-be20-0c2b-dadf9d599e13,2021-07-29T15:35:06Z,2021-07-29T15:35:06Z,8f91c680-dc64-30a5-8a87-542eca4e51b2,CLOSED,CLOSED,CLOSED,0,0,0,2021-07-29T15:50:06Z,2021-07-29T15:50:06Z,2021-07-29T15:50:06Z,1,1
aee7bbe1-0c45-c028-32fe-37e20fea44b0,aee7bbe1-0c45-c028-1e62-1f4cdb30c273,9ff984dd-2ef7-3ce9-b636-03f7c7298f52,b046940f-1664-3047-bca7-dfa76be352a4,,10,10,410620009,,,,,,,,,aee7bbe1-0c45-c028-c7cb-eac2178be2a0,2022-10-26T18:15:36Z,2022-10-26T18:15:36Z,9ff984dd-2ef7-3ce9-b636-03f7c7298f52,CLOSED,CLOSED,CLOSED,0,0,0,2022-10-26T18:30:36Z,2022-10-26T18:30:36Z,2022-10-26T18:30:36Z,1,1
5e688e99-61b3-5c88-81d0-858c24fb9027,5e688e99-61b3-5c88-3f60-21df8aaced27,85932702-486c-35c1-9e86-c34c4be05bac,df166300-5a78-3502-a46a-832842197811,,10,10,410620009,,,,,,,,,5e688e99-61b3-5c88-15bd-16a0e1fa97ee,2023-12-13T15:13:00Z,2023-12-13T15:13:00Z,85932702-486c-35c1-9e86-c34c4be05bac,CLOSED,CLOSED,CLOSED,0,0,0,2023-12-13T15:28:00Z,2023-12-13T15:28:00Z,2023-12-13T15:28:00Z,1,1
5e688e99-61b3-5c88-e3b2-f1f28fd33eeb,5e688e99-61b3-5c88-3f60-21df8aaced27,85932702-486c-35c1-9e86-c34c4be05bac,df166300-5a78-3502-a46a-832842197811,,10,10,410620009,,,,,,,,,5e688e99-61b3-5c88-c768-39fe4fb3f188,2024-12-18T15:13:00Z,2024-12-18T15:13:00Z,85932702-486c-35c1-9e86-c34c4be05bac,CLOSED,CLOSED,CLOSED,0,0,0,2024-12-18T15:28:00Z,2024-12-18T15:28:00Z,2024-12-18T15:28:00Z,1,1
46976cf7-b0bf-be20-508e-8f85eae8f78a,46976cf7-b0bf-be20-39a5-9f425a52886d,be847af5-5251-3567-8688-aa150371a92a,26aab0cd-6aba-3e1b-ac5b-05c8867e762c,,2,2,33879002,,,,,,,,,46976cf7-b0bf-be20-ddf7-26ed0cdff4ab,2021-08-26T15:35:06Z,2021-08-26T15:35:06Z,be847af5-5251-3567-8688-aa150371a92a,CLOSED,CLOSED,CLOSED,0,0,0,2021-08-26T15:50:06Z,2021-08-26T15:50:06Z,2021-08-26T15:50:06Z,2,2
aee7bbe1-0c45-c028-93cc-0ba9b17b5e62,aee7bbe1-0c45-c028-1e62-1f4cdb30c273,d042c7fc-5990-3ea0-b029-ee7bccca91be,b046940f-1664-3047-bca7-dfa76be352a4,,2,2,33879002,,,,,,,,,aee7bbe1-0c45-c028-a21c-c81123e0a281,2022-11-16T18:15:36Z,2022-11-16T18:15:36Z,d042c7fc-5990-3ea0-b029-ee7bccca91be,CLOSED,CLOSED,CLOSED,0,0,0,2022-11-16T18:30:36Z,2022-11-16T18:30:36Z,2022-11-16T18:30:36Z,2,2
5e688e99-61b3-5c88-e851-9f6513230f86,5e688e99-61b3-5c88-3f60-21df8aaced27,85932702-486c-35c1-9e86-c34c4be05bac,df166300-5a78-3502-a46a-832842197811,,10,10,410620009,,,,,,,,,5e688e99-61b3-5c88-f796-af872a80ce61,2025-12-24T15:13:00Z,2025-12-24T15:13:00Z,85932702-486c-35c1-9e86-c34c4be05bac,CLOSED,CLOSED,CLOSED,0,0,0,2025-12-24T15:28:00Z,2025-12-24T15:28:00Z,2025-12-24T15:28:00Z,1,1
46976cf7-b0bf-be20-49c0-aa2357a8c3de,46976cf7-b0bf-be20-39a5-9f425a52886d,be847af5-5251-3567-8688-aa150371a92a,26aab0cd-6aba-3e1b-ac5b-05c8867e762c,,2,2,33879002,,,,,,,,,46976cf7-b0bf-be20-18bd-679b3a849fb7,2021-09-16T15:35:06Z,2021-09-16T15:35:06Z,be847af5-5251-3567-8688-aa150371a92a,CLOSED,CLOSED,CLOSED,0,0,0,2021-09-16T15:50:06Z,2021-09-16T15:50:06Z,2021-09-16T15:50:06Z,2,2
aee7bbe1-0c45-c028-3048-ab3a7d1c0f19,aee7bbe1-0c45-c028-1e62-1f4cdb30c273,9ff984dd-2ef7-3ce9-b636-03f7c7298f52,b046940f-1664-3047-bca7-dfa76be352a4,,10,10,410620009,,,,,,,,,aee7bbe1-0c45-c028-8710-cc9a483d32b5,2023-11-01T18:15:36Z,2023-11-01T18:15:36Z,9ff984dd-2ef7-3ce9-b636-03f7c7298f52,CLOSED,CLOSED,CLOSED,0,0,0,2023-11-01T18:30:36Z,2023-11-01T18:30:36Z,2023-11-01T18:30:36Z,1,1
46976cf7-b0bf-be20-1b7d-fd79ef17e1a7,46976cf7-b0bf-be20-39a5-9f425a52886d,8f91c680-dc64-30a5-8a87-542eca4e51b2,26aab0cd-6aba-3e1b-ac5b-05c8867e762c,,10,10,410620009,,,,,,,,,46976cf7-b0bf-be20-a7c1-eed9a82e810a,2022-08-04T15:35:06Z,2022-08-04T15:35:06Z,8f91c680-dc64-30a5-8a87-542eca4e51b2,CLOSED,CLOSED,CLOSED,0,0,0,2022-08-04T15:50:06Z,2022-08-04T15:50:06Z,2022-08-04T15:50:06Z,1,1
aee7bbe1-0c45-c028-b397-21c1b87221cb,aee7bbe1-0c45-c028-1e62-1f4cdb30c273,9ff984dd-2ef7-3ce9-b636-03f7c7298f52,b046940f-1664-3047-bca7-dfa76be352a4,,10,10,410620009,,,,,,,,,aee7bbe1-0c45-c028-95fb-4b5c5e1274e0,2024-11-06T18:15:36Z,2024-11-06T18:15:36Z,9ff984dd-2ef7-3ce9-b636-03f7c7298f52,CLOSED,CLOSED,CLOSED,0,0,0,2024-11-06T18:30:36Z,2024-11-06T18:30:36Z,2024-11-06T18:30:36Z,1,1
46976cf7-b0bf-be20-f87e-9773df39342d,46976cf7-b0bf-be20-39a5-9f425a52886d,8f91c680-dc64-30a5-8a87-542eca4e51b2,26aab0cd-6aba-3e1b-ac5b-05c8867e762c,,10,10,410620009,,,,,,,,,46976cf7-b0bf-be20-950d-5d52f6e98260,2023-08-10T15:35:06Z,2023-08-10T15:35:06Z,8f91c680-dc64-30a5-8a87-542eca4e51b2,CLOSED,CLOSED,CLOSED,0,0,0,2023-08-10T15:50:06Z,2023-08-10T15:50:06Z,2023-08-10T15:50:06Z,1,1
aee7bbe1-0c45-c028-a204-fa1a0b1043ac,aee7bbe1-0c45-c028-1e62-1f4cdb30c273,9ff984dd-2ef7-3ce9-b636-03f7c7298f52,b046940f-1664-3047-bca7-dfa76be352a4,,10,10,410620009,,,,,,,,,aee7bbe1-0c45-c028-fab0-6e94de409adc,2025-11-12T18:15:36Z,2025-11-12T18:15:36Z,9ff984dd-2ef7-3ce9-b636-03f7c7298f52,CLOSED,CLOSED,CLOSED,0,0,0,2025-11-12T18:30:36Z,2025-11-12T18:30:36Z,2025-11-12T18:30:36Z,1,1
46976cf7-b0bf-be20-86ba-705b3daafc8b,46976cf7-b0bf-be20-39a5-9f425a52886d,8f91c680-dc64-30a5-8a87-542eca4e51b2,26aab0cd-6aba-3e1b-ac5b-05c8867e762c,,10,10,410620009,,,,,,,,,46976cf7-b0bf-be20-ebe7-a3a4a9d49730,2024-08-15T15:35:06Z,2024-08-15T15:35:06Z,8f91c680-dc64-30a5-8a87-542eca4e51b2,CLOSED,CLOSED,CLOSED,0,0,0,2024-08-15T15:50:06Z,2024-08-15T15:50:06Z,2024-08-15T15:50:06Z,1,1
46976cf7-b0bf-be20-c987-22ca2d67a2a3,46976cf7-b0bf-be20-39a5-9f425a52886d,8f91c680-dc64-30a5-8a87-542eca4e51b2,26aab0cd-6aba-3e1b-ac5b-05c8867e762c,,20,20,162673000,,,,,,,,,46976cf7-b0bf-be20-48b1-7e714b889d22,2025-08-21T15:35:06Z,2025-08-21T15:35:06Z,8f91c680-dc64-30a5-8a87-542eca4e51b2,CLOSED,CLOSED,CLOSED,0,0,0,2025-08-21T15:50:06Z,2025-08-21T15:50:06Z,2025-08-21T15:50:06Z,1,1
46ee9d82-b52c-856d-b452-87d9f3327df5,46ee9d82-b52c-856d-069b-5064ff052225,c588cbc1-4f15-3e55-a5fe-aa772d4c0ad0,26aab0cd-6aba-3e1b-ac5b-05c8867e762c,,20,20,162673000,,,,,,,,,46ee9d82-b52c-856d-800d-56b4bf4d3160,2018-06-04T18:07:09Z,2018-06-04T18:07:09Z,c588cbc1-4f15-3e55-a5fe-aa772d4c0ad0,CLOSED,CLOSED,CLOSED,0,0,0,2018-06-04T18:22:09Z,2018-06-04T18:22:09Z,2018-06-04T18:22:09Z,1,1
46ee9d82-b52c-856d-e97c-3f8e37ca1b83,46ee9d82-b52c-856d-069b-5064ff052225,c588cbc1-4f15-3e55-a5fe-aa772d4c0ad0,26aab0cd-6aba-3e1b-ac5b-05c8867e762c,,20,20,162673000,,,,,,,,,46ee9d82-b52c-856d-c257-ee5462f21181,2021-06-07T18:07:09Z,2021-06-07T18:07:09Z,c588cbc1-4f15-3e55-a5fe-aa772d4c0ad0,CLOSED,CLOSED,CLOSED,0,0,0,2021-06-07T18:22:09Z,2021-06-07T18:22:09Z,2021-06-07T18:22:09Z,1,1
46ee9d82-b52c-856d-9b2b-2a816fe0f8f1,46ee9d82-b52c-856d-069b-5064ff052225,c588cbc1-4f15-3e55-a5fe-aa772d4c0ad0,26aab0cd-6aba-3e1b-ac5b-05c8867e762c,,20,20,162673000,,,,,,,,,46ee9d82-b52c-856d-88e3-ffba985a939e,2024-06-10T18:07:09Z,2024-06-10T18:07:09Z,c588cbc1-4f15-3e55-a5fe-aa772d4c0ad0,CLOSED,CLOSED,CLOSED,0,0,0,2024-06-10T18:22:09Z,2024-06-10T18:22:09Z,2024-06-10T18:22:09Z,1,1
76b20010-c318-5754-7036-ec23442d2d3d,76b20010-c318-5754-8c85-983aa538522f,2d28eb11-aa78-3fd0-9e87-61f8212bc52b,d31fccc3-1767-390d-966a-22a5156f4219,,10,10,410620009,,,,,,,,,76b20010-c318-5754-57e2-651f596ddb8c,2017-12-31T13:49:24Z,2017-12-31T13:49:24Z,2d28eb11-aa78-3fd0-9e87-61f8212bc52b,CLOSED,CLOSED,CLOSED,0,0,0,2017-12-31T14:04:24Z,2017-12-31T14:04:24Z,2017-12-31T14:04:24Z,1,1
76b20010-c318-5754-0402-56bb638bdb7f,76b20010-c318-5754-8c85-983aa538522f,2d28eb11-aa78-3fd0-9e87-61f8212bc52b,d31fccc3-1767-390d-966a-22a5156f4219,,10,10,410620009,,,,,,,,,76b20010-c318-5754-0d73-2dc955c4adfa,2018-02-04T13:49:24Z,2018-02-04T13:49:24Z,2d28eb11-aa78-3fd0-9e87-61f8212bc52b,CLOSED,CLOSED,CLOSED,0,0,0,2018-02-04T14:04:24Z,2018-02-04T14:04:24Z,2018-02-04T14:04:24Z,1,1
76b20010-c318-5754-0a57-16ef5ef53f75,76b20010-c318-5754-8c85-983aa538522f,2d28eb11-aa78-3fd0-9e87-61f8212bc52b,d31fccc3-1767-390d-966a-22a5156f4219,,10,10,410620009,,,,,,,,,76b20010-c318-5754-407b-040722ec88a9,2018-04-08T13:49:24Z,2018-04-08T13:49:24Z,2d28eb11-aa78-3fd0-9e87-61f8212bc52b,CLOSED,CLOSED,CLOSED,0,0,0,2018-04-08T14:04:24Z,2018-04-08T14:04:24Z,2018-04-08T14:04:24Z,1,1
76b20010-c318-5754-4243-51b543bd08e1,76b20010-c318-5754-8c85-983aa538522f,2d28eb11-aa78-3fd0-9e87-61f8212bc52b,d31fccc3-1767-390d-966a-22a5156f4219,,10,10,410620009,,,,,,,,,76b20010-c318-5754-83f0-12f46b629e5e,2018-06-10T13:49:24Z,2018-06-10T13:49:24Z,2d28eb11-aa78-3fd0-9e87-61f8212bc52b,CLOSED,CLOSED,CLOSED,0,0,0,2018-06-10T14:04:24Z,2018-06-10T14:04:24Z,2018-06-10T14:04:24Z,1,1
76b20010-c318-5754-00a6-5cd68203fc50,76b20010-c318-5754-8c85-983aa538522f,2d28eb11-aa78-3fd0-9e87-61f8212bc52b,d31fccc3-1767-390d-966a-22a5156f4219,,10,10,410620009,,,,,,,,,76b20010-c318-5754-6f44-f0abb4745d35,2018-09-09T13:49:24Z,2018-09-09T13:49:24Z,2d28eb11-aa78-3fd0-9e87-61f8212bc52b,CLOSED,CLOSED,CLOSED,0,0,0,2018-09-09T14:04:24Z,2018-09-09T14:04:24Z,2018-09-09T14:04:24Z,1,1
76b20010-c318-5754-cea5-c26965b87dbf,76b20010-c318-5754-8c85-983aa538522f,2d28eb11-aa78-3fd0-9e87-61f8212bc52b,d31fccc3-1767-390d-966a-22a5156f4219,,10,10,410620009,,,,,,,,,76b20010-c318-5754-2a07-20411e6765cd,2018-12-09T13:49:24Z,2018-12-09T13:49:24Z,2d28eb11-aa78-3fd0-9e87-61f8212bc52b,CLOSED,CLOSED,CLOSED,0,0,0,2018-12-09T14:04:24Z,2018-12-09T14:04:24Z,2018-12-09T14:04:24Z,1,1
76b20010-c318-5754-81e9-a3f583367523,76b20010-c318-5754-8c85-983aa538522f,2d28eb11-aa78-3fd0-9e87-61f8212bc52b,d31fccc3-1767-390d-966a-22a5156f4219,,10,10,410620009,,,,,,,,,76b20010-c318-5754-2039-88b3e3537e81,2019-03-10T13:49:24Z,2019-03-10T13:49:24Z,2d28eb11-aa78-3fd0-9e87-61f8212bc52b,CLOSED,CLOSED,CLOSED,0,0,0,2019-03-10T14:04:24Z,2019-03-10T14:04:24Z,2019-03-10T14:04:24Z,1,1
76b20010-c318-5754-c610-2bef89825806,76b20010-c318-5754-8c85-983aa538522f,2d28eb11-aa78-3fd0-9e87-61f8212bc52b,d31fccc3-1767-390d-966a-22a5156f4219,,10,10,410620009,,,,,,,,,76b20010-c318-5754-36d0-6239b1350d85,2019-06-09T13:49:24Z,2019-06-09T13:49:24Z,2d28eb11-aa78-3fd0-9e87-61f8212bc52b,CLOSED,CLOSED,CLOSED,0,0,0,2019-06-09T14:04:24Z,2019-06-09T14:04:24Z,2019-06-09T14:04:24Z,1,1
76b20010-c318-5754-64bd-4f0b4677d0bf,76b20010-c318-5754-8c85-983aa538522f,2d28eb11-aa78-3fd0-9e87-61f8212bc52b,d31fccc3-1767-390d-966a-22a5156f4219,,10,10,410620009,,,,,,,,,76b20010-c318-5754-b5fa-89098f3dbd0e,2019-12-08T13:49:24Z,2019-12-08T13:49:24Z,2d28eb11-aa78-3fd0-9e87-61f8212bc52b,CLOSED,CLOSED,CLOSED,0,0,0,2019-12-08T14:04:24Z,2019-12-08T14:04:24Z,2019-12-08T14:04:24Z,1,1
76b20010-c318-5754-4a28-6369dd10eab0,76b20010-c318-5754-8c85-983aa538522f,2d28eb11-aa78-3fd0-9e87-61f8212bc52b,d31fccc3-1767-390d-966a-22a5156f4219,,10,10,410620009,,,,,,,,,76b20010-c318-5754-f44a-2ca0eca1ca28,2020-06-07T13:49:24Z,2020-06-07T13:49:24Z,2d28eb11-aa78-3fd0-9e87-61f8212bc52b,CLOSED,CLOSED,CLOSED,0,0,0,2020-06-07T14:04:24Z,2020-06-07T14:04:24Z,2020-06-07T14:04:24Z,1,1
76b20010-c318-5754-bdea-13f777af98b7,76b20010-c318-5754-8c85-983aa538522f,2d28eb11-aa78-3fd0-9e87-61f8212bc52b,d31fccc3-1767-390d-966a-22a5156f4219,,10,10,410620009,,,,,,,,,76b20010-c318-5754-e3dc-c60e0585aada,2020-12-06T13:49:24Z,2020-12-06T13:49:24Z,2d28eb11-aa78-3fd0-9e87-61f8212bc52b,CLOSED,CLOSED,CLOSED,0,0,0,2020-12-06T14:04:24Z,2020-12-06T14:04:24Z,2020-12-06T14:04:24Z,1,1
76b20010-c318-5754-b9ca-15b2d515a77b,76b20010-c318-5754-8c85-983aa538522f,2d28eb11-aa78-3fd0-9e87-61f8212bc52b,d31fccc3-1767-390d-966a-22a5156f4219,,10,10,410620009,,,,,,,,,76b20010-c318-5754-d838-07a4c9afe466,2021-06-06T13:49:24Z,2021-06-06T13:49:24Z,2d28eb11-aa78-3fd0-9e87-61f8212bc52b,CLOSED,CLOSED,CLOSED,0,0,0,2021-06-06T14:04:24Z,2021-06-06T14:04:24Z,2021-06-06T14:04:24Z,1,1
76b20010-c318-5754-94d8-bd95d76cce28,76b20010-c318-5754-8c85-983aa538522f,2d28eb11-aa78-3fd0-9e87-61f8212bc52b,d31fccc3-1767-390d-966a-22a5156f4219,,10,10,410620009,,,,,,,,,76b20010-c318-5754-4aac-5f28cc7e4abf,2021-12-05T13:49:24Z,2021-12-05T13:49:24Z,2d28eb11-aa78-3fd0-9e87-61f8212bc52b,CLOSED,CLOSED,CLOSED,0,0,0,2021-12-05T14:04:24Z,2021-12-05T14:04:24Z,2021-12-05T14:04:24Z,1,1
76b20010-c318-5754-e63e-06825c4a9a2a,76b20010-c318-5754-8c85-983aa538522f,2d28eb11-aa78-3fd0-9e87-61f8212bc52b,d31fccc3-1767-390d-966a-22a5156f4219,,10,10,410620009,,,,,,,,,76b20010-c318-5754-06af-0b679125df92,2022-12-11T13:49:24Z,2022-12-11T13:49:24Z,2d28eb11-aa78-3fd0-9e87-61f8212bc52b,CLOSED,CLOSED,CLOSED,0,0,0,2022-12-11T14:04:24Z,2022-12-11T14:04:24Z,2022-12-11T14:04:24Z,1,1
76b20010-c318-5754-1145-0144a562b913,76b20010-c318-5754-8c85-983aa538522f,2d28eb11-aa78-3fd0-9e87-61f8212bc52b,d31fccc3-1767-390d-966a-22a5156f4219,,10,10,410620009,,,,,,,,,76b20010-c318-5754-7c02-440a01b31883,2023-12-17T13:49:24Z,2023-12-17T13:49:24Z,2d28eb11-aa78-3fd0-9e87-61f8212bc52b,CLOSED,CLOSED,CLOSED,0,0,0,2023-12-17T14:04:24Z,2023-12-17T14:04:24Z,2023-12-17T14:04:24Z,1,1
76b20010-c318-5754-018b-c30314d2c1a8,76b20010-c318-5754-8c85-983aa538522f,2d28eb11-aa78-3fd0-9e87-61f8212bc52b,d31fccc3-1767-390d-966a-22a5156f4219,,10,10,410620009,,,,,,,,,76b20010-c318-5754-65f5-1e0952bb3d2a,2024-12-22T13:49:24Z,2024-12-22T13:49:24Z,2d28eb11-aa78-3fd0-9e87-61f8212bc52b,CLOSED,CLOSED,CLOSED,0,0,0,2024-12-22T14:04:24Z,2024-12-22T14:04:24Z,2024-12-22T14:04:24Z,1,1
76b20010-c318-5754-9a89-554b4f90c9cb,76b20010-c318-5754-8c85-983aa538522f,2d28eb11-aa78-3fd0-9e87-61f8212bc52b,d31fccc3-1767-390d-966a-22a5156f4219,,10,10,410620009,,,,,,,,,76b20010-c318-5754-98cd-03e2cf0d750f,2025-12-28T13:49:24Z,2025-12-28T13:49:24Z,2d28eb11-aa78-3fd0-9e87-61f8212bc52b,CLOSED,CLOSED,CLOSED,0,0,0,2025-12-28T14:04:24Z,2025-12-28T14:04:24Z,2025-12-28T14:04:24Z,1,1
eb5910f1-26e6-bc6f-79d0-41db2dd595d6,eb5910f1-26e6-bc6f-b300-716eae678d6f,66d75178-1286-3cb4-8b62-cc53988460f5,734afbd6-4794-363b-9bc0-6a3981533ed5,,20,20,162673000,,,,,,,,,eb5910f1-26e6-bc6f-8484-ff7040bb238d,2017-04-10T18:13:47Z,2017-04-10T18:13:47Z,66d75178-1286-3cb4-8b62-cc53988460f5,CLOSED,CLOSED,CLOSED,0,0,0,2017-04-10T18:28:47Z,2017-04-10T18:28:47Z,2017-04-10T18:28:47Z,1,1
eb5910f1-26e6-bc6f-683c-342d9001f81a,eb5910f1-26e6-bc6f-b300-716eae678d6f,66d75178-1286-3cb4-8b62-cc53988460f5,734afbd6-4794-363b-9bc0-6a3981533ed5,,20,20,162673000,,,,,,,,,eb5910f1-26e6-bc6f-9e90-3119a8810477,2020-04-13T18:13:47Z,2020-04-13T18:13:47Z,66d75178-1286-3cb4-8b62-cc53988460f5,CLOSED,CLOSED,CLOSED,0,0,0,2020-04-13T18:28:47Z,2020-04-13T18:28:47Z,2020-04-13T18:28:47Z,1,1
eb5910f1-26e6-bc6f-f598-b589d2e5291e,eb5910f1-26e6-bc6f-b300-716eae678d6f,8dde3c94-e83f-3627-a21f-aef578da9b85,734afbd6-4794-363b-9bc0-6a3981533ed5,,2,2,33879002,,,,,,,,,eb5910f1-26e6-bc6f-4188-cf7fe876e9a9,2021-06-07T18:13:47Z,2021-06-07T18:13:47Z,8dde3c94-e83f-3627-a21f-aef578da9b85,CLOSED,CLOSED,CLOSED,0,0,0,2021-06-07T18:28:47Z,2021-06-07T18:28:47Z,2021-06-07T18:28:47Z,2,2
eb5910f1-26e6-bc6f-306a-7a6baf409b07,eb5910f1-26e6-bc6f-b300-716eae678d6f,8dde3c94-e83f-3627-a21f-aef578da9b85,734afbd6-4794-363b-9bc0-6a3981533ed5,,2,2,33879002,,,,,,,,,eb5910f1-26e6-bc6f-802d-b2924b4afc36,2021-06-28T18:13:47Z,2021-06-28T18:13:47Z,8dde3c94-e83f-3627-a21f-aef578da9b85,CLOSED,CLOSED,CLOSED,0,0,0,2021-06-28T18:28:47Z,2021-06-28T18:28:47Z,2021-06-28T18:28:47Z,2,2
eb5910f1-26e6-bc6f-cc5f-ec6326f2d6fe,eb5910f1-26e6-bc6f-b300-716eae678d6f,66d75178-1286-3cb4-8b62-cc53988460f5,734afbd6-4794-363b-9bc0-6a3981533ed5,,20,20,162673000,,,,,,,,,eb5910f1-26e6-bc6f-07c1-27f48ad71f7c,2023-04-17T18:13:47Z,2023-04-17T18:13:47Z,66d75178-1286-3cb4-8b62-cc53988460f5,CLOSED,CLOSED,CLOSED,0,0,0,2023-04-17T18:28:47Z,2023-04-17T18:28:47Z,2023-04-17T18:28:47Z,1,1
eb5910f1-26e6-bc6f-545b-5db7700afe85,eb5910f1-26e6-bc6f-b300-716eae678d6f,66d75178-1286-3cb4-8b62-cc53988460f5,734afbd6-4794-363b-9bc0-6a3981533ed5,,20,20,162673000,,,,,,,,,eb5910f1-26e6-bc6f-2f1a-7070202ad206,2026-04-20T18:13:47Z,2026-04-20T18:13:47Z,66d75178-1286-3cb4-8b62-cc53988460f5,CLOSED,CLOSED,CLOSED,0,0,0,2026-04-20T18:28:47Z,2026-04-20T18:28:47Z,2026-04-20T18:28:47Z,1,1
aa616abe-1761-0c9a-e320-0d6ed40ad657,aa616abe-1761-0c9a-7959-07544679dafd,39a92e75-6ce4-3830-82ab-6970ee5915f2,,,20,20,59621000,,,,,,,,,aa616abe-1761-0c9a-ea84-19b79f9de31c,1980-10-31T09:47:04Z,1980-10-31T09:47:04Z,39a92e75-6ce4-3830-82ab-6970ee5915f2,CLOSED,CLOSED,CLOSED,0,0,0,1980-10-31T10:02:04Z,1980-10-31T10:02:04Z,1980-10-31T10:02:04Z,1,1
e74367bd-7385-97dc-655c-d88225bafaec,e74367bd-7385-97dc-2c7f-251b4cd9fe29,f4928cf5-37c7-3e70-b61e-f8c37c57a47e,df166300-5a78-3502-a46a-832842197811,,20,20,59621000,,,,,,,,,e74367bd-7385-97dc-f800-02a1557b991b,1991-09-20T07:43:28Z,1991-09-20T07:43:28Z,f4928cf5-37c7-3e70-b61e-f8c37c57a47e,CLOSED,CLOSED,CLOSED,0,0,0,1991-09-20T07:58:28Z,1991-09-20T07:58:28Z,1991-09-20T07:58:28Z,1,1
aa616abe-1761-0c9a-44cf-c725742a7884,aa616abe-1761-0c9a-7959-07544679dafd,39a92e75-6ce4-3830-82ab-6970ee5915f2,,,20,20,59621000,,,,,,,,,aa616abe-1761-0c9a-ea84-19b79f9de31c,1980-10-31T09:47:04Z,1980-10-31T09:47:04Z,39a92e75-6ce4-3830-82ab-6970ee5915f2,CLOSED,CLOSED,CLOSED,0,0,0,1980-10-31T10:02:04Z,1980-10-31T10:02:04Z,1980-10-31T10:02:04Z,1,1
aa616abe-1761-0c9a-aea4-d50fcda5bfbf,aa616abe-1761-0c9a-7959-07544679dafd,39a92e75-6ce4-3830-82ab-6970ee5915f2,26aab0cd-6aba-3e1b-ac5b-05c8867e762c,,20,20,162673000,,,,,,,,,aa616abe-1761-0c9a-efb7-aa5ba2c0e8c3,2017-05-26T09:47:04Z,2017-05-26T09:47:04Z,39a92e75-6ce4-3830-82ab-6970ee5915f2,CLOSED,CLOSED,CLOSED,0,0,0,2017-05-26T10:02:04Z,2017-05-26T10:02:04Z,2017-05-26T10:02:04Z,1,1
e74367bd-7385-97dc-0623-97a9d781516a,e74367bd-7385-97dc-2c7f-251b4cd9fe29,f4928cf5-37c7-3e70-b61e-f8c37c57a47e,df166300-5a78-3502-a46a-832842197811,,20,20,59621000,,,,,,,,,e74367bd-7385-97dc-f800-02a1557b991b,1991-09-20T07:43:28Z,1991-09-20T07:43:28Z,f4928cf5-37c7-3e70-b61e-f8c37c57a47e,CLOSED,CLOSED,CLOSED,0,0,0,1991-09-20T07:58:28Z,1991-09-20T07:58:28Z,1991-09-20T07:58:28Z,1,1
e74367bd-7385-97dc-27fe-9b0c80f7c89c,e74367bd-7385-97dc-2c7f-251b4cd9fe29,f4928cf5-37c7-3e70-b61e-f8c37c57a47e,df166300-5a78-3502-a46a-832842197811,,20,20,59621000,,,,,,,,,e74367bd-7385-97dc-f800-02a1557b991b,1991-09-20T07:43:28Z,1991-09-20T07:43:28Z,f4928cf5-37c7-3e70-b61e-f8c37c57a47e,CLOSED,CLOSED,CLOSED,0,0,0,1991-09-20T07:58:28Z,1991-09-20T07:58:28Z,1991-09-20T07:58:28Z,1,1
e74367bd-7385-97dc-d5c2-79251241e50f,e74367bd-7385-97dc-2c7f-251b4cd9fe29,1b9a0b1a-6b52-32d1-9fa7-33dfa9122ebc,df166300-5a78-3502-a46a-832842197811,,1,1,59621000,,,,,,,,,e74367bd-7385-97dc-2cb9-3c455a7b2634,1991-09-20T07:43:28Z,1991-10-20T07:43:28Z,1b9a0b1a-6b52-32d1-9fa7-33dfa9122ebc,CLOSED,CLOSED,CLOSED,0,0,0,1991-10-20T07:58:28Z,1991-10-20T07:58:28Z,1991-10-20T07:58:28Z,2,2
aa616abe-1761-0c9a-2b86-0f7d5aed5649,aa616abe-1761-0c9a-7959-07544679dafd,39a92e75-6ce4-3830-82ab-6970ee5915f2,26aab0cd-6aba-3e1b-ac5b-05c8867e762c,,20,20,162673000,,,,,,,,,aa616abe-1761-0c9a-8b51-af8b1c4c9eae,2018-06-01T09:47:04Z,2018-06-01T09:47:04Z,39a92e75-6ce4-3830-82ab-6970ee5915f2,CLOSED,CLOSED,CLOSED,0,0,0,2018-06-01T10:02:04Z,2018-06-01T10:02:04Z,2018-06-01T10:02:04Z,1,1
e74367bd-7385-97dc-900a-59ef8a3666c9,e74367bd-7385-97dc-2c7f-251b4cd9fe29,1b9a0b1a-6b52-32d1-9fa7-33dfa9122ebc,df166300-5a78-3502-a46a-832842197811,,1,1,59621000,,,,,,,,,e74367bd-7385-97dc-2cb9-3c455a7b2634,1991-09-20T07:43:28Z,1991-10-20T07:43:28Z,1b9a0b1a-6b52-32d1-9fa7-33dfa9122ebc,CLOSED,CLOSED,CLOSED,0,0,0,1991-10-20T07:58:28Z,1991-10-20T07:58:28Z,1991-10-20T07:58:28Z,2,2
e74367bd-7385-97dc-ba58-333bdf6e6e90,e74367bd-7385-97dc-2c7f-251b4cd9fe29,f4928cf5-37c7-3e70-b61e-f8c37c57a47e,df166300-5a78-3502-a46a-832842197811,,20,20,162673000,,,,,,,,,e74367bd-7385-97dc-f9f1-3bdf1bd54a74,2017-02-10T07:43:28Z,2017-02-10T07:43:28Z,f4928cf5-37c7-3e70-b61e-f8c37c57a47e,CLOSED,CLOSED,CLOSED,0,0,0,2017-02-10T07:58:28Z,2017-02-10T07:58:28Z,2017-02-10T07:58:28Z,1,1
aa616abe-1761-0c9a-704a-ff5cda60b9e9,aa616abe-1761-0c9a-7959-07544679dafd,39a92e75-6ce4-3830-82ab-6970ee5915f2,26aab0cd-6aba-3e1b-ac5b-05c8867e762c,,20,20,162673000,,,,,,,,,aa616abe-1761-0c9a-75aa-80fb13825f25,2019-06-07T09:47:04Z,2019-06-07T09:47:04Z,39a92e75-6ce4-3830-82ab-6970ee5915f2,CLOSED,CLOSED,CLOSED,0,0,0,2019-06-07T10:02:04Z,2019-06-07T10:02:04Z,2019-06-07T10:02:04Z,1,1
e74367bd-7385-97dc-f4cb-754153b6bdf3,e74367bd-7385-97dc-2c7f-251b4cd9fe29,f4928cf5-37c7-3e70-b61e-f8c37c57a47e,df166300-5a78-3502-a46a-832842197811,,20,20,162673000,,,,,,,,,e74367bd-7385-97dc-7e65-2bf8ee76aef9,2018-02-16T07:43:28Z,2018-02-16T07:43:28Z,f4928cf5-37c7-3e70-b61e-f8c37c57a47e,CLOSED,CLOSED,CLOSED,0,0,0,2018-02-16T07:58:28Z,2018-02-16T07:58:28Z,2018-02-16T07:58:28Z,1,1
e74367bd-7385-97dc-9b30-7620d0098fff,e74367bd-7385-97dc-2c7f-251b4cd9fe29,f4928cf5-37c7-3e70-b61e-f8c37c57a47e,df166300-5a78-3502-a46a-832842197811,,20,20,162673000,,,,,,,,,e74367bd-7385-97dc-29b6-381b437329e3,2019-02-22T07:43:28Z,2019-02-22T07:43:28Z,f4928cf5-37c7-3e70-b61e-f8c37c57a47e,CLOSED,CLOSED,CLOSED,0,0,0,2019-02-22T07:58:28Z,2019-02-22T07:58:28Z,2019-02-22T07:58:28Z,1,1
aa616abe-1761-0c9a-2065-243d6e249947,aa616abe-1761-0c9a-7959-07544679dafd,39a92e75-6ce4-3830-82ab-6970ee5915f2,26aab0cd-6aba-3e1b-ac5b-05c8867e762c,,20,20,162673000,,,,,,,,,aa616abe-1761-0c9a-f198-066a150f0f36,2020-06-12T09:47:04Z,2020-06-12T09:47:04Z,39a92e75-6ce4-3830-82ab-6970ee5915f2,CLOSED,CLOSED,CLOSED,0,0,0,2020-06-12T10:02:04Z,2020-06-12T10:02:04Z,2020-06-12T10:02:04Z,1,1
e74367bd-7385-97dc-0fe2-0d524e145cc8,e74367bd-7385-97dc-2c7f-251b4cd9fe29,f4928cf5-37c7-3e70-b61e-f8c37c57a47e,df166300-5a78-3502-a46a-832842197811,,20,20,162673000,,,,,,,,,e74367bd-7385-97dc-c89e-3ab38147f4cb,2020-02-28T07:43:28Z,2020-02-28T07:43:28Z,f4928cf5-37c7-3e70-b61e-f8c37c57a47e,CLOSED,CLOSED,CLOSED,0,0,0,2020-02-28T07:58:28Z,2020-02-28T07:58:28Z,2020-02-28T07:58:28Z,1,1
aa616abe-1761-0c9a-2784-112d14daddfd,aa616abe-1761-0c9a-7959-07544679dafd,a17685f4-998c-3556-896d-2b0bfb13e7e7,26aab0cd-6aba-3e1b-ac5b-05c8867e762c,,2,2,33879002,,,,,,,,,aa616abe-1761-0c9a-cc12-5d655817653e,2021-04-02T09:47:04Z,2021-04-02T09:47:04Z,a17685f4-998c-3556-896d-2b0bfb13e7e7,CLOSED,CLOSED,CLOSED,0,0,0,2021-04-02T10:02:04Z,2021-04-02T10:02:04Z,2021-04-02T10:02:04Z,2,2
e74367bd-7385-97dc-9a09-9ede1b2111e5,e74367bd-7385-97dc-2c7f-251b4cd9fe29,f4928cf5-37c7-3e70-b61e-f8c37c57a47e,df166300-5a78-3502-a46a-832842197811,,20,20,162673000,,,,,,,,,e74367bd-7385-97dc-9f84-6d03418219a0,2021-03-05T07:43:28Z,2021-03-05T07:43:28Z,f4928cf5-37c7-3e70-b61e-f8c37c57a47e,CLOSED,CLOSED,CLOSED,0,0,0,2021-03-05T07:58:28Z,2021-03-05T07:58:28Z,2021-03-05T07:58:28Z,1,1
aa616abe-1761-0c9a-e201-f54076850a47,aa616abe-1761-0c9a-7959-07544679dafd,a17685f4-998c-3556-896d-2b0bfb13e7e7,26aab0cd-6aba-3e1b-ac5b-05c8867e762c,,2,2,33879002,,,,,,,,,aa616abe-1761-0c9a-2f21-ab061bf0b0b0,2021-04-30T09:47:04Z,2021-04-30T09:47:04Z,a17685f4-998c-3556-896d-2b0bfb13e7e7,CLOSED,CLOSED,CLOSED,0,0,0,2021-04-30T10:02:04Z,2021-04-30T10:02:04Z,2021-04-30T10:02:04Z,2,2
e74367bd-7385-97dc-d9a8-8289d29ac7b6,e74367bd-7385-97dc-2c7f-251b4cd9fe29,1b9a0b1a-6b52-32d1-9fa7-33dfa9122ebc,df166300-5a78-3502-a46a-832842197811,,2,2,33879002,,,,,,,,,e74367bd-7385-97dc-19d6-250737667db4,2021-03-19T07:43:28Z,2021-03-19T07:43:28Z,1b9a0b1a-6b52-32d1-9fa7-33dfa9122ebc,CLOSED,CLOSED,CLOSED,0,0,0,2021-03-19T07:58:28Z,2021-03-19T07:58:28Z,2021-03-19T07:58:28Z,2,2
aa616abe-1761-0c9a-3d90-486549271cb0,aa616abe-1761-0c9a-7959-07544679dafd,39a92e75-6ce4-3830-82ab-6970ee5915f2,26aab0cd-6aba-3e1b-ac5b-05c8867e762c,,20,20,162673000,,,,,,,,,aa616abe-1761-0c9a-1c42-40d5a73fc5c1,2021-06-18T09:47:04Z,2021-06-18T09:47:04Z,39a92e75-6ce4-3830-82ab-6970ee5915f2,CLOSED,CLOSED,CLOSED,0,0,0,2021-06-18T10:02:04Z,2021-06-18T10:02:04Z,2021-06-18T10:02:04Z,1,1
aa616abe-1761-0c9a-c616-4f305f387533,aa616abe-1761-0c9a-7959-07544679dafd,39a92e75-6ce4-3830-82ab-6970ee5915f2,26aab0cd-6aba-3e1b-ac5b-05c8867e762c,,20,20,162673000,,,,,,,,,aa616abe-1761-0c9a-3e1c-82b615c0241b,2022-06-24T09:47:04Z,2022-06-24T09:47:04Z,39a92e75-6ce4-3830-82ab-6970ee5915f2,CLOSED,CLOSED,CLOSED,0,0,0,2022-06-24T10:02:04Z,2022-06-24T10:02:04Z,2022-06-24T10:02:04Z,1,1
e74367bd-7385-97dc-7158-b0b5db1faefb,e74367bd-7385-97dc-2c7f-251b4cd9fe29,1b9a0b1a-6b52-32d1-9fa7-33dfa9122ebc,df166300-5a78-3502-a46a-832842197811,,2,2,33879002,,,,,,,,,e74367bd-7385-97dc-574e-02f4bae073e0,2021-04-09T07:43:28Z,2021-04-09T07:43:28Z,1b9a0b1a-6b52-32d1-9fa7-33dfa9122ebc,CLOSED,CLOSED,CLOSED,0,0,0,2021-04-09T07:58:28Z,2021-04-09T07:58:28Z,2021-04-09T07:58:28Z,2,2
aa616abe-1761-0c9a-6a9e-317d44c7d5aa,aa616abe-1761-0c9a-7959-07544679dafd,39a92e75-6ce4-3830-82ab-6970ee5915f2,26aab0cd-6aba-3e1b-ac5b-05c8867e762c,,20,20,162673000,,,,,,,,,aa616abe-1761-0c9a-86ad-233bc0d6564f,2023-06-30T09:47:04Z,2023-06-30T09:47:04Z,39a92e75-6ce4-3830-82ab-6970ee5915f2,CLOSED,CLOSED,CLOSED,0,0,0,2023-06-30T10:02:04Z,2023-06-30T10:02:04Z,2023-06-30T10:02:04Z,1,1
aa616abe-1761-0c9a-bd7e-92fa0b3bf3e6,aa616abe-1761-0c9a-7959-07544679dafd,39a92e75-6ce4-3830-82ab-6970ee5915f2,a735bf55-83e9-331a-899d-a82a60b9f60c,b046940f-1664-3047-bca7-dfa76be352a4,20,20,162673000,,,,,,,,,aa616abe-1761-0c9a-4fa3-87029c9c8c31,2024-07-05T09:47:04Z,2024-07-05T09:47:04Z,39a92e75-6ce4-3830-82ab-6970ee5915f2,CLOSED,,CLOSED,0,,0,2024-07-05T10:02:04Z,,2024-07-05T10:02:04Z,1,0
aa616abe-1761-0c9a-3850-a41f0132f290,aa616abe-1761-0c9a-7959-07544679dafd,39a92e75-6ce4-3830-82ab-6970ee5915f2,a735bf55-83e9-331a-899d-a82a60b9f60c,b046940f-1664-3047-bca7-dfa76be352a4,20,20,162673000,,,,,,,,,aa616abe-1761-0c9a-6589-4ffdb440cb21,2025-07-11T09:47:04Z,2025-07-11T09:47:04Z,39a92e75-6ce4-3830-82ab-6970ee5915f2,CLOSED,,CLOSED,0,,0,2025-07-11T10:02:04Z,,2025-07-11T10:02:04Z,1,0
e74367bd-7385-97dc-3785-cf5a8192544c,e74367bd-7385-97dc-2c7f-251b4cd9fe29,f4928cf5-37c7-3e70-b61e-f8c37c57a47e,df166300-5a78-3502-a46a-832842197811,,20,20,162673000,,,,,,,,,e74367bd-7385-97dc-5400-f7179f772d7e,2022-03-11T07:43:28Z,2022-03-11T07:43:28Z,f4928cf5-37c7-3e70-b61e-f8c37c57a47e,CLOSED,CLOSED,CLOSED,0,0,0,2022-03-11T07:58:28Z,2022-03-11T07:58:28Z,2022-03-11T07:58:28Z,1,1
2d68ad16-268a-478c-8092-09cea5733443,2d68ad16-268a-478c-1f84-d0f1976e1a46,0b3c3f0b-2e5c-39c9-b95d-b2fe3c1c5242,26aab0cd-6aba-3e1b-ac5b-05c8867e762c,,10,10,410620009,,,,,,,,,2d68ad16-268a-478c-73b1-09735410738b,2019-12-05T20:22:54Z,2019-12-05T20:22:54Z,0b3c3f0b-2e5c-39c9-b95d-b2fe3c1c5242,CLOSED,CLOSED,CLOSED,0,0,0,2019-12-05T20:37:54Z,2019-12-05T20:37:54Z,2019-12-05T20:37:54Z,1,1
e74367bd-7385-97dc-a6d9-3230cb21cf80,e74367bd-7385-97dc-2c7f-251b4cd9fe29,f4928cf5-37c7-3e70-b61e-f8c37c57a47e,df166300-5a78-3502-a46a-832842197811,,20,20,162673000,,,,,,,,,e74367bd-7385-97dc-6e14-8c30cedad214,2023-03-17T07:43:28Z,2023-03-17T07:43:28Z,f4928cf5-37c7-3e70-b61e-f8c37c57a47e,CLOSED,CLOSED,CLOSED,0,0,0,2023-03-17T07:58:28Z,2023-03-17T07:58:28Z,2023-03-17T07:58:28Z,1,1
2d68ad16-268a-478c-2281-82c3e6eb4ea3,2d68ad16-268a-478c-1f84-d0f1976e1a46,0b3c3f0b-2e5c-39c9-b95d-b2fe3c1c5242,26aab0cd-6aba-3e1b-ac5b-05c8867e762c,,10,10,410620009,,,,,,,,,2d68ad16-268a-478c-c6a4-4bd1b87d2aed,2020-01-09T20:22:54Z,2020-01-09T20:22:54Z,0b3c3f0b-2e5c-39c9-b95d-b2fe3c1c5242,CLOSED,CLOSED,CLOSED,0,0,0,2020-01-09T20:37:54Z,2020-01-09T20:37:54Z,2020-01-09T20:37:54Z,1,1
2d68ad16-268a-478c-5d64-40aa0b1fade4,2d68ad16-268a-478c-1f84-d0f1976e1a46,0b3c3f0b-2e5c-39c9-b95d-b2fe3c1c5242,26aab0cd-6aba-3e1b-ac5b-05c8867e762c,,10,10,410620009,,,,,,,,,2d68ad16-268a-478c-fa99-cefe5c4b661b,2020-03-12T20:22:54Z,2020-03-12T20:22:54Z,0b3c3f0b-2e5c-39c9-b95d-b2fe3c1c5242,CLOSED,CLOSED,CLOSED,0,0,0,2020-03-12T20:37:54Z,2020-03-12T20:37:54Z,2020-03-12T20:37:54Z,1,1
e74367bd-7385-97dc-3570-e99ec4274202,e74367bd-7385-97dc-2c7f-251b4cd9fe29,f4928cf5-37c7-3e70-b61e-f8c37c57a47e,df166300-5a78-3502-a46a-832842197811,,20,20,162673000,,,,,,,,,e74367bd-7385-97dc-8892-03047ceb252f,2024-03-22T07:43:28Z,2024-03-22T07:43:28Z,f4928cf5-37c7-3e70-b61e-f8c37c57a47e,CLOSED,CLOSED,CLOSED,0,0,0,2024-03-22T07:58:28Z,2024-03-22T07:58:28Z,2024-03-22T07:58:28Z,1,1
e74367bd-7385-97dc-0418-1b0b8bad38e3,e74367bd-7385-97dc-2c7f-251b4cd9fe29,f4928cf5-37c7-3e70-b61e-f8c37c57a47e,df166300-5a78-3502-a46a-832842197811,,20,20,162673000,,,,,,,,,e74367bd-7385-97dc-cf85-7da9451d08b4,2025-03-28T07:43:28Z,2025-03-28T07:43:28Z,f4928cf5-37c7-3e70-b61e-f8c37c57a47e,CLOSED,CLOSED,CLOSED,0,0,0,2025-03-28T07:58:28Z,2025-03-28T07:58:28Z,2025-03-28T07:58:28Z,1,1
e74367bd-7385-97dc-b504-fa689cbf2b8b,e74367bd-7385-97dc-2c7f-251b4cd9fe29,f4928cf5-37c7-3e70-b61e-f8c37c57a47e,d18ef2e6-ef40-324c-be54-34a5ee865625,,20,20,162673000,,,,,,,,,e74367bd-7385-97dc-b6b9-8d970d9a0768,2026-04-03T07:43:28Z,2026-04-03T07:43:28Z,f4928cf5-37c7-3e70-b61e-f8c37c57a47e,CLOSED,CLOSED,CLOSED,0,0,0,2026-04-03T07:58:28Z,2026-04-03T07:58:28Z,2026-04-03T07:58:28Z,1,1
2d68ad16-268a-478c-3bc6-df3bb253ed03,2d68ad16-268a-478c-1f84-d0f1976e1a46,0b3c3f0b-2e5c-39c9-b95d-b2fe3c1c5242,26aab0cd-6aba-3e1b-ac5b-05c8867e762c,,10,10,410620009,,,,,,,,,2d68ad16-268a-478c-11cf-d01a6a013154,2020-05-14T20:22:54Z,2020-05-14T20:22:54Z,0b3c3f0b-2e5c-39c9-b95d-b2fe3c1c5242,CLOSED,CLOSED,CLOSED,0,0,0,2020-05-14T20:37:54Z,2020-05-14T20:37:54Z,2020-05-14T20:37:54Z,1,1
2d68ad16-268a-478c-ba1b-35bac2d0e600,2d68ad16-268a-478c-1f84-d0f1976e1a46,0b3c3f0b-2e5c-39c9-b95d-b2fe3c1c5242,26aab0cd-6aba-3e1b-ac5b-05c8867e762c,,10,10,410620009,,,,,,,,,2d68ad16-268a-478c-8f58-8e776feed058,2020-08-13T20:22:54Z,2020-08-13T20:22:54Z,0b3c3f0b-2e5c-39c9-b95d-b2fe3c1c5242,CLOSED,CLOSED,CLOSED,0,0,0,2020-08-13T20:37:54Z,2020-08-13T20:37:54Z,2020-08-13T20:37:54Z,1,1
2d68ad16-268a-478c-2415-08b08b795754,2d68ad16-268a-478c-1f84-d0f1976e1a46,0b3c3f0b-2e5c-39c9-b95d-b2fe3c1c5242,26aab0cd-6aba-3e1b-ac5b-05c8867e762c,,10,10,410620009,,,,,,,,,2d68ad16-268a-478c-1204-3334657b3484,2020-11-12T20:22:54Z,2020-11-12T20:22:54Z,0b3c3f0b-2e5c-39c9-b95d-b2fe3c1c5242,CLOSED,CLOSED,CLOSED,0,0,0,2020-11-12T20:37:54Z,2020-11-12T20:37:54Z,2020-11-12T20:37:54Z,1,1
2d68ad16-268a-478c-87bb-3eebb0a0724a,2d68ad16-268a-478c-1f84-d0f1976e1a46,0b3c3f0b-2e5c-39c9-b95d-b2fe3c1c5242,26aab0cd-6aba-3e1b-ac5b-05c8867e762c,,10,10,410620009,,,,,,,,,2d68ad16-268a-478c-6a91-a839e0952a1e,2021-02-11T20:22:54Z,2021-02-11T20:22:54Z,0b3c3f0b-2e5c-39c9-b95d-b2fe3c1c5242,CLOSED,CLOSED,CLOSED,0,0,0,2021-02-11T20:37:54Z,2021-02-11T20:37:54Z,2021-02-11T20:37:54Z,1,1
2d68ad16-268a-478c-70c2-c40aab852a91,2d68ad16-268a-478c-1f84-d0f1976e1a46,0b3c3f0b-2e5c-39c9-b95d-b2fe3c1c5242,26aab0cd-6aba-3e1b-ac5b-05c8867e762c,,10,10,410620009,,,,,,,,,2d68ad16-268a-478c-418f-ddbc56bdb79a,2021-05-13T20:22:54Z,2021-05-13T20:22:54Z,0b3c3f0b-2e5c-39c9-b95d-b2fe3c1c5242,CLOSED,CLOSED,CLOSED,0,0,0,2021-05-13T20:37:54Z,2021-05-13T20:37:54Z,2021-05-13T20:37:54Z,1,1
2d68ad16-268a-478c-4ee1-ce8d1ea27b93,2d68ad16-268a-478c-1f84-d0f1976e1a46,0b3c3f0b-2e5c-39c9-b95d-b2fe3c1c5242,26aab0cd-6aba-3e1b-ac5b-05c8867e762c,,10,10,410620009,,,,,,,,,2d68ad16-268a-478c-94e0-6692c2b2536e,2021-11-11T20:22:54Z,2021-11-11T20:22:54Z,0b3c3f0b-2e5c-39c9-b95d-b2fe3c1c5242,CLOSED,CLOSED,CLOSED,0,0,0,2021-11-11T20:37:54Z,2021-11-11T20:37:54Z,2021-11-11T20:37:54Z,1,1
2d68ad16-268a-478c-841d-82900220f8ab,2d68ad16-268a-478c-1f84-d0f1976e1a46,0b3c3f0b-2e5c-39c9-b95d-b2fe3c1c5242,26aab0cd-6aba-3e1b-ac5b-05c8867e762c,,10,10,410620009,,,,,,,,,2d68ad16-268a-478c-63e9-04f09a3e4bde,2022-05-12T20:22:54Z,2022-05-12T20:22:54Z,0b3c3f0b-2e5c-39c9-b95d-b2fe3c1c5242,CLOSED,CLOSED,CLOSED,0,0,0,2022-05-12T20:37:54Z,2022-05-12T20:37:54Z,2022-05-12T20:37:54Z,1,1
2d68ad16-268a-478c-9984-9f1f7fb0e12b,2d68ad16-268a-478c-1f84-d0f1976e1a46,0b3c3f0b-2e5c-39c9-b95d-b2fe3c1c5242,26aab0cd-6aba-3e1b-ac5b-05c8867e762c,,10,10,410620009,,,,,,,,,2d68ad16-268a-478c-7431-bffb19e2bf9c,2022-11-10T20:22:54Z,2022-11-10T20:22:54Z,0b3c3f0b-2e5c-39c9-b95d-b2fe3c1c5242,CLOSED,CLOSED,CLOSED,0,0,0,2022-11-10T20:37:54Z,2022-11-10T20:37:54Z,2022-11-10T20:37:54Z,1,1
2d68ad16-268a-478c-606e-cda991137489,2d68ad16-268a-478c-1f84-d0f1976e1a46,0b3c3f0b-2e5c-39c9-b95d-b2fe3c1c5242,26aab0cd-6aba-3e1b-ac5b-05c8867e762c,,10,10,410620009,,,,,,,,,2d68ad16-268a-478c-b700-19c532f90d90,2023-05-11T20:22:54Z,2023-05-11T20:22:54Z,0b3c3f0b-2e5c-39c9-b95d-b2fe3c1c5242,CLOSED,CLOSED,CLOSED,0,0,0,2023-05-11T20:37:54Z,2023-05-11T20:37:54Z,2023-05-11T20:37:54Z,1,1
2d68ad16-268a-478c-2fd1-0796c1284d8a,2d68ad16-268a-478c-1f84-d0f1976e1a46,0b3c3f0b-2e5c-39c9-b95d-b2fe3c1c5242,26aab0cd-6aba-3e1b-ac5b-05c8867e762c,,10,10,410620009,,,,,,,,,2d68ad16-268a-478c-de47-8026ef567f29,2023-11-09T20:22:54Z,2023-11-09T20:22:54Z,0b3c3f0b-2e5c-39c9-b95d-b2fe3c1c5242,CLOSED,CLOSED,CLOSED,0,0,0,2023-11-09T20:37:54Z,2023-11-09T20:37:54Z,2023-11-09T20:37:54Z,1,1
2d68ad16-268a-478c-17d3-143b0f9ca1cd,2d68ad16-268a-478c-1f84-d0f1976e1a46,0b3c3f0b-2e5c-39c9-b95d-b2fe3c1c5242,26aab0cd-6aba-3e1b-ac5b-05c8867e762c,,10,10,410620009,,,,,,,,,2d68ad16-268a-478c-8804-52791546cd75,2024-11-14T20:22:54Z,2024-11-14T20:22:54Z,0b3c3f0b-2e5c-39c9-b95d-b2fe3c1c5242,CLOSED,CLOSED,CLOSED,0,0,0,2024-11-14T20:37:54Z,2024-11-14T20:37:54Z,2024-11-14T20:37:54Z,1,1
2d68ad16-268a-478c-22bf-958cdca34e6b,2d68ad16-268a-478c-1f84-d0f1976e1a46,0b3c3f0b-2e5c-39c9-b95d-b2fe3c1c5242,26aab0cd-6aba-3e1b-ac5b-05c8867e762c,,10,10,410620009,,,,,,,,,2d68ad16-268a-478c-cad0-2a458a438504,2025-11-20T20:22:54Z,2025-11-20T20:22:54Z,0b3c3f0b-2e5c-39c9-b95d-b2fe3c1c5242,CLOSED,CLOSED,CLOSED,0,0,0,2025-11-20T20:37:54Z,2025-11-20T20:37:54Z,2025-11-20T20:37:54Z,1,1
6fbddf55-7096-b883-e3e2-25fbeb2b1e7a,6fbddf55-7096-b883-7cd3-260f27953080,baef04e4-62e0-3d59-aa19-8f32d0146674,df166300-5a78-3502-a46a-832842197811,,20,20,162673000,,,,,,,,,6fbddf55-7096-b883-a275-7e8305e2ad20,2018-07-03T07:32:27Z,2018-07-03T07:32:27Z,baef04e4-62e0-3d59-aa19-8f32d0146674,CLOSED,CLOSED,CLOSED,0,0,0,2018-07-03T07:47:27Z,2018-07-03T07:47:27Z,2018-07-03T07:47:27Z,1,1
6fbddf55-7096-b883-a697-1a13c8261520,6fbddf55-7096-b883-7cd3-260f27953080,c8147d1d-5c4a-3639-bfad-155f34eb99f3,df166300-5a78-3502-a46a-832842197811,,2,2,33879002,,,,,,,,,6fbddf55-7096-b883-01c5-2630782c74c8,2020-12-22T07:32:27Z,2020-12-22T07:32:27Z,c8147d1d-5c4a-3639-bfad-155f34eb99f3,CLOSED,CLOSED,CLOSED,0,0,0,2020-12-22T07:47:27Z,2020-12-22T07:47:27Z,2020-12-22T07:47:27Z,2,2
6fbddf55-7096-b883-dc4f-1e0b5c6f95c4,6fbddf55-7096-b883-7cd3-260f27953080,c8147d1d-5c4a-3639-bfad-155f34eb99f3,df166300-5a78-3502-a46a-832842197811,,2,2,33879002,,,,,,,,,6fbddf55-7096-b883-13f4-f92dac74f2f8,2021-01-19T07:32:27Z,2021-01-19T07:32:27Z,c8147d1d-5c4a-3639-bfad-155f34eb99f3,CLOSED,CLOSED,CLOSED,0,0,0,2021-01-19T07:47:27Z,2021-01-19T07:47:27Z,2021-01-19T07:47:27Z,2,2
6fbddf55-7096-b883-125d-07d6dec63566,6fbddf55-7096-b883-7cd3-260f27953080,baef04e4-62e0-3d59-aa19-8f32d0146674,df166300-5a78-3502-a46a-832842197811,,20,20,162673000,,,,,,,,,6fbddf55-7096-b883-a165-bb53d99bdd3c,2021-04-20T07:32:27Z,2021-04-20T07:32:27Z,baef04e4-62e0-3d59-aa19-8f32d0146674,CLOSED,CLOSED,CLOSED,0,0,0,2021-04-20T07:47:27Z,2021-04-20T07:47:27Z,2021-04-20T07:47:27Z,1,1
6fbddf55-7096-b883-afc2-5227ef150975,6fbddf55-7096-b883-7cd3-260f27953080,baef04e4-62e0-3d59-aa19-8f32d0146674,df166300-5a78-3502-a46a-832842197811,,20,20,162673000,,,,,,,,,6fbddf55-7096-b883-c2ca-6d37c4fc6403,2023-04-25T07:32:27Z,2023-04-25T07:32:27Z,baef04e4-62e0-3d59-aa19-8f32d0146674,CLOSED,CLOSED,CLOSED,0,0,0,2023-04-25T07:47:27Z,2023-04-25T07:47:27Z,2023-04-25T07:47:27Z,1,1
6fbddf55-7096-b883-b164-0b37dd4e1a7e,6fbddf55-7096-b883-7cd3-260f27953080,baef04e4-62e0-3d59-aa19-8f32d0146674,df166300-5a78-3502-a46a-832842197811,,20,20,162673000,,,,,,,,,6fbddf55-7096-b883-7d7b-e1cac1c16176,2025-04-29T07:32:27Z,2025-04-29T07:32:27Z,baef04e4-62e0-3d59-aa19-8f32d0146674,CLOSED,CLOSED,CLOSED,0,0,0,2025-04-29T07:47:27Z,2025-04-29T07:47:27Z,2025-04-29T07:47:27Z,1,1
d3727ff2-5d7b-347f-c654-937d1eb9aa49,d3727ff2-5d7b-347f-d78c-edc4323cf890,f8c3fa99-c600-3633-96d3-71ca8402f6e1,,,10,10,410620009,,,,,,,,,d3727ff2-5d7b-347f-cde7-503a4b9cd19f,2017-03-29T23:23:15Z,2017-03-29T23:23:15Z,f8c3fa99-c600-3633-96d3-71ca8402f6e1,CLOSED,CLOSED,CLOSED,0,0,0,2017-03-29T23:38:15Z,2017-03-29T23:38:15Z,2017-03-29T23:38:15Z,1,1
d3727ff2-5d7b-347f-dab1-dbf712bb089d,d3727ff2-5d7b-347f-d78c-edc4323cf890,f8c3fa99-c600-3633-96d3-71ca8402f6e1,,,10,10,410620009,,,,,,,,,d3727ff2-5d7b-347f-ae69-27a026cc62c6,2018-04-04T23:23:15Z,2018-04-04T23:23:15Z,f8c3fa99-c600-3633-96d3-71ca8402f6e1,CLOSED,CLOSED,CLOSED,0,0,0,2018-04-04T23:38:15Z,2018-04-04T23:38:15Z,2018-04-04T23:38:15Z,1,1
d3727ff2-5d7b-347f-ab6c-25a2d0a123fc,d3727ff2-5d7b-347f-d78c-edc4323cf890,f8c3fa99-c600-3633-96d3-71ca8402f6e1,,,10,10,410620009,,,,,,,,,d3727ff2-5d7b-347f-52d0-bfbc0231a4b9,2019-04-10T23:23:15Z,2019-04-10T23:23:15Z,f8c3fa99-c600-3633-96d3-71ca8402f6e1,CLOSED,CLOSED,CLOSED,0,0,0,2019-04-10T23:38:15Z,2019-04-10T23:38:15Z,2019-04-10T23:38:15Z,1,1
d3727ff2-5d7b-347f-123c-0cacf07cac33,d3727ff2-5d7b-347f-d78c-edc4323cf890,f8c3fa99-c600-3633-96d3-71ca8402f6e1,,,10,10,410620009,,,,,,,,,d3727ff2-5d7b-347f-0ba8-9ac348c0375c,2020-04-15T23:23:15Z,2020-04-15T23:23:15Z,f8c3fa99-c600-3633-96d3-71ca8402f6e1,CLOSED,CLOSED,CLOSED,0,0,0,2020-04-15T23:38:15Z,2020-04-15T23:38:15Z,2020-04-15T23:38:15Z,1,1
d3727ff2-5d7b-347f-a4e4-7e5d258b616e,d3727ff2-5d7b-347f-d78c-edc4323cf890,f8c3fa99-c600-3633-96d3-71ca8402f6e1,,,10,10,410620009,,,,,,,,,d3727ff2-5d7b-347f-1bad-2523e5a1f317,2021-04-21T23:23:15Z,2021-04-21T23:23:15Z,f8c3fa99-c600-3633-96d3-71ca8402f6e1,CLOSED,CLOSED,CLOSED,0,0,0,2021-04-21T23:38:15Z,2021-04-21T23:38:15Z,2021-04-21T23:38:15Z,1,1
d3727ff2-5d7b-347f-f31c-97a0d5a242f8,d3727ff2-5d7b-347f-d78c-edc4323cf890,073d79b9-e5d4-3462-ac70-329b69b48e50,,,2,2,33879002,,,,,,,,,d3727ff2-5d7b-347f-e3f3-653ca036f8a0,2021-08-18T23:23:15Z,2021-08-18T23:23:15Z,073d79b9-e5d4-3462-ac70-329b69b48e50,CLOSED,CLOSED,CLOSED,0,0,0,2021-08-18T23:38:15Z,2021-08-18T23:38:15Z,2021-08-18T23:38:15Z,2,2
d3727ff2-5d7b-347f-8ee4-7d891fafda6b,d3727ff2-5d7b-347f-d78c-edc4323cf890,073d79b9-e5d4-3462-ac70-329b69b48e50,,,2,2,33879002,,,,,,,,,d3727ff2-5d7b-347f-106b-65fe8ae4c11b,2021-09-15T23:23:15Z,2021-09-15T23:23:15Z,073d79b9-e5d4-3462-ac70-329b69b48e50,CLOSED,CLOSED,CLOSED,0,0,0,2021-09-15T23:38:15Z,2021-09-15T23:38:15Z,2021-09-15T23:38:15Z,2,2
d3727ff2-5d7b-347f-b1b5-f9122a850e8d,d3727ff2-5d7b-347f-d78c-edc4323cf890,f8c3fa99-c600-3633-96d3-71ca8402f6e1,,,10,10,410620009,,,,,,,,,d3727ff2-5d7b-347f-f57b-cbd467fae658,2022-04-27T23:23:15Z,2022-04-27T23:23:15Z,f8c3fa99-c600-3633-96d3-71ca8402f6e1,CLOSED,CLOSED,CLOSED,0,0,0,2022-04-27T23:38:15Z,2022-04-27T23:38:15Z,2022-04-27T23:38:15Z,1,1
d3727ff2-5d7b-347f-547f-d7e2577a6a82,d3727ff2-5d7b-347f-d78c-edc4323cf890,f8c3fa99-c600-3633-96d3-71ca8402f6e1,,,10,10,410620009,,,,,,,,,d3727ff2-5d7b-347f-81fa-96398167b00a,2023-05-03T23:23:15Z,2023-05-03T23:23:15Z,f8c3fa99-c600-3633-96d3-71ca8402f6e1,CLOSED,CLOSED,CLOSED,0,0,0,2023-05-03T23:38:15Z,2023-05-03T23:38:15Z,2023-05-03T23:38:15Z,1,1
d3727ff2-5d7b-347f-2a21-bdc709261c51,d3727ff2-5d7b-347f-d78c-edc4323cf890,f8c3fa99-c600-3633-96d3-71ca8402f6e1,,,10,10,410620009,,,,,,,,,d3727ff2-5d7b-347f-6798-520c1363905b,2024-05-08T23:23:15Z,2024-05-08T23:23:15Z,f8c3fa99-c600-3633-96d3-71ca8402f6e1,CLOSED,CLOSED,CLOSED,0,0,0,2024-05-08T23:38:15Z,2024-05-08T23:38:15Z,2024-05-08T23:38:15Z,1,1
d3727ff2-5d7b-347f-b699-607a2b87e772,d3727ff2-5d7b-347f-d78c-edc4323cf890,f8c3fa99-c600-3633-96d3-71ca8402f6e1,,,10,10,410620009,,,,,,,,,d3727ff2-5d7b-347f-397f-0e009d6a15bd,2025-05-14T23:23:15Z,2025-05-14T23:23:15Z,f8c3fa99-c600-3633-96d3-71ca8402f6e1,CLOSED,CLOSED,CLOSED,0,0,0,2025-05-14T23:38:15Z,2025-05-14T23:38:15Z,2025-05-14T23:38:15Z,1,1
d3727ff2-5d7b-347f-e05d-b89ff4590c1a,d3727ff2-5d7b-347f-d78c-edc4323cf890,f8c3fa99-c600-3633-96d3-71ca8402f6e1,,,10,10,410620009,,,,,,,,,d3727ff2-5d7b-347f-b4b3-8a5d5aef37c7,2026-05-20T23:23:15Z,2026-05-20T23:23:15Z,f8c3fa99-c600-3633-96d3-71ca8402f6e1,CLOSED,CLOSED,CLOSED,0,0,0,2026-05-20T23:38:15Z,2026-05-20T23:38:15Z,2026-05-20T23:38:15Z,1,1
ba419d35-0dfe-8af7-dc04-da5903fd049b,ba419d35-0dfe-8af7-347c-eebf02485a56,3e94ae9b-9a62-3d4d-acea-76ca8d83e1d2,df166300-5a78-3502-a46a-832842197811,,20,20,59621000,,,,,,,,,ba419d35-0dfe-8af7-24e9-252cc5474e29,1978-07-21T01:24:00Z,1978-07-21T01:24:00Z,3e94ae9b-9a62-3d4d-acea-76ca8d83e1d2,CLOSED,CLOSED,CLOSED,0,0,0,1978-07-21T01:39:00Z,1978-07-21T01:39:00Z,1978-07-21T01:39:00Z,1,1
ba419d35-0dfe-8af7-b7f2-9915e2df4f76,ba419d35-0dfe-8af7-347c-eebf02485a56,3e94ae9b-9a62-3d4d-acea-76ca8d83e1d2,df166300-5a78-3502-a46a-832842197811,,20,20,59621000,,,,,,,,,ba419d35-0dfe-8af7-24e9-252cc5474e29,1978-07-21T01:24:00Z,1978-07-21T01:24:00Z,3e94ae9b-9a62-3d4d-acea-76ca8d83e1d2,CLOSED,CLOSED,CLOSED,0,0,0,1978-07-21T01:39:00Z,1978-07-21T01:39:00Z,1978-07-21T01:39:00Z,1,1
ba419d35-0dfe-8af7-7061-fc80d4640a76,ba419d35-0dfe-8af7-347c-eebf02485a56,3e94ae9b-9a62-3d4d-acea-76ca8d83e1d2,df166300-5a78-3502-a46a-832842197811,,20,20,59621000,,,,,,,,,ba419d35-0dfe-8af7-24e9-252cc5474e29,1978-07-21T01:24:00Z,1978-07-21T01:24:00Z,3e94ae9b-9a62-3d4d-acea-76ca8d83e1d2,CLOSED,CLOSED,CLOSED,0,0,0,1978-07-21T01:39:00Z,1978-07-21T01:39:00Z,1978-07-21T01:39:00Z,1,1
ba419d35-0dfe-8af7-47e9-ad28dd8f1589,ba419d35-0dfe-8af7-347c-eebf02485a56,3e94ae9b-9a62-3d4d-acea-76ca8d83e1d2,d18ef2e6-ef40-324c-be54-34a5ee865625,,20,20,162673000,,,,,,,,,ba419d35-0dfe-8af7-4fdd-c021a82833cb,2017-02-24T01:24:00Z,2017-02-24T01:24:00Z,3e94ae9b-9a62-3d4d-acea-76ca8d83e1d2,CLOSED,CLOSED,CLOSED,0,0,0,2017-02-24T01:39:00Z,2017-02-24T01:39:00Z,2017-02-24T01:39:00Z,1,1
ba419d35-0dfe-8af7-a1dc-6fcbcfa464be,ba419d35-0dfe-8af7-347c-eebf02485a56,3e94ae9b-9a62-3d4d-acea-76ca8d83e1d2,d18ef2e6-ef40-324c-be54-34a5ee865625,,20,20,162673000,,,,,,,,,ba419d35-0dfe-8af7-194e-ab3d7ca1d8bd,2018-03-02T01:24:00Z,2018-03-02T01:24:00Z,3e94ae9b-9a62-3d4d-acea-76ca8d83e1d2,CLOSED,CLOSED,CLOSED,0,0,0,2018-03-02T01:39:00Z,2018-03-02T01:39:00Z,2018-03-02T01:39:00Z,1,1
ba419d35-0dfe-8af7-9ee4-41c86cdfa8d9,ba419d35-0dfe-8af7-347c-eebf02485a56,3e94ae9b-9a62-3d4d-acea-76ca8d83e1d2,d18ef2e6-ef40-324c-be54-34a5ee865625,,20,20,162673000,,,,,,,,,ba419d35-0dfe-8af7-781e-df1543f5ac8d,2019-03-08T01:24:00Z,2019-03-08T01:24:00Z,3e94ae9b-9a62-3d4d-acea-76ca8d83e1d2,CLOSED,CLOSED,CLOSED,0,0,0,2019-03-08T01:39:00Z,2019-03-08T01:39:00Z,2019-03-08T01:39:00Z,1,1
ba419d35-0dfe-8af7-4c44-e7b64c8965d2,ba419d35-0dfe-8af7-347c-eebf02485a56,3e94ae9b-9a62-3d4d-acea-76ca8d83e1d2,d18ef2e6-ef40-324c-be54-34a5ee865625,,20,20,162673000,,,,,,,,,ba419d35-0dfe-8af7-9598-311f255c4c82,2020-03-13T01:24:00Z,2020-03-13T01:24:00Z,3e94ae9b-9a62-3d4d-acea-76ca8d83e1d2,CLOSED,CLOSED,CLOSED,0,0,0,2020-03-13T01:39:00Z,2020-03-13T01:39:00Z,2020-03-13T01:39:00Z,1,1
ba419d35-0dfe-8af7-081e-7c32e3be9e17,ba419d35-0dfe-8af7-347c-eebf02485a56,3e94ae9b-9a62-3d4d-acea-76ca8d83e1d2,df166300-5a78-3502-a46a-832842197811,,20,20,162673000,,,,,,,,,ba419d35-0dfe-8af7-fd0f-6e8f087e07bb,2021-03-19T01:24:00Z,2021-03-19T01:24:00Z,3e94ae9b-9a62-3d4d-acea-76ca8d83e1d2,CLOSED,CLOSED,CLOSED,0,0,0,2021-03-19T01:39:00Z,2021-03-19T01:39:00Z,2021-03-19T01:39:00Z,1,1
ba419d35-0dfe-8af7-16a0-662f872e6278,ba419d35-0dfe-8af7-347c-eebf02485a56,3acd9407-510d-383e-977a-973d64875df7,df166300-5a78-3502-a46a-832842197811,,2,2,33879002,,,,,,,,,ba419d35-0dfe-8af7-845c-bf8597c8c0f5,2021-09-17T01:24:00Z,2021-09-17T01:24:00Z,3acd9407-510d-383e-977a-973d64875df7,CLOSED,CLOSED,CLOSED,0,0,0,2021-09-17T01:39:00Z,2021-09-17T01:39:00Z,2021-09-17T01:39:00Z,2,2
ba419d35-0dfe-8af7-a7c2-c3cc142675df,ba419d35-0dfe-8af7-347c-eebf02485a56,3acd9407-510d-383e-977a-973d64875df7,df166300-5a78-3502-a46a-832842197811,,2,2,33879002,,,,,,,,,ba419d35-0dfe-8af7-d194-4be13876195a,2021-10-15T01:24:00Z,2021-10-15T01:24:00Z,3acd9407-510d-383e-977a-973d64875df7,CLOSED,CLOSED,CLOSED,0,0,0,2021-10-15T01:39:00Z,2021-10-15T01:39:00Z,2021-10-15T01:39:00Z,2,2
ba419d35-0dfe-8af7-229a-0e7e62343299,ba419d35-0dfe-8af7-347c-eebf02485a56,3e94ae9b-9a62-3d4d-acea-76ca8d83e1d2,df166300-5a78-3502-a46a-832842197811,,20,20,162673000,,,,,,,,,ba419d35-0dfe-8af7-afca-2b608ae160f5,2022-03-25T01:24:00Z,2022-03-25T01:24:00Z,3e94ae9b-9a62-3d4d-acea-76ca8d83e1d2,CLOSED,CLOSED,CLOSED,0,0,0,2022-03-25T01:39:00Z,2022-03-25T01:39:00Z,2022-03-25T01:39:00Z,1,1
ba419d35-0dfe-8af7-204e-e41c39e4c801,ba419d35-0dfe-8af7-347c-eebf02485a56,3e94ae9b-9a62-3d4d-acea-76ca8d83e1d2,a735bf55-83e9-331a-899d-a82a60b9f60c,b046940f-1664-3047-bca7-dfa76be352a4,20,20,162673000,,,,,,,,,ba419d35-0dfe-8af7-566f-fae1aff79781,2023-03-31T01:24:00Z,2023-03-31T01:24:00Z,3e94ae9b-9a62-3d4d-acea-76ca8d83e1d2,CLOSED,,CLOSED,0,,0,2023-03-31T01:39:00Z,,2023-03-31T01:39:00Z,1,0
ba419d35-0dfe-8af7-30d8-d8a5d9bfe114,ba419d35-0dfe-8af7-347c-eebf02485a56,3e94ae9b-9a62-3d4d-acea-76ca8d83e1d2,d18ef2e6-ef40-324c-be54-34a5ee865625,,20,20,162673000,,,,,,,,,ba419d35-0dfe-8af7-d758-6f38e1b2e8ca,2024-04-05T01:24:00Z,2024-04-05T01:24:00Z,3e94ae9b-9a62-3d4d-acea-76ca8d83e1d2,CLOSED,CLOSED,CLOSED,0,0,0,2024-04-05T01:39:00Z,2024-04-05T01:39:00Z,2024-04-05T01:39:00Z,1,1
ba419d35-0dfe-8af7-c87f-0f63239b28fb,ba419d35-0dfe-8af7-347c-eebf02485a56,3e94ae9b-9a62-3d4d-acea-76ca8d83e1d2,a735bf55-83e9-331a-899d-a82a60b9f60c,,20,20,162673000,,,,,,,,,ba419d35-0dfe-8af7-a3a6-ce405b809069,2025-04-11T01:24:00Z,2025-04-11T01:24:00Z,3e94ae9b-9a62-3d4d-acea-76ca8d83e1d2,CLOSED,CLOSED,CLOSED,0,0,0,2025-04-11T01:39:00Z,2025-04-11T01:39:00Z,2025-04-11T01:39:00Z,1,1
ba419d35-0dfe-8af7-e3bb-f5ad29b0eb40,ba419d35-0dfe-8af7-347c-eebf02485a56,3e94ae9b-9a62-3d4d-acea-76ca8d83e1d2,d18ef2e6-ef40-324c-be54-34a5ee865625,,20,20,162673000,,,,,,,,,ba419d35-0dfe-8af7-20e0-69b3672ec5be,2026-04-17T01:24:00Z,2026-04-17T01:24:00Z,3e94ae9b-9a62-3d4d-acea-76ca8d83e1d2,CLOSED,CLOSED,CLOSED,0,0,0,2026-04-17T01:39:00Z,2026-04-17T01:39:00Z,2026-04-17T01:39:00Z,1,1
c053e996-a4c4-6c02-2606-7c2bd0106baa,c053e996-a4c4-6c02-e2b6-284227156c67,b96b671d-7c4b-3575-bcf9-28d32da05516,0133f751-9229-3cfd-815f-b6d4979bdd6a,,10,10,410620009,,,,,,,,,c053e996-a4c4-6c02-f1ad-026464118efd,2023-06-29T10:12:10Z,2023-06-29T10:12:10Z,b96b671d-7c4b-3575-bcf9-28d32da05516,CLOSED,CLOSED,CLOSED,0,0,0,2023-06-29T10:27:10Z,2023-06-29T10:27:10Z,2023-06-29T10:27:10Z,1,1
c053e996-a4c4-6c02-3ea2-54ce55c97d20,c053e996-a4c4-6c02-e2b6-284227156c67,b96b671d-7c4b-3575-bcf9-28d32da05516,0133f751-9229-3cfd-815f-b6d4979bdd6a,,10,10,410620009,,,,,,,,,c053e996-a4c4-6c02-0a35-dde1f27b24ce,2023-08-03T10:12:10Z,2023-08-03T10:12:10Z,b96b671d-7c4b-3575-bcf9-28d32da05516,CLOSED,CLOSED,CLOSED,0,0,0,2023-08-03T10:27:10Z,2023-08-03T10:27:10Z,2023-08-03T10:27:10Z,1,1
c053e996-a4c4-6c02-c748-7d70d760577a,c053e996-a4c4-6c02-e2b6-284227156c67,b96b671d-7c4b-3575-bcf9-28d32da05516,0133f751-9229-3cfd-815f-b6d4979bdd6a,,10,10,410620009,,,,,,,,,c053e996-a4c4-6c02-275a-566766177a72,2023-10-05T10:12:10Z,2023-10-05T10:12:10Z,b96b671d-7c4b-3575-bcf9-28d32da05516,CLOSED,CLOSED,CLOSED,0,0,0,2023-10-05T10:27:10Z,2023-10-05T10:27:10Z,2023-10-05T10:27:10Z,1,1
c053e996-a4c4-6c02-4f6b-c6c0c046dcba,c053e996-a4c4-6c02-e2b6-284227156c67,b96b671d-7c4b-3575-bcf9-28d32da05516,0133f751-9229-3cfd-815f-b6d4979bdd6a,,10,10,410620009,,,,,,,,,c053e996-a4c4-6c02-52ff-f72c5ff39003,2023-12-07T10:12:10Z,2023-12-07T10:12:10Z,b96b671d-7c4b-3575-bcf9-28d32da05516,CLOSED,CLOSED,CLOSED,0,0,0,2023-12-07T10:27:10Z,2023-12-07T10:27:10Z,2023-12-07T10:27:10Z,1,1
c053e996-a4c4-6c02-3eb8-e08f9e88972b,c053e996-a4c4-6c02-e2b6-284227156c67,b96b671d-7c4b-3575-bcf9-28d32da05516,0133f751-9229-3cfd-815f-b6d4979bdd6a,,10,10,410620009,,,,,,,,,c053e996-a4c4-6c02-e3d7-269a3baeaa6a,2024-03-07T10:12:10Z,2024-03-07T10:12:10Z,b96b671d-7c4b-3575-bcf9-28d32da05516,CLOSED,CLOSED,CLOSED,0,0,0,2024-03-07T10:27:10Z,2024-03-07T10:27:10Z,2024-03-07T10:27:10Z,1,1
c053e996-a4c4-6c02-63db-3b706b7c70c3,c053e996-a4c4-6c02-e2b6-284227156c67,b96b671d-7c4b-3575-bcf9-28d32da05516,0133f751-9229-3cfd-815f-b6d4979bdd6a,,10,10,410620009,,,,,,,,,c053e996-a4c4-6c02-ff9d-590c93278a02,2024-06-06T10:12:10Z,2024-06-06T10:12:10Z,b96b671d-7c4b-3575-bcf9-28d32da05516,CLOSED,CLOSED,CLOSED,0,0,0,2024-06-06T10:27:10Z,2024-06-06T10:27:10Z,2024-06-06T10:27:10Z,1,1
c053e996-a4c4-6c02-c65a-de7d9b23344b,c053e996-a4c4-6c02-e2b6-284227156c67,b96b671d-7c4b-3575-bcf9-28d32da05516,8fa6c185-e44e-3e34-8bd8-39be8694f4ce,,10,10,410620009,,,,,,,,,c053e996-a4c4-6c02-1627-64475147cabc,2024-09-05T10:12:10Z,2024-09-05T10:12:10Z,b96b671d-7c4b-3575-bcf9-28d32da05516,CLOSED,CLOSED,CLOSED,0,0,0,2024-09-05T10:27:10Z,2024-09-05T10:27:10Z,2024-09-05T10:27:10Z,1,1
c053e996-a4c4-6c02-9776-5fe5b8c60a35,c053e996-a4c4-6c02-e2b6-284227156c67,b96b671d-7c4b-3575-bcf9-28d32da05516,8fa6c185-e44e-3e34-8bd8-39be8694f4ce,,10,10,410620009,,,,,,,,,c053e996-a4c4-6c02-40af-00b999e3af81,2024-12-05T10:12:10Z,2024-12-05T10:12:10Z,b96b671d-7c4b-3575-bcf9-28d32da05516,CLOSED,CLOSED,CLOSED,0,0,0,2024-12-05T10:27:10Z,2024-12-05T10:27:10Z,2024-12-05T10:27:10Z,1,1
c053e996-a4c4-6c02-a0b4-c91d647811e5,c053e996-a4c4-6c02-e2b6-284227156c67,b96b671d-7c4b-3575-bcf9-28d32da05516,8fa6c185-e44e-3e34-8bd8-39be8694f4ce,,10,10,410620009,,,,,,,,,c053e996-a4c4-6c02-6118-dc1aff82cf82,2025-06-05T10:12:10Z,2025-06-05T10:12:10Z,b96b671d-7c4b-3575-bcf9-28d32da05516,CLOSED,CLOSED,CLOSED,0,0,0,2025-06-05T10:27:10Z,2025-06-05T10:27:10Z,2025-06-05T10:27:10Z,1,1
c053e996-a4c4-6c02-b131-fbac95521a5c,c053e996-a4c4-6c02-e2b6-284227156c67,b96b671d-7c4b-3575-bcf9-28d32da05516,8fa6c185-e44e-3e34-8bd8-39be8694f4ce,,10,10,410620009,,,,,,,,,c053e996-a4c4-6c02-5736-25df778103a9,2025-12-04T10:12:10Z,2025-12-04T10:12:10Z,b96b671d-7c4b-3575-bcf9-28d32da05516,CLOSED,CLOSED,CLOSED,0,0,0,2025-12-04T10:27:10Z,2025-12-04T10:27:10Z,2025-12-04T10:27:10Z,1,1
c053e996-a4c4-6c02-a21b-3143588302ed,c053e996-a4c4-6c02-e2b6-284227156c67,b96b671d-7c4b-3575-bcf9-28d32da05516,8fa6c185-e44e-3e34-8bd8-39be8694f4ce,,10,10,410620009,,,,,,,,,c053e996-a4c4-6c02-4da1-0d701ed8361c,2026-06-04T10:12:10Z,2026-06-04T10:12:10Z,b96b671d-7c4b-3575-bcf9-28d32da05516,CLOSED,CLOSED,CLOSED,0,0,0,2026-06-04T10:27:10Z,2026-06-04T10:27:10Z,2026-06-04T10:27:10Z,1,1
bff9d9d5-ee3d-d852-e8a0-7afecd364d70,bff9d9d5-ee3d-d852-9c67-36d8361a4a4a,39bccc26-289e-3dba-9012-9641bdd5d132,a735bf55-83e9-331a-899d-a82a60b9f60c,b046940f-1664-3047-bca7-dfa76be352a4,20,20,162673000,,,,,,,,,bff9d9d5-ee3d-d852-2beb-fdaab3952a2f,2017-03-18T09:39:57Z,2017-03-18T09:39:57Z,39bccc26-289e-3dba-9012-9641bdd5d132,CLOSED,,CLOSED,0,,0,2017-03-18T09:54:57Z,,2017-03-18T09:54:57Z,1,0
bff9d9d5-ee3d-d852-6401-6f480d415dfc,bff9d9d5-ee3d-d852-9c67-36d8361a4a4a,39bccc26-289e-3dba-9012-9641bdd5d132,a735bf55-83e9-331a-899d-a82a60b9f60c,b046940f-1664-3047-bca7-dfa76be352a4,20,20,162673000,,,,,,,,,bff9d9d5-ee3d-d852-3f2a-715902e55f16,2018-03-24T09:39:57Z,2018-03-24T09:39:57Z,39bccc26-289e-3dba-9012-9641bdd5d132,CLOSED,,CLOSED,0,,0,2018-03-24T09:54:57Z,,2018-03-24T09:54:57Z,1,0
bff9d9d5-ee3d-d852-b18b-f6bb969b8110,bff9d9d5-ee3d-d852-9c67-36d8361a4a4a,39bccc26-289e-3dba-9012-9641bdd5d132,a735bf55-83e9-331a-899d-a82a60b9f60c,b046940f-1664-3047-bca7-dfa76be352a4,20,20,162673000,,,,,,,,,bff9d9d5-ee3d-d852-68d5-e5401ba26a5a,2019-03-30T09:39:57Z,2019-03-30T09:39:57Z,39bccc26-289e-3dba-9012-9641bdd5d132,CLOSED,,CLOSED,0,,0,2019-03-30T09:54:57Z,,2019-03-30T09:54:57Z,1,0
bff9d9d5-ee3d-d852-ffd7-78c10e82cf4f,bff9d9d5-ee3d-d852-9c67-36d8361a4a4a,39bccc26-289e-3dba-9012-9641bdd5d132,a735bf55-83e9-331a-899d-a82a60b9f60c,b046940f-1664-3047-bca7-dfa76be352a4,20,20,162673000,,,,,,,,,bff9d9d5-ee3d-d852-9a14-aa00d06be668,2020-04-04T09:39:57Z,2020-04-04T09:39:57Z,39bccc26-289e-3dba-9012-9641bdd5d132,CLOSED,,CLOSED,0,,0,2020-04-04T09:54:57Z,,2020-04-04T09:54:57Z,1,0
bff9d9d5-ee3d-d852-ec5c-91390d2e7e2a,bff9d9d5-ee3d-d852-9c67-36d8361a4a4a,cdc74d9d-1053-3923-a0e0-92217f4d5006,a735bf55-83e9-331a-899d-a82a60b9f60c,b046940f-1664-3047-bca7-dfa76be352a4,2,2,33879002,,,,,,,,,bff9d9d5-ee3d-d852-aeb5-f9c2d69282ab,2021-03-06T09:39:57Z,2021-03-06T09:39:57Z,cdc74d9d-1053-3923-a0e0-92217f4d5006,CLOSED,,CLOSED,0,,0,2021-03-06T09:54:57Z,,2021-03-06T09:54:57Z,2,0
bff9d9d5-ee3d-d852-695e-493f5159ba76,bff9d9d5-ee3d-d852-9c67-36d8361a4a4a,cdc74d9d-1053-3923-a0e0-92217f4d5006,a735bf55-83e9-331a-899d-a82a60b9f60c,b046940f-1664-3047-bca7-dfa76be352a4,2,2,33879002,,,,,,,,,bff9d9d5-ee3d-d852-7e45-de9a100f7b0c,2021-03-27T09:39:57Z,2021-03-27T09:39:57Z,cdc74d9d-1053-3923-a0e0-92217f4d5006,CLOSED,,CLOSED,0,,0,2021-03-27T09:54:57Z,,2021-03-27T09:54:57Z,2,0
bff9d9d5-ee3d-d852-aca4-c2fccc0ad8c2,bff9d9d5-ee3d-d852-9c67-36d8361a4a4a,39bccc26-289e-3dba-9012-9641bdd5d132,a735bf55-83e9-331a-899d-a82a60b9f60c,b046940f-1664-3047-bca7-dfa76be352a4,20,20,162673000,,,,,,,,,bff9d9d5-ee3d-d852-6f46-84f8a72a6410,2021-04-10T09:39:57Z,2021-04-10T09:39:57Z,39bccc26-289e-3dba-9012-9641bdd5d132,CLOSED,,CLOSED,0,,0,2021-04-10T09:54:57Z,,2021-04-10T09:54:57Z,1,0
bff9d9d5-ee3d-d852-849a-d92cd001a304,bff9d9d5-ee3d-d852-9c67-36d8361a4a4a,39bccc26-289e-3dba-9012-9641bdd5d132,a735bf55-83e9-331a-899d-a82a60b9f60c,b046940f-1664-3047-bca7-dfa76be352a4,20,20,162673000,,,,,,,,,bff9d9d5-ee3d-d852-1904-664d855b84ff,2022-04-16T09:39:57Z,2022-04-16T09:39:57Z,39bccc26-289e-3dba-9012-9641bdd5d132,CLOSED,,CLOSED,0,,0,2022-04-16T09:54:57Z,,2022-04-16T09:54:57Z,1,0
bff9d9d5-ee3d-d852-2c8b-cdd3c865dbb5,bff9d9d5-ee3d-d852-9c67-36d8361a4a4a,39bccc26-289e-3dba-9012-9641bdd5d132,a735bf55-83e9-331a-899d-a82a60b9f60c,b046940f-1664-3047-bca7-dfa76be352a4,20,20,162673000,,,,,,,,,bff9d9d5-ee3d-d852-5cca-86c7cdd81a2c,2023-04-22T09:39:57Z,2023-04-22T09:39:57Z,39bccc26-289e-3dba-9012-9641bdd5d132,CLOSED,,CLOSED,0,,0,2023-04-22T09:54:57Z,,2023-04-22T09:54:57Z,1,0
bff9d9d5-ee3d-d852-5c03-ec59ce128fd4,bff9d9d5-ee3d-d852-9c67-36d8361a4a4a,39bccc26-289e-3dba-9012-9641bdd5d132,a735bf55-83e9-331a-899d-a82a60b9f60c,b046940f-1664-3047-bca7-dfa76be352a4,20,20,162673000,,,,,,,,,bff9d9d5-ee3d-d852-4899-a8b1c7e02c65,2024-04-27T09:39:57Z,2024-04-27T09:39:57Z,39bccc26-289e-3dba-9012-9641bdd5d132,CLOSED,,CLOSED,0,,0,2024-04-27T09:54:57Z,,2024-04-27T09:54:57Z,1,0
bff9d9d5-ee3d-d852-4be0-0fa382c902ca,bff9d9d5-ee3d-d852-9c67-36d8361a4a4a,39bccc26-289e-3dba-9012-9641bdd5d132,a735bf55-83e9-331a-899d-a82a60b9f60c,b046940f-1664-3047-bca7-dfa76be352a4,20,20,162673000,,,,,,,,,bff9d9d5-ee3d-d852-97c2-e653efd9594c,2025-05-03T09:39:57Z,2025-05-03T09:39:57Z,39bccc26-289e-3dba-9012-9641bdd5d132,CLOSED,,CLOSED,0,,0,2025-05-03T09:54:57Z,,2025-05-03T09:54:57Z,1,0
62f60bdb-cc5c-8305-24e0-cd4d7a181b9a,62f60bdb-cc5c-8305-b98b-f2b229a55eca,2d175eca-2a94-3aa7-90a1-8e509a8f7277,26aab0cd-6aba-3e1b-ac5b-05c8867e762c,,20,20,162673000,,,,,,,,,62f60bdb-cc5c-8305-f3dd-64f613eae610,2017-08-16T04:38:45Z,2017-08-16T04:38:45Z,2d175eca-2a94-3aa7-90a1-8e509a8f7277,CLOSED,CLOSED,CLOSED,0,0,0,2017-08-16T04:53:45Z,2017-08-16T04:53:45Z,2017-08-16T04:53:45Z,1,1
bff9d9d5-ee3d-d852-0f1a-86457505e7b4,bff9d9d5-ee3d-d852-9c67-36d8361a4a4a,39bccc26-289e-3dba-9012-9641bdd5d132,a735bf55-83e9-331a-899d-a82a60b9f60c,b046940f-1664-3047-bca7-dfa76be352a4,20,20,162673000,,,,,,,,,bff9d9d5-ee3d-d852-0079-c2da82faf086,2026-05-09T09:39:57Z,2026-05-09T09:39:57Z,39bccc26-289e-3dba-9012-9641bdd5d132,CLOSED,,CLOSED,0,,0,2026-05-09T09:54:57Z,,2026-05-09T09:54:57Z,1,0
62f60bdb-cc5c-8305-3495-4d32e83a62f1,62f60bdb-cc5c-8305-b98b-f2b229a55eca,2d175eca-2a94-3aa7-90a1-8e509a8f7277,26aab0cd-6aba-3e1b-ac5b-05c8867e762c,,20,20,162673000,,,,,,,,,62f60bdb-cc5c-8305-543f-882d1db7e619,2019-08-21T04:38:45Z,2019-08-21T04:38:45Z,2d175eca-2a94-3aa7-90a1-8e509a8f7277,CLOSED,CLOSED,CLOSED,0,0,0,2019-08-21T04:53:45Z,2019-08-21T04:53:45Z,2019-08-21T04:53:45Z,1,1
62f60bdb-cc5c-8305-ce1b-35e776b23728,62f60bdb-cc5c-8305-b98b-f2b229a55eca,2d175eca-2a94-3aa7-90a1-8e509a8f7277,26aab0cd-6aba-3e1b-ac5b-05c8867e762c,,20,20,162673000,,,,,,,,,62f60bdb-cc5c-8305-b542-0e82170c9d1b,2021-08-25T04:38:45Z,2021-08-25T04:38:45Z,2d175eca-2a94-3aa7-90a1-8e509a8f7277,CLOSED,CLOSED,CLOSED,0,0,0,2021-08-25T04:53:45Z,2021-08-25T04:53:45Z,2021-08-25T04:53:45Z,1,1
62f60bdb-cc5c-8305-b23a-38d5ad2fc902,62f60bdb-cc5c-8305-b98b-f2b229a55eca,ef830171-add1-3854-9da0-7c2ce0d86baf,26aab0cd-6aba-3e1b-ac5b-05c8867e762c,,2,2,33879002,,,,,,,,,62f60bdb-cc5c-8305-27e1-5f178b4fcc4e,2021-10-13T04:38:45Z,2021-10-13T04:38:45Z,ef830171-add1-3854-9da0-7c2ce0d86baf,CLOSED,CLOSED,CLOSED,0,0,0,2021-10-13T04:53:45Z,2021-10-13T04:53:45Z,2021-10-13T04:53:45Z,2,2
62f60bdb-cc5c-8305-73e6-8c1846f4000f,62f60bdb-cc5c-8305-b98b-f2b229a55eca,ef830171-add1-3854-9da0-7c2ce0d86baf,26aab0cd-6aba-3e1b-ac5b-05c8867e762c,,2,2,33879002,,,,,,,,,62f60bdb-cc5c-8305-1d88-8a1aab3618fd,2021-11-10T04:38:45Z,2021-11-10T04:38:45Z,ef830171-add1-3854-9da0-7c2ce0d86baf,CLOSED,CLOSED,CLOSED,0,0,0,2021-11-10T04:53:45Z,2021-11-10T04:53:45Z,2021-11-10T04:53:45Z,2,2
62f60bdb-cc5c-8305-f989-830283da6aaa,62f60bdb-cc5c-8305-b98b-f2b229a55eca,2d175eca-2a94-3aa7-90a1-8e509a8f7277,26aab0cd-6aba-3e1b-ac5b-05c8867e762c,,20,20,162673000,,,,,,,,,62f60bdb-cc5c-8305-475f-6c5ba096f7e0,2023-08-30T04:38:45Z,2023-08-30T04:38:45Z,2d175eca-2a94-3aa7-90a1-8e509a8f7277,CLOSED,CLOSED,CLOSED,0,0,0,2023-08-30T04:53:45Z,2023-08-30T04:53:45Z,2023-08-30T04:53:45Z,1,1
62f60bdb-cc5c-8305-e36b-86065245bcd2,62f60bdb-cc5c-8305-b98b-f2b229a55eca,2d175eca-2a94-3aa7-90a1-8e509a8f7277,26aab0cd-6aba-3e1b-ac5b-05c8867e762c,,20,20,162673000,,,,,,,,,62f60bdb-cc5c-8305-ef07-e9969e7106d4,2025-08-06T04:38:45Z,2025-08-06T04:38:45Z,2d175eca-2a94-3aa7-90a1-8e509a8f7277,CLOSED,CLOSED,CLOSED,0,0,0,2025-08-06T04:53:45Z,2025-08-06T04:53:45Z,2025-08-06T04:53:45Z,1,1
c86c400e-ff88-a1e3-6a32-63bab7124ebc,c86c400e-ff88-a1e3-2e23-caa4d8311f47,d8f3b5b7-0cf5-31f0-a7e8-5c6dc99e1c46,a735bf55-83e9-331a-899d-a82a60b9f60c,b046940f-1664-3047-bca7-dfa76be352a4,20,20,59621000,,,,,,,,,c86c400e-ff88-a1e3-0c20-eea2887bbef6,2015-03-29T10:01:11Z,2015-03-29T10:01:11Z,d8f3b5b7-0cf5-31f0-a7e8-5c6dc99e1c46,CLOSED,,CLOSED,0,,0,2015-03-29T10:16:11Z,,2015-03-29T10:16:11Z,1,0
c86c400e-ff88-a1e3-0680-3241bcfd6536,c86c400e-ff88-a1e3-2e23-caa4d8311f47,d8f3b5b7-0cf5-31f0-a7e8-5c6dc99e1c46,a735bf55-83e9-331a-899d-a82a60b9f60c,b046940f-1664-3047-bca7-dfa76be352a4,20,20,59621000,,,,,,,,,c86c400e-ff88-a1e3-0c20-eea2887bbef6,2015-03-29T10:01:11Z,2015-03-29T10:01:11Z,d8f3b5b7-0cf5-31f0-a7e8-5c6dc99e1c46,CLOSED,,CLOSED,0,,0,2015-03-29T10:16:11Z,,2015-03-29T10:16:11Z,1,0
c86c400e-ff88-a1e3-d980-4c3b6aaae1b1,c86c400e-ff88-a1e3-2e23-caa4d8311f47,d8f3b5b7-0cf5-31f0-a7e8-5c6dc99e1c46,a735bf55-83e9-331a-899d-a82a60b9f60c,b046940f-1664-3047-bca7-dfa76be352a4,20,20,59621000,,,,,,,,,c86c400e-ff88-a1e3-0c20-eea2887bbef6,2015-03-29T10:01:11Z,2015-03-29T10:01:11Z,d8f3b5b7-0cf5-31f0-a7e8-5c6dc99e1c46,CLOSED,,CLOSED,0,,0,2015-03-29T10:16:11Z,,2015-03-29T10:16:11Z,1,0
c86c400e-ff88-a1e3-b091-ee87e96af904,c86c400e-ff88-a1e3-2e23-caa4d8311f47,d8f3b5b7-0cf5-31f0-a7e8-5c6dc99e1c46,a735bf55-83e9-331a-899d-a82a60b9f60c,b046940f-1664-3047-bca7-dfa76be352a4,20,20,162673000,,,,,,,,,c86c400e-ff88-a1e3-1208-35e83eeb6c85,2017-04-09T10:01:11Z,2017-04-09T10:01:11Z,d8f3b5b7-0cf5-31f0-a7e8-5c6dc99e1c46,CLOSED,,CLOSED,0,,0,2017-04-09T10:16:11Z,,2017-04-09T10:16:11Z,1,0
c86c400e-ff88-a1e3-f405-3258f26e5e2b,c86c400e-ff88-a1e3-2e23-caa4d8311f47,d8f3b5b7-0cf5-31f0-a7e8-5c6dc99e1c46,a735bf55-83e9-331a-899d-a82a60b9f60c,b046940f-1664-3047-bca7-dfa76be352a4,20,20,162673000,,,,,,,,,c86c400e-ff88-a1e3-04c2-673e1ebe4af8,2018-04-15T10:01:11Z,2018-04-15T10:01:11Z,d8f3b5b7-0cf5-31f0-a7e8-5c6dc99e1c46,CLOSED,,CLOSED,0,,0,2018-04-15T10:16:11Z,,2018-04-15T10:16:11Z,1,0
c86c400e-ff88-a1e3-b896-f40d5db902a9,c86c400e-ff88-a1e3-2e23-caa4d8311f47,d8f3b5b7-0cf5-31f0-a7e8-5c6dc99e1c46,a735bf55-83e9-331a-899d-a82a60b9f60c,b046940f-1664-3047-bca7-dfa76be352a4,20,20,162673000,,,,,,,,,c86c400e-ff88-a1e3-9e98-7551d1712a08,2019-04-21T10:01:11Z,2019-04-21T10:01:11Z,d8f3b5b7-0cf5-31f0-a7e8-5c6dc99e1c46,CLOSED,,CLOSED,0,,0,2019-04-21T10:16:11Z,,2019-04-21T10:16:11Z,1,0
c86c400e-ff88-a1e3-863b-95a4364b053a,c86c400e-ff88-a1e3-2e23-caa4d8311f47,d8f3b5b7-0cf5-31f0-a7e8-5c6dc99e1c46,a735bf55-83e9-331a-899d-a82a60b9f60c,b046940f-1664-3047-bca7-dfa76be352a4,20,20,162673000,,,,,,,,,c86c400e-ff88-a1e3-f149-94bde0c0c99a,2020-04-26T10:01:11Z,2020-04-26T10:01:11Z,d8f3b5b7-0cf5-31f0-a7e8-5c6dc99e1c46,CLOSED,,CLOSED,0,,0,2020-04-26T10:16:11Z,,2020-04-26T10:16:11Z,1,0
c86c400e-ff88-a1e3-eba1-082adee15e4f,c86c400e-ff88-a1e3-2e23-caa4d8311f47,d8f3b5b7-0cf5-31f0-a7e8-5c6dc99e1c46,a735bf55-83e9-331a-899d-a82a60b9f60c,b046940f-1664-3047-bca7-dfa76be352a4,20,20,162673000,,,,,,,,,c86c400e-ff88-a1e3-41d1-1eb4c85c113a,2021-05-02T10:01:11Z,2021-05-02T10:01:11Z,d8f3b5b7-0cf5-31f0-a7e8-5c6dc99e1c46,CLOSED,,CLOSED,0,,0,2021-05-02T10:16:11Z,,2021-05-02T10:16:11Z,1,0
c86c400e-ff88-a1e3-1e91-08ae3a60eb62,c86c400e-ff88-a1e3-2e23-caa4d8311f47,37eef0d1-01dd-3c1a-ae09-4f314a220e12,a735bf55-83e9-331a-899d-a82a60b9f60c,b046940f-1664-3047-bca7-dfa76be352a4,2,2,33879002,,,,,,,,,c86c400e-ff88-a1e3-07b1-93a7e5a60a17,2021-08-22T10:01:11Z,2021-08-22T10:01:11Z,37eef0d1-01dd-3c1a-ae09-4f314a220e12,CLOSED,,CLOSED,0,,0,2021-08-22T10:16:11Z,,2021-08-22T10:16:11Z,2,0
c86c400e-ff88-a1e3-8864-bef104e88614,c86c400e-ff88-a1e3-2e23-caa4d8311f47,37eef0d1-01dd-3c1a-ae09-4f314a220e12,a735bf55-83e9-331a-899d-a82a60b9f60c,b046940f-1664-3047-bca7-dfa76be352a4,2,2,33879002,,,,,,,,,c86c400e-ff88-a1e3-7a8b-b6829b059c90,2021-09-19T10:01:11Z,2021-09-19T10:01:11Z,37eef0d1-01dd-3c1a-ae09-4f314a220e12,CLOSED,,CLOSED,0,,0,2021-09-19T10:16:11Z,,2021-09-19T10:16:11Z,2,0
c86c400e-ff88-a1e3-5318-607cbf4c65a2,c86c400e-ff88-a1e3-2e23-caa4d8311f47,d8f3b5b7-0cf5-31f0-a7e8-5c6dc99e1c46,a735bf55-83e9-331a-899d-a82a60b9f60c,b046940f-1664-3047-bca7-dfa76be352a4,20,20,162673000,,,,,,,,,c86c400e-ff88-a1e3-3e98-d3ffc997682e,2022-05-08T10:01:11Z,2022-05-08T10:01:11Z,d8f3b5b7-0cf5-31f0-a7e8-5c6dc99e1c46,CLOSED,,CLOSED,0,,0,2022-05-08T10:16:11Z,,2022-05-08T10:16:11Z,1,0
c86c400e-ff88-a1e3-7391-403347113e28,c86c400e-ff88-a1e3-2e23-caa4d8311f47,d8f3b5b7-0cf5-31f0-a7e8-5c6dc99e1c46,a735bf55-83e9-331a-899d-a82a60b9f60c,b046940f-1664-3047-bca7-dfa76be352a4,20,20,162673000,,,,,,,,,c86c400e-ff88-a1e3-0b05-508c7c1349da,2023-05-14T10:01:11Z,2023-05-14T10:01:11Z,d8f3b5b7-0cf5-31f0-a7e8-5c6dc99e1c46,CLOSED,,CLOSED,0,,0,2023-05-14T10:16:11Z,,2023-05-14T10:16:11Z,1,0
c86c400e-ff88-a1e3-0c59-02e6fd186b90,c86c400e-ff88-a1e3-2e23-caa4d8311f47,d8f3b5b7-0cf5-31f0-a7e8-5c6dc99e1c46,a735bf55-83e9-331a-899d-a82a60b9f60c,b046940f-1664-3047-bca7-dfa76be352a4,20,20,162673000,,,,,,,,,c86c400e-ff88-a1e3-53ae-c075f4beb9d2,2024-05-19T10:01:11Z,2024-05-19T10:01:11Z,d8f3b5b7-0cf5-31f0-a7e8-5c6dc99e1c46,CLOSED,,CLOSED,0,,0,2024-05-19T10:16:11Z,,2024-05-19T10:16:11Z,1,0
c86c400e-ff88-a1e3-9b29-8cc9e25b665a,c86c400e-ff88-a1e3-2e23-caa4d8311f47,d8f3b5b7-0cf5-31f0-a7e8-5c6dc99e1c46,a735bf55-83e9-331a-899d-a82a60b9f60c,,20,20,162673000,,,,,,,,,c86c400e-ff88-a1e3-9e07-d5ad5dc7d3f9,2025-05-25T10:01:11Z,2025-05-25T10:01:11Z,d8f3b5b7-0cf5-31f0-a7e8-5c6dc99e1c46,CLOSED,CLOSED,CLOSED,0,0,0,2025-05-25T10:16:11Z,2025-05-25T10:16:11Z,2025-05-25T10:16:11Z,1,1
c86c400e-ff88-a1e3-fcaf-9569ae22285c,c86c400e-ff88-a1e3-2e23-caa4d8311f47,d8f3b5b7-0cf5-31f0-a7e8-5c6dc99e1c46,a735bf55-83e9-331a-899d-a82a60b9f60c,b046940f-1664-3047-bca7-dfa76be352a4,20,20,162673000,,,,,,,,,c86c400e-ff88-a1e3-3d0b-62b311e66c67,2026-05-31T10:01:11Z,2026-05-31T10:01:11Z,d8f3b5b7-0cf5-31f0-a7e8-5c6dc99e1c46,CLOSED,,CLOSED,0,,0,2026-05-31T10:16:11Z,,2026-05-31T10:16:11Z,1,0
947c82ee-1735-c9ed-54ff-fbdd25286b01,947c82ee-1735-c9ed-8210-38cb93d8070c,51fdfd02-3311-3872-b3f8-5f566ae8d27e,26aab0cd-6aba-3e1b-ac5b-05c8867e762c,,10,10,410620009,,,,,,,,,947c82ee-1735-c9ed-3adc-62d95940bba2,2016-08-08T18:48:26Z,2016-08-08T18:48:26Z,51fdfd02-3311-3872-b3f8-5f566ae8d27e,CLOSED,CLOSED,CLOSED,0,0,0,2016-08-08T19:03:26Z,2016-08-08T19:03:26Z,2016-08-08T19:03:26Z,1,1
947c82ee-1735-c9ed-f928-7974a78eb2f1,947c82ee-1735-c9ed-8210-38cb93d8070c,51fdfd02-3311-3872-b3f8-5f566ae8d27e,26aab0cd-6aba-3e1b-ac5b-05c8867e762c,,10,10,410620009,,,,,,,,,947c82ee-1735-c9ed-59a5-b780fde3f905,2016-11-07T18:48:26Z,2016-11-07T18:48:26Z,51fdfd02-3311-3872-b3f8-5f566ae8d27e,CLOSED,CLOSED,CLOSED,0,0,0,2016-11-07T19:03:26Z,2016-11-07T19:03:26Z,2016-11-07T19:03:26Z,1,1
947c82ee-1735-c9ed-6d84-3f3e6b6830a0,947c82ee-1735-c9ed-8210-38cb93d8070c,51fdfd02-3311-3872-b3f8-5f566ae8d27e,26aab0cd-6aba-3e1b-ac5b-05c8867e762c,,10,10,410620009,,,,,,,,,947c82ee-1735-c9ed-2103-78e2291a17cd,2017-02-06T18:48:26Z,2017-02-06T18:48:26Z,51fdfd02-3311-3872-b3f8-5f566ae8d27e,CLOSED,CLOSED,CLOSED,0,0,0,2017-02-06T19:03:26Z,2017-02-06T19:03:26Z,2017-02-06T19:03:26Z,1,1
947c82ee-1735-c9ed-178c-d0a71868176e,947c82ee-1735-c9ed-8210-38cb93d8070c,51fdfd02-3311-3872-b3f8-5f566ae8d27e,26aab0cd-6aba-3e1b-ac5b-05c8867e762c,,10,10,410620009,,,,,,,,,947c82ee-1735-c9ed-74e1-3623f8f605cb,2017-05-08T18:48:26Z,2017-05-08T18:48:26Z,51fdfd02-3311-3872-b3f8-5f566ae8d27e,CLOSED,CLOSED,CLOSED,0,0,0,2017-05-08T19:03:26Z,2017-05-08T19:03:26Z,2017-05-08T19:03:26Z,1,1
947c82ee-1735-c9ed-1274-9a21b1d8ecd0,947c82ee-1735-c9ed-8210-38cb93d8070c,51fdfd02-3311-3872-b3f8-5f566ae8d27e,26aab0cd-6aba-3e1b-ac5b-05c8867e762c,,10,10,410620009,,,,,,,,,947c82ee-1735-c9ed-3fa3-4c242bdaa662,2017-08-07T18:48:26Z,2017-08-07T18:48:26Z,51fdfd02-3311-3872-b3f8-5f566ae8d27e,CLOSED,CLOSED,CLOSED,0,0,0,2017-08-07T19:03:26Z,2017-08-07T19:03:26Z,2017-08-07T19:03:26Z,1,1
947c82ee-1735-c9ed-1e66-9dfc9662ac5b,947c82ee-1735-c9ed-8210-38cb93d8070c,51fdfd02-3311-3872-b3f8-5f566ae8d27e,26aab0cd-6aba-3e1b-ac5b-05c8867e762c,,10,10,410620009,,,,,,,,,947c82ee-1735-c9ed-3c12-c41b7b0bcd87,2018-02-05T18:48:26Z,2018-02-05T18:48:26Z,51fdfd02-3311-3872-b3f8-5f566ae8d27e,CLOSED,CLOSED,CLOSED,0,0,0,2018-02-05T19:03:26Z,2018-02-05T19:03:26Z,2018-02-05T19:03:26Z,1,1
947c82ee-1735-c9ed-440b-85cc487b1c6b,947c82ee-1735-c9ed-8210-38cb93d8070c,51fdfd02-3311-3872-b3f8-5f566ae8d27e,26aab0cd-6aba-3e1b-ac5b-05c8867e762c,,10,10,410620009,,,,,,,,,947c82ee-1735-c9ed-a660-07085534e1f3,2018-08-06T18:48:26Z,2018-08-06T18:48:26Z,51fdfd02-3311-3872-b3f8-5f566ae8d27e,CLOSED,CLOSED,CLOSED,0,0,0,2018-08-06T19:03:26Z,2018-08-06T19:03:26Z,2018-08-06T19:03:26Z,1,1
947c82ee-1735-c9ed-212a-681b66c613c9,947c82ee-1735-c9ed-8210-38cb93d8070c,51fdfd02-3311-3872-b3f8-5f566ae8d27e,26aab0cd-6aba-3e1b-ac5b-05c8867e762c,,10,10,410620009,,,,,,,,,947c82ee-1735-c9ed-8552-144e88d24649,2019-02-04T18:48:26Z,2019-02-04T18:48:26Z,51fdfd02-3311-3872-b3f8-5f566ae8d27e,CLOSED,CLOSED,CLOSED,0,0,0,2019-02-04T19:03:26Z,2019-02-04T19:03:26Z,2019-02-04T19:03:26Z,1,1
947c82ee-1735-c9ed-ad5b-d0b0e162535f,947c82ee-1735-c9ed-8210-38cb93d8070c,51fdfd02-3311-3872-b3f8-5f566ae8d27e,26aab0cd-6aba-3e1b-ac5b-05c8867e762c,,10,10,410620009,,,,,,,,,947c82ee-1735-c9ed-2a54-db4cd7f9190e,2019-08-05T18:48:26Z,2019-08-05T18:48:26Z,51fdfd02-3311-3872-b3f8-5f566ae8d27e,CLOSED,CLOSED,CLOSED,0,0,0,2019-08-05T19:03:26Z,2019-08-05T19:03:26Z,2019-08-05T19:03:26Z,1,1
947c82ee-1735-c9ed-4bea-edf7dcbe5949,947c82ee-1735-c9ed-8210-38cb93d8070c,51fdfd02-3311-3872-b3f8-5f566ae8d27e,26aab0cd-6aba-3e1b-ac5b-05c8867e762c,,10,10,410620009,,,,,,,,,947c82ee-1735-c9ed-6454-8f9a6dd77004,2020-02-03T18:48:26Z,2020-02-03T18:48:26Z,51fdfd02-3311-3872-b3f8-5f566ae8d27e,CLOSED,CLOSED,CLOSED,0,0,0,2020-02-03T19:03:26Z,2020-02-03T19:03:26Z,2020-02-03T19:03:26Z,1,1
947c82ee-1735-c9ed-0e57-8d766d90e160,947c82ee-1735-c9ed-8210-38cb93d8070c,51fdfd02-3311-3872-b3f8-5f566ae8d27e,26aab0cd-6aba-3e1b-ac5b-05c8867e762c,,10,10,410620009,,,,,,,,,947c82ee-1735-c9ed-3f7a-2ac2864e7905,2021-02-08T18:48:26Z,2021-02-08T18:48:26Z,51fdfd02-3311-3872-b3f8-5f566ae8d27e,CLOSED,CLOSED,CLOSED,0,0,0,2021-02-08T19:03:26Z,2021-02-08T19:03:26Z,2021-02-08T19:03:26Z,1,1
947c82ee-1735-c9ed-0c69-8d595bec0d34,947c82ee-1735-c9ed-8210-38cb93d8070c,51fdfd02-3311-3872-b3f8-5f566ae8d27e,26aab0cd-6aba-3e1b-ac5b-05c8867e762c,,10,10,410620009,,,,,,,,,947c82ee-1735-c9ed-0210-3334184f3574,2022-02-14T18:48:26Z,2022-02-14T18:48:26Z,51fdfd02-3311-3872-b3f8-5f566ae8d27e,CLOSED,CLOSED,CLOSED,0,0,0,2022-02-14T19:03:26Z,2022-02-14T19:03:26Z,2022-02-14T19:03:26Z,1,1
947c82ee-1735-c9ed-15fb-2b751aa1d970,947c82ee-1735-c9ed-8210-38cb93d8070c,51fdfd02-3311-3872-b3f8-5f566ae8d27e,26aab0cd-6aba-3e1b-ac5b-05c8867e762c,,10,10,410620009,,,,,,,,,947c82ee-1735-c9ed-1d84-167eac452ad8,2023-02-20T18:48:26Z,2023-02-20T18:48:26Z,51fdfd02-3311-3872-b3f8-5f566ae8d27e,CLOSED,CLOSED,CLOSED,0,0,0,2023-02-20T19:03:26Z,2023-02-20T19:03:26Z,2023-02-20T19:03:26Z,1,1
947c82ee-1735-c9ed-1206-21904bcfd316,947c82ee-1735-c9ed-8210-38cb93d8070c,51fdfd02-3311-3872-b3f8-5f566ae8d27e,26aab0cd-6aba-3e1b-ac5b-05c8867e762c,,10,10,410620009,,,,,,,,,947c82ee-1735-c9ed-379a-ed78443df047,2024-02-26T18:48:26Z,2024-02-26T18:48:26Z,51fdfd02-3311-3872-b3f8-5f566ae8d27e,CLOSED,CLOSED,CLOSED,0,0,0,2024-02-26T19:03:26Z,2024-02-26T19:03:26Z,2024-02-26T19:03:26Z,1,1
947c82ee-1735-c9ed-9e60-3755ebfafb4f,947c82ee-1735-c9ed-8210-38cb93d8070c,51fdfd02-3311-3872-b3f8-5f566ae8d27e,26aab0cd-6aba-3e1b-ac5b-05c8867e762c,,10,10,410620009,,,,,,,,,947c82ee-1735-c9ed-fce8-8059df97f38b,2025-03-03T18:48:26Z,2025-03-03T18:48:26Z,51fdfd02-3311-3872-b3f8-5f566ae8d27e,CLOSED,CLOSED,CLOSED,0,0,0,2025-03-03T19:03:26Z,2025-03-03T19:03:26Z,2025-03-03T19:03:26Z,1,1
947c82ee-1735-c9ed-8119-65c529593a11,947c82ee-1735-c9ed-8210-38cb93d8070c,51fdfd02-3311-3872-b3f8-5f566ae8d27e,26aab0cd-6aba-3e1b-ac5b-05c8867e762c,,10,10,410620009,,,,,,,,,947c82ee-1735-c9ed-71b1-f3501f929173,2026-03-09T18:48:26Z,2026-03-09T18:48:26Z,51fdfd02-3311-3872-b3f8-5f566ae8d27e,CLOSED,CLOSED,CLOSED,0,0,0,2026-03-09T19:03:26Z,2026-03-09T19:03:26Z,2026-03-09T19:03:26Z,1,1
2c167999-289d-95fa-10d7-07bfb7eced73,2c167999-289d-95fa-5c27-7d8b8d35348c,d8f3b5b7-0cf5-31f0-a7e8-5c6dc99e1c46,0133f751-9229-3cfd-815f-b6d4979bdd6a,,20,20,59621000,,,,,,,,,2c167999-289d-95fa-ca98-9219862c18dd,2005-01-07T21:49:46Z,2005-01-07T21:49:46Z,d8f3b5b7-0cf5-31f0-a7e8-5c6dc99e1c46,CLOSED,CLOSED,CLOSED,0,0,0,2005-01-07T22:04:46Z,2005-01-07T22:04:46Z,2005-01-07T22:04:46Z,1,1
2c167999-289d-95fa-824b-84382eb9db87,2c167999-289d-95fa-5c27-7d8b8d35348c,d8f3b5b7-0cf5-31f0-a7e8-5c6dc99e1c46,0133f751-9229-3cfd-815f-b6d4979bdd6a,,20,20,59621000,,,,,,,,,2c167999-289d-95fa-ca98-9219862c18dd,2005-01-07T21:49:46Z,2005-01-07T21:49:46Z,d8f3b5b7-0cf5-31f0-a7e8-5c6dc99e1c46,CLOSED,CLOSED,CLOSED,0,0,0,2005-01-07T22:04:46Z,2005-01-07T22:04:46Z,2005-01-07T22:04:46Z,1,1
2c167999-289d-95fa-91ea-26e90b0754fc,2c167999-289d-95fa-5c27-7d8b8d35348c,532c7d9b-da7c-3009-9e3f-bcbe7ebf3ad2,0133f751-9229-3cfd-815f-b6d4979bdd6a,,1,1,59621000,,,,,,,,,2c167999-289d-95fa-d54f-27597800a2b1,2005-01-07T21:49:46Z,2005-02-06T21:49:46Z,532c7d9b-da7c-3009-9e3f-bcbe7ebf3ad2,CLOSED,CLOSED,CLOSED,0,0,0,2005-02-06T22:04:46Z,2005-02-06T22:04:46Z,2005-02-06T22:04:46Z,2,2
2c167999-289d-95fa-6eb5-9598366b1091,2c167999-289d-95fa-5c27-7d8b8d35348c,532c7d9b-da7c-3009-9e3f-bcbe7ebf3ad2,0133f751-9229-3cfd-815f-b6d4979bdd6a,,1,1,59621000,,,,,,,,,2c167999-289d-95fa-d54f-27597800a2b1,2005-01-07T21:49:46Z,2005-02-06T21:49:46Z,532c7d9b-da7c-3009-9e3f-bcbe7ebf3ad2,CLOSED,CLOSED,CLOSED,0,0,0,2005-02-06T22:04:46Z,2005-02-06T22:04:46Z,2005-02-06T22:04:46Z,2,2
2c167999-289d-95fa-7aad-cae4fcda3e8e,2c167999-289d-95fa-5c27-7d8b8d35348c,d8f3b5b7-0cf5-31f0-a7e8-5c6dc99e1c46,8fa6c185-e44e-3e34-8bd8-39be8694f4ce,,20,20,162673000,,,,,,,,,2c167999-289d-95fa-6c2a-6aa649917afb,2017-03-17T21:49:46Z,2017-03-17T21:49:46Z,d8f3b5b7-0cf5-31f0-a7e8-5c6dc99e1c46,CLOSED,CLOSED,CLOSED,0,0,0,2017-03-17T22:04:46Z,2017-03-17T22:04:46Z,2017-03-17T22:04:46Z,1,1
2c167999-289d-95fa-e2e7-2dbb361343da,2c167999-289d-95fa-5c27-7d8b8d35348c,d8f3b5b7-0cf5-31f0-a7e8-5c6dc99e1c46,8fa6c185-e44e-3e34-8bd8-39be8694f4ce,,20,20,162673000,,,,,,,,,2c167999-289d-95fa-7c8b-b4d685310ec3,2018-03-23T21:49:46Z,2018-03-23T21:49:46Z,d8f3b5b7-0cf5-31f0-a7e8-5c6dc99e1c46,CLOSED,CLOSED,CLOSED,0,0,0,2018-03-23T22:04:46Z,2018-03-23T22:04:46Z,2018-03-23T22:04:46Z,1,1
2c167999-289d-95fa-8f98-3532792a21d9,2c167999-289d-95fa-5c27-7d8b8d35348c,d8f3b5b7-0cf5-31f0-a7e8-5c6dc99e1c46,8fa6c185-e44e-3e34-8bd8-39be8694f4ce,,20,20,162673000,,,,,,,,,2c167999-289d-95fa-e9fb-d2f98927fd0e,2019-03-29T21:49:46Z,2019-03-29T21:49:46Z,d8f3b5b7-0cf5-31f0-a7e8-5c6dc99e1c46,CLOSED,CLOSED,CLOSED,0,0,0,2019-03-29T22:04:46Z,2019-03-29T22:04:46Z,2019-03-29T22:04:46Z,1,1
2c167999-289d-95fa-57a5-457249e77c1b,2c167999-289d-95fa-5c27-7d8b8d35348c,d8f3b5b7-0cf5-31f0-a7e8-5c6dc99e1c46,8fa6c185-e44e-3e34-8bd8-39be8694f4ce,,20,20,162673000,,,,,,,,,2c167999-289d-95fa-9f87-c0c26d763083,2020-04-03T21:49:46Z,2020-04-03T21:49:46Z,d8f3b5b7-0cf5-31f0-a7e8-5c6dc99e1c46,CLOSED,CLOSED,CLOSED,0,0,0,2020-04-03T22:04:46Z,2020-04-03T22:04:46Z,2020-04-03T22:04:46Z,1,1
2c167999-289d-95fa-9097-8d0b0592bd71,2c167999-289d-95fa-5c27-7d8b8d35348c,d8f3b5b7-0cf5-31f0-a7e8-5c6dc99e1c46,8fa6c185-e44e-3e34-8bd8-39be8694f4ce,,20,20,162673000,,,,,,,,,2c167999-289d-95fa-7270-ad45b715ec24,2021-04-09T21:49:46Z,2021-04-09T21:49:46Z,d8f3b5b7-0cf5-31f0-a7e8-5c6dc99e1c46,CLOSED,CLOSED,CLOSED,0,0,0,2021-04-09T22:04:46Z,2021-04-09T22:04:46Z,2021-04-09T22:04:46Z,1,1
2c167999-289d-95fa-e6cf-cc5d62c7a033,2c167999-289d-95fa-5c27-7d8b8d35348c,d8f3b5b7-0cf5-31f0-a7e8-5c6dc99e1c46,8fa6c185-e44e-3e34-8bd8-39be8694f4ce,,20,20,162673000,,,,,,,,,2c167999-289d-95fa-a70f-d45b4b792aba,2022-04-15T21:49:46Z,2022-04-15T21:49:46Z,d8f3b5b7-0cf5-31f0-a7e8-5c6dc99e1c46,CLOSED,CLOSED,CLOSED,0,0,0,2022-04-15T22:04:46Z,2022-04-15T22:04:46Z,2022-04-15T22:04:46Z,1,1
2c167999-289d-95fa-0c1d-a6beafc94946,2c167999-289d-95fa-5c27-7d8b8d35348c,d8f3b5b7-0cf5-31f0-a7e8-5c6dc99e1c46,8fa6c185-e44e-3e34-8bd8-39be8694f4ce,,20,20,162673000,,,,,,,,,2c167999-289d-95fa-0398-cddb481127f7,2023-04-21T21:49:46Z,2023-04-21T21:49:46Z,d8f3b5b7-0cf5-31f0-a7e8-5c6dc99e1c46,CLOSED,CLOSED,CLOSED,0,0,0,2023-04-21T22:04:46Z,2023-04-21T22:04:46Z,2023-04-21T22:04:46Z,1,1
2c167999-289d-95fa-1ff9-d64ba0259736,2c167999-289d-95fa-5c27-7d8b8d35348c,d8f3b5b7-0cf5-31f0-a7e8-5c6dc99e1c46,8fa6c185-e44e-3e34-8bd8-39be8694f4ce,,20,20,162673000,,,,,,,,,2c167999-289d-95fa-98bf-99272493fa58,2024-04-26T21:49:46Z,2024-04-26T21:49:46Z,d8f3b5b7-0cf5-31f0-a7e8-5c6dc99e1c46,CLOSED,CLOSED,CLOSED,0,0,0,2024-04-26T22:04:46Z,2024-04-26T22:04:46Z,2024-04-26T22:04:46Z,1,1
2c167999-289d-95fa-11e6-86e9ec3d96c4,2c167999-289d-95fa-5c27-7d8b8d35348c,d8f3b5b7-0cf5-31f0-a7e8-5c6dc99e1c46,734afbd6-4794-363b-9bc0-6a3981533ed5,,20,20,162673000,,,,,,,,,2c167999-289d-95fa-0a06-a865fdf81a6d,2025-05-02T21:49:46Z,2025-05-02T21:49:46Z,d8f3b5b7-0cf5-31f0-a7e8-5c6dc99e1c46,CLOSED,CLOSED,CLOSED,0,0,0,2025-05-02T22:04:46Z,2025-05-02T22:04:46Z,2025-05-02T22:04:46Z,1,1
2c167999-289d-95fa-51ef-196a272ce08a,2c167999-289d-95fa-5c27-7d8b8d35348c,d8f3b5b7-0cf5-31f0-a7e8-5c6dc99e1c46,734afbd6-4794-363b-9bc0-6a3981533ed5,,20,20,162673000,,,,,,,,,2c167999-289d-95fa-ec04-91a3b23dc2f3,2026-05-08T21:49:46Z,2026-05-08T21:49:46Z,d8f3b5b7-0cf5-31f0-a7e8-5c6dc99e1c46,CLOSED,CLOSED,CLOSED,0,0,0,2026-05-08T22:04:46Z,2026-05-08T22:04:46Z,2026-05-08T22:04:46Z,1,1
d15b23ed-02d5-3e28-a3c3-01a88835e828,d15b23ed-02d5-3e28-efbd-2604425317c5,0293ee49-21f4-3382-879a-78aa54d2cc0b,df166300-5a78-3502-a46a-832842197811,,10,10,410620009,,,,,,,,,d15b23ed-02d5-3e28-2117-053e9f36e7c6,2026-02-25T01:05:58Z,2026-02-25T01:05:58Z,0293ee49-21f4-3382-879a-78aa54d2cc0b,CLOSED,CLOSED,CLOSED,0,0,0,2026-02-25T01:20:58Z,2026-02-25T01:20:58Z,2026-02-25T01:20:58Z,1,1
d15b23ed-02d5-3e28-abc7-b4604ba817dc,d15b23ed-02d5-3e28-efbd-2604425317c5,0293ee49-21f4-3382-879a-78aa54d2cc0b,df166300-5a78-3502-a46a-832842197811,,10,10,410620009,,,,,,,,,d15b23ed-02d5-3e28-a1d4-b1d1eaaa8ff6,2026-04-01T01:05:58Z,2026-04-01T01:05:58Z,0293ee49-21f4-3382-879a-78aa54d2cc0b,CLOSED,CLOSED,CLOSED,0,0,0,2026-04-01T01:20:58Z,2026-04-01T01:20:58Z,2026-04-01T01:20:58Z,1,1
d15b23ed-02d5-3e28-f4ba-cdc4e4a329fd,d15b23ed-02d5-3e28-efbd-2604425317c5,0293ee49-21f4-3382-879a-78aa54d2cc0b,df166300-5a78-3502-a46a-832842197811,,10,10,410620009,,,,,,,,,d15b23ed-02d5-3e28-c7fa-5dd9ab3f09c8,2026-06-03T01:05:58Z,2026-06-03T01:05:58Z,0293ee49-21f4-3382-879a-78aa54d2cc0b,CLOSED,CLOSED,CLOSED,0,0,0,2026-06-03T01:20:58Z,2026-06-03T01:20:58Z,2026-06-03T01:20:58Z,1,1
9661a432-4630-2cd9-9965-2e12eb29d790,9661a432-4630-2cd9-142c-386845fae837,64dd553d-c29c-3f45-a538-19445ac5e665,df166300-5a78-3502-a46a-832842197811,,20,20,162673000,,,,,,,,,9661a432-4630-2cd9-ef77-cbc2544de165,2017-12-05T00:45:07Z,2017-12-05T00:45:07Z,64dd553d-c29c-3f45-a538-19445ac5e665,CLOSED,CLOSED,CLOSED,0,0,0,2017-12-05T01:00:07Z,2017-12-05T01:00:07Z,2017-12-05T01:00:07Z,1,1
9661a432-4630-2cd9-d925-47e16f7f0d99,9661a432-4630-2cd9-142c-386845fae837,64dd553d-c29c-3f45-a538-19445ac5e665,df166300-5a78-3502-a46a-832842197811,,20,20,162673000,,,,,,,,,9661a432-4630-2cd9-90ea-1139d11a79aa,2019-12-10T00:45:07Z,2019-12-10T00:45:07Z,64dd553d-c29c-3f45-a538-19445ac5e665,CLOSED,CLOSED,CLOSED,0,0,0,2019-12-10T01:00:07Z,2019-12-10T01:00:07Z,2019-12-10T01:00:07Z,1,1
9661a432-4630-2cd9-4a67-365c9c805c8f,9661a432-4630-2cd9-142c-386845fae837,d042c7fc-5990-3ea0-b029-ee7bccca91be,df166300-5a78-3502-a46a-832842197811,,2,2,33879002,,,,,,,,,9661a432-4630-2cd9-4a72-a6044cd8aae7,2021-03-30T00:45:07Z,2021-03-30T00:45:07Z,d042c7fc-5990-3ea0-b029-ee7bccca91be,CLOSED,CLOSED,CLOSED,0,0,0,2021-03-30T01:00:07Z,2021-03-30T01:00:07Z,2021-03-30T01:00:07Z,2,2
9661a432-4630-2cd9-e6e8-20c17050a0a8,9661a432-4630-2cd9-142c-386845fae837,d042c7fc-5990-3ea0-b029-ee7bccca91be,df166300-5a78-3502-a46a-832842197811,,2,2,33879002,,,,,,,,,9661a432-4630-2cd9-8fa0-a5f452b3b6d5,2021-04-27T00:45:07Z,2021-04-27T00:45:07Z,d042c7fc-5990-3ea0-b029-ee7bccca91be,CLOSED,CLOSED,CLOSED,0,0,0,2021-04-27T01:00:07Z,2021-04-27T01:00:07Z,2021-04-27T01:00:07Z,2,2
9661a432-4630-2cd9-6fbd-81c8dbeec950,9661a432-4630-2cd9-142c-386845fae837,64dd553d-c29c-3f45-a538-19445ac5e665,df166300-5a78-3502-a46a-832842197811,,20,20,162673000,,,,,,,,,9661a432-4630-2cd9-89eb-4b96370c18d3,2021-12-14T00:45:07Z,2021-12-14T00:45:07Z,64dd553d-c29c-3f45-a538-19445ac5e665,CLOSED,CLOSED,CLOSED,0,0,0,2021-12-14T01:00:07Z,2021-12-14T01:00:07Z,2021-12-14T01:00:07Z,1,1
9661a432-4630-2cd9-08eb-7e481c9aab29,9661a432-4630-2cd9-142c-386845fae837,64dd553d-c29c-3f45-a538-19445ac5e665,df166300-5a78-3502-a46a-832842197811,,20,20,162673000,,,,,,,,,9661a432-4630-2cd9-a47f-f6596bb9db65,2023-12-19T00:45:07Z,2023-12-19T00:45:07Z,64dd553d-c29c-3f45-a538-19445ac5e665,CLOSED,CLOSED,CLOSED,0,0,0,2023-12-19T01:00:07Z,2023-12-19T01:00:07Z,2023-12-19T01:00:07Z,1,1
9661a432-4630-2cd9-49cc-ebc4054a6843,9661a432-4630-2cd9-142c-386845fae837,64dd553d-c29c-3f45-a538-19445ac5e665,df166300-5a78-3502-a46a-832842197811,,20,20,162673000,,,,,,,,,9661a432-4630-2cd9-8e63-536ed2666630,2025-12-23T00:45:07Z,2025-12-23T00:45:07Z,64dd553d-c29c-3f45-a538-19445ac5e665,CLOSED,CLOSED,CLOSED,0,0,0,2025-12-23T01:00:07Z,2025-12-23T01:00:07Z,2025-12-23T01:00:07Z,1,1
982750f4-569b-5949-d597-e81c799f43f6,982750f4-569b-5949-196b-60699bdda3fb,2111ab21-5cd6-3f3e-8e47-27a12f8ecb6b,8fa6c185-e44e-3e34-8bd8-39be8694f4ce,,20,20,162673000,,,,,,,,,982750f4-569b-5949-d9e9-efaf9a302290,2017-11-07T10:49:56Z,2017-11-07T10:49:56Z,2111ab21-5cd6-3f3e-8e47-27a12f8ecb6b,CLOSED,CLOSED,CLOSED,0,0,0,2017-11-07T11:04:56Z,2017-11-07T11:04:56Z,2017-11-07T11:04:56Z,1,1
982750f4-569b-5949-e69d-650feefaecd8,982750f4-569b-5949-196b-60699bdda3fb,2111ab21-5cd6-3f3e-8e47-27a12f8ecb6b,0133f751-9229-3cfd-815f-b6d4979bdd6a,,20,20,59621000,,,,,,,,,982750f4-569b-5949-be1e-15b3ead35af1,2020-11-10T10:49:56Z,2020-11-10T10:49:56Z,2111ab21-5cd6-3f3e-8e47-27a12f8ecb6b,CLOSED,CLOSED,CLOSED,0,0,0,2020-11-10T11:04:56Z,2020-11-10T11:04:56Z,2020-11-10T11:04:56Z,1,1
982750f4-569b-5949-5a38-13050b3220cc,982750f4-569b-5949-196b-60699bdda3fb,2111ab21-5cd6-3f3e-8e47-27a12f8ecb6b,0133f751-9229-3cfd-815f-b6d4979bdd6a,,20,20,59621000,,,,,,,,,982750f4-569b-5949-be1e-15b3ead35af1,2020-11-10T10:49:56Z,2020-11-10T10:49:56Z,2111ab21-5cd6-3f3e-8e47-27a12f8ecb6b,CLOSED,CLOSED,CLOSED,0,0,0,2020-11-10T11:04:56Z,2020-11-10T11:04:56Z,2020-11-10T11:04:56Z,1,1
982750f4-569b-5949-2abf-45b67d8a6ff9,982750f4-569b-5949-196b-60699bdda3fb,2111ab21-5cd6-3f3e-8e47-27a12f8ecb6b,0133f751-9229-3cfd-815f-b6d4979bdd6a,,20,20,59621000,,,,,,,,,982750f4-569b-5949-be1e-15b3ead35af1,2020-11-10T10:49:56Z,2020-11-10T10:49:56Z,2111ab21-5cd6-3f3e-8e47-27a12f8ecb6b,CLOSED,CLOSED,CLOSED,0,0,0,2020-11-10T11:04:56Z,2020-11-10T11:04:56Z,2020-11-10T11:04:56Z,1,1
c0a47dee-cc72-29ce-fb60-2e163bbf10de,c0a47dee-cc72-29ce-df5a-ea6d306c36a4,dcbea2bf-db8b-3373-8383-b7aaf1394d6a,26aab0cd-6aba-3e1b-ac5b-05c8867e762c,,20,20,162673000,,,,,,,,,c0a47dee-cc72-29ce-134f-1d3407033bf0,2018-02-18T15:49:25Z,2018-02-18T15:49:25Z,dcbea2bf-db8b-3373-8383-b7aaf1394d6a,CLOSED,CLOSED,CLOSED,0,0,0,2018-02-18T16:04:25Z,2018-02-18T16:04:25Z,2018-02-18T16:04:25Z,1,1
c0a47dee-cc72-29ce-ca22-119ce4e9c91e,c0a47dee-cc72-29ce-df5a-ea6d306c36a4,dcbea2bf-db8b-3373-8383-b7aaf1394d6a,26aab0cd-6aba-3e1b-ac5b-05c8867e762c,,20,20,162673000,,,,,,,,,c0a47dee-cc72-29ce-61eb-cc484e0a4c68,2021-02-21T15:49:25Z,2021-02-21T15:49:25Z,dcbea2bf-db8b-3373-8383-b7aaf1394d6a,CLOSED,CLOSED,CLOSED,0,0,0,2021-02-21T16:04:25Z,2021-02-21T16:04:25Z,2021-02-21T16:04:25Z,1,1
c0a47dee-cc72-29ce-bfe0-06d7249b6524,c0a47dee-cc72-29ce-df5a-ea6d306c36a4,fcb7acd3-8e58-3fbc-849e-c66fe2a7f308,26aab0cd-6aba-3e1b-ac5b-05c8867e762c,,2,2,33879002,,,,,,,,,c0a47dee-cc72-29ce-6bb4-582a3a5f2a78,2021-07-04T15:49:25Z,2021-07-04T15:49:25Z,fcb7acd3-8e58-3fbc-849e-c66fe2a7f308,CLOSED,CLOSED,CLOSED,0,0,0,2021-07-04T16:04:25Z,2021-07-04T16:04:25Z,2021-07-04T16:04:25Z,2,2
c0a47dee-cc72-29ce-a646-c3077a62bf5f,c0a47dee-cc72-29ce-df5a-ea6d306c36a4,dcbea2bf-db8b-3373-8383-b7aaf1394d6a,26aab0cd-6aba-3e1b-ac5b-05c8867e762c,,20,20,162673000,,,,,,,,,c0a47dee-cc72-29ce-4079-c43aee000cda,2024-02-25T15:49:25Z,2024-02-25T15:49:25Z,dcbea2bf-db8b-3373-8383-b7aaf1394d6a,CLOSED,CLOSED,CLOSED,0,0,0,2024-02-25T16:04:25Z,2024-02-25T16:04:25Z,2024-02-25T16:04:25Z,1,1
982750f4-569b-5949-ee44-d9d1384485d5,982750f4-569b-5949-196b-60699bdda3fb,63a3df90-0349-3d20-ac6f-2c0b63730781,0133f751-9229-3cfd-815f-b6d4979bdd6a,,1,1,59621000,,,,,,,,,982750f4-569b-5949-0b84-c8a192c3c228,2020-11-10T10:49:56Z,2020-12-10T10:49:56Z,63a3df90-0349-3d20-ac6f-2c0b63730781,CLOSED,CLOSED,CLOSED,0,0,0,2020-12-10T11:04:56Z,2020-12-10T11:04:56Z,2020-12-10T11:04:56Z,2,2
982750f4-569b-5949-28a7-7bb10348f373,982750f4-569b-5949-196b-60699bdda3fb,63a3df90-0349-3d20-ac6f-2c0b63730781,0133f751-9229-3cfd-815f-b6d4979bdd6a,,1,1,59621000,,,,,,,,,982750f4-569b-5949-d620-799f03144090,2020-11-10T10:49:56Z,2021-02-08T10:49:56Z,63a3df90-0349-3d20-ac6f-2c0b63730781,CLOSED,CLOSED,CLOSED,0,0,0,2021-02-08T11:04:56Z,2021-02-08T11:04:56Z,2021-02-08T11:04:56Z,2,2
982750f4-569b-5949-f3c3-4b901ef2736d,982750f4-569b-5949-196b-60699bdda3fb,63a3df90-0349-3d20-ac6f-2c0b63730781,0133f751-9229-3cfd-815f-b6d4979bdd6a,,1,1,59621000,,,,,,,,,982750f4-569b-5949-5c46-74696b9fc205,2020-11-10T10:49:56Z,2021-04-09T10:49:56Z,63a3df90-0349-3d20-ac6f-2c0b63730781,CLOSED,CLOSED,CLOSED,0,0,0,2021-04-09T11:04:56Z,2021-04-09T11:04:56Z,2021-04-09T11:04:56Z,2,2
982750f4-569b-5949-993d-b788f5101b3a,982750f4-569b-5949-196b-60699bdda3fb,cabc2729-89f2-3248-bb45-c710aa1f3a7f,0133f751-9229-3cfd-815f-b6d4979bdd6a,,2,2,33879002,,,,,,,,,982750f4-569b-5949-f40c-c0d23213aad2,2021-05-11T10:49:56Z,2021-05-11T10:49:56Z,cabc2729-89f2-3248-bb45-c710aa1f3a7f,CLOSED,CLOSED,CLOSED,0,0,0,2021-05-11T11:04:56Z,2021-05-11T11:04:56Z,2021-05-11T11:04:56Z,2,2
982750f4-569b-5949-250f-f57007238d17,982750f4-569b-5949-196b-60699bdda3fb,cabc2729-89f2-3248-bb45-c710aa1f3a7f,0133f751-9229-3cfd-815f-b6d4979bdd6a,,2,2,33879002,,,,,,,,,982750f4-569b-5949-405e-1d94afb7db3a,2021-06-08T10:49:56Z,2021-06-08T10:49:56Z,cabc2729-89f2-3248-bb45-c710aa1f3a7f,CLOSED,CLOSED,CLOSED,0,0,0,2021-06-08T11:04:56Z,2021-06-08T11:04:56Z,2021-06-08T11:04:56Z,2,2
982750f4-569b-5949-e051-f74dcd80bf94,982750f4-569b-5949-196b-60699bdda3fb,2111ab21-5cd6-3f3e-8e47-27a12f8ecb6b,8fa6c185-e44e-3e34-8bd8-39be8694f4ce,,20,20,162673000,,,,,,,,,982750f4-569b-5949-769d-a76319d80030,2021-11-16T10:49:56Z,2021-11-16T10:49:56Z,2111ab21-5cd6-3f3e-8e47-27a12f8ecb6b,CLOSED,CLOSED,CLOSED,0,0,0,2021-11-16T11:04:56Z,2021-11-16T11:04:56Z,2021-11-16T11:04:56Z,1,1
982750f4-569b-5949-d787-3fd19f804da0,982750f4-569b-5949-196b-60699bdda3fb,2111ab21-5cd6-3f3e-8e47-27a12f8ecb6b,8fa6c185-e44e-3e34-8bd8-39be8694f4ce,,20,20,162673000,,,,,,,,,982750f4-569b-5949-af16-544eaf555ec6,2022-11-22T10:49:56Z,2022-11-22T10:49:56Z,2111ab21-5cd6-3f3e-8e47-27a12f8ecb6b,CLOSED,CLOSED,CLOSED,0,0,0,2022-11-22T11:04:56Z,2022-11-22T11:04:56Z,2022-11-22T11:04:56Z,1,1
982750f4-569b-5949-590b-bf0f99ea45dc,982750f4-569b-5949-196b-60699bdda3fb,2111ab21-5cd6-3f3e-8e47-27a12f8ecb6b,0133f751-9229-3cfd-815f-b6d4979bdd6a,,20,20,162673000,,,,,,,,,982750f4-569b-5949-4db1-2a431b140c63,2023-11-28T10:49:56Z,2023-11-28T10:49:56Z,2111ab21-5cd6-3f3e-8e47-27a12f8ecb6b,CLOSED,CLOSED,CLOSED,0,0,0,2023-11-28T11:04:56Z,2023-11-28T11:04:56Z,2023-11-28T11:04:56Z,1,1
982750f4-569b-5949-6610-fdafb50196dd,982750f4-569b-5949-196b-60699bdda3fb,2111ab21-5cd6-3f3e-8e47-27a12f8ecb6b,734afbd6-4794-363b-9bc0-6a3981533ed5,,20,20,162673000,,,,,,,,,982750f4-569b-5949-c375-bdcb4f8ad546,2024-12-03T10:49:56Z,2024-12-03T10:49:56Z,2111ab21-5cd6-3f3e-8e47-27a12f8ecb6b,CLOSED,CLOSED,CLOSED,0,0,0,2024-12-03T11:04:56Z,2024-12-03T11:04:56Z,2024-12-03T11:04:56Z,1,1
982750f4-569b-5949-93ef-d9b8e62f7fa3,982750f4-569b-5949-196b-60699bdda3fb,2111ab21-5cd6-3f3e-8e47-27a12f8ecb6b,0133f751-9229-3cfd-815f-b6d4979bdd6a,,20,20,162673000,,,,,,,,,982750f4-569b-5949-a9c3-a185e7b820e4,2025-12-09T10:49:56Z,2025-12-09T10:49:56Z,2111ab21-5cd6-3f3e-8e47-27a12f8ecb6b,CLOSED,CLOSED,CLOSED,0,0,0,2025-12-09T11:04:56Z,2025-12-09T11:04:56Z,2025-12-09T11:04:56Z,1,1
922fb35e-148d-9e82-854c-acca5e462ac2,922fb35e-148d-9e82-7e65-bfa05e3b3515,fbd06a20-32c5-368e-9346-c310d02ee023,26aab0cd-6aba-3e1b-ac5b-05c8867e762c,,20,20,162673000,,,,,,,,,922fb35e-148d-9e82-e986-133c6a1cd6de,2017-12-14T08:42:45Z,2017-12-14T08:42:45Z,fbd06a20-32c5-368e-9346-c310d02ee023,CLOSED,CLOSED,CLOSED,0,0,0,2017-12-14T08:57:45Z,2017-12-14T08:57:45Z,2017-12-14T08:57:45Z,1,1
922fb35e-148d-9e82-77e1-2ed96a1f699b,922fb35e-148d-9e82-7e65-bfa05e3b3515,fbd06a20-32c5-368e-9346-c310d02ee023,26aab0cd-6aba-3e1b-ac5b-05c8867e762c,,20,20,162673000,,,,,,,,,922fb35e-148d-9e82-deda-164846f9ece9,2020-12-17T08:42:45Z,2020-12-17T08:42:45Z,fbd06a20-32c5-368e-9346-c310d02ee023,CLOSED,CLOSED,CLOSED,0,0,0,2020-12-17T08:57:45Z,2020-12-17T08:57:45Z,2020-12-17T08:57:45Z,1,1
922fb35e-148d-9e82-e7ce-b7541af68c77,922fb35e-148d-9e82-7e65-bfa05e3b3515,fbd06a20-32c5-368e-9346-c310d02ee023,26aab0cd-6aba-3e1b-ac5b-05c8867e762c,,20,20,162673000,,,,,,,,,922fb35e-148d-9e82-8e32-c4030155eb72,2023-12-21T08:42:45Z,2023-12-21T08:42:45Z,fbd06a20-32c5-368e-9346-c310d02ee023,CLOSED,CLOSED,CLOSED,0,0,0,2023-12-21T08:57:45Z,2023-12-21T08:57:45Z,2023-12-21T08:57:45Z,1,1
35b353dd-402b-571a-425f-310f4dffbabd,35b353dd-402b-571a-d67a-af0a104d0854,67a96069-d5f3-30ff-8bd3-5b1d1039258e,a735bf55-83e9-331a-899d-a82a60b9f60c,b046940f-1664-3047-bca7-dfa76be352a4,20,20,162673000,,,,,,,,,35b353dd-402b-571a-4d08-2ea97e3f400d,2016-11-12T00:20:00Z,2016-11-12T00:20:00Z,67a96069-d5f3-30ff-8bd3-5b1d1039258e,CLOSED,,CLOSED,0,,0,2016-11-12T00:35:00Z,,2016-11-12T00:35:00Z,1,0
35b353dd-402b-571a-e46f-a14726085ab6,35b353dd-402b-571a-d67a-af0a104d0854,67a96069-d5f3-30ff-8bd3-5b1d1039258e,a735bf55-83e9-331a-899d-a82a60b9f60c,b046940f-1664-3047-bca7-dfa76be352a4,20,20,162673000,,,,,,,,,35b353dd-402b-571a-d806-f70a0813aa05,2017-11-18T00:20:00Z,2017-11-18T00:20:00Z,67a96069-d5f3-30ff-8bd3-5b1d1039258e,CLOSED,,CLOSED,0,,0,2017-11-18T00:35:00Z,,2017-11-18T00:35:00Z,1,0
35b353dd-402b-571a-33a6-a99af34ae6d1,35b353dd-402b-571a-d67a-af0a104d0854,67a96069-d5f3-30ff-8bd3-5b1d1039258e,a735bf55-83e9-331a-899d-a82a60b9f60c,,20,20,162673000,,,,,,,,,35b353dd-402b-571a-75b8-a90c5adb3fc7,2018-11-24T00:20:00Z,2018-11-24T00:20:00Z,67a96069-d5f3-30ff-8bd3-5b1d1039258e,CLOSED,CLOSED,CLOSED,0,0,0,2018-11-24T00:35:00Z,2018-11-24T00:35:00Z,2018-11-24T00:35:00Z,1,1
35b353dd-402b-571a-b5d9-a1a22e3365f7,35b353dd-402b-571a-d67a-af0a104d0854,67a96069-d5f3-30ff-8bd3-5b1d1039258e,a735bf55-83e9-331a-899d-a82a60b9f60c,b046940f-1664-3047-bca7-dfa76be352a4,20,20,162673000,,,,,,,,,35b353dd-402b-571a-d9d2-353f6493c76f,2019-11-30T00:20:00Z,2019-11-30T00:20:00Z,67a96069-d5f3-30ff-8bd3-5b1d1039258e,CLOSED,,CLOSED,0,,0,2019-11-30T00:35:00Z,,2019-11-30T00:35:00Z,1,0
35b353dd-402b-571a-73c4-04bf4c746019,35b353dd-402b-571a-d67a-af0a104d0854,67a96069-d5f3-30ff-8bd3-5b1d1039258e,a735bf55-83e9-331a-899d-a82a60b9f60c,b046940f-1664-3047-bca7-dfa76be352a4,20,20,162673000,,,,,,,,,35b353dd-402b-571a-5731-96ac4c50ab02,2020-12-05T00:20:00Z,2020-12-05T00:20:00Z,67a96069-d5f3-30ff-8bd3-5b1d1039258e,CLOSED,,CLOSED,0,,0,2020-12-05T00:35:00Z,,2020-12-05T00:35:00Z,1,0
35b353dd-402b-571a-6555-6ff503cdae24,35b353dd-402b-571a-d67a-af0a104d0854,0bca4c37-6454-3d5d-aff1-aa6386825093,a735bf55-83e9-331a-899d-a82a60b9f60c,b046940f-1664-3047-bca7-dfa76be352a4,2,2,33879002,,,,,,,,,35b353dd-402b-571a-9afa-57e71260fba8,2021-03-20T00:20:00Z,2021-03-20T00:20:00Z,0bca4c37-6454-3d5d-aff1-aa6386825093,CLOSED,,CLOSED,0,,0,2021-03-20T00:35:00Z,,2021-03-20T00:35:00Z,2,0
35b353dd-402b-571a-d186-3053172e5fce,35b353dd-402b-571a-d67a-af0a104d0854,0bca4c37-6454-3d5d-aff1-aa6386825093,a735bf55-83e9-331a-899d-a82a60b9f60c,b046940f-1664-3047-bca7-dfa76be352a4,2,2,33879002,,,,,,,,,35b353dd-402b-571a-6f74-0eb8e5817d64,2021-04-10T00:20:00Z,2021-04-10T00:20:00Z,0bca4c37-6454-3d5d-aff1-aa6386825093,CLOSED,,CLOSED,0,,0,2021-04-10T00:35:00Z,,2021-04-10T00:35:00Z,2,0
35b353dd-402b-571a-fef1-bb41c41a6954,35b353dd-402b-571a-d67a-af0a104d0854,67a96069-d5f3-30ff-8bd3-5b1d1039258e,a735bf55-83e9-331a-899d-a82a60b9f60c,b046940f-1664-3047-bca7-dfa76be352a4,20,20,162673000,,,,,,,,,35b353dd-402b-571a-254a-9be7ba95ccd4,2021-12-11T00:20:00Z,2021-12-11T00:20:00Z,67a96069-d5f3-30ff-8bd3-5b1d1039258e,CLOSED,,CLOSED,0,,0,2021-12-11T00:35:00Z,,2021-12-11T00:35:00Z,1,0
35b353dd-402b-571a-e2df-656474a67491,35b353dd-402b-571a-d67a-af0a104d0854,67a96069-d5f3-30ff-8bd3-5b1d1039258e,a735bf55-83e9-331a-899d-a82a60b9f60c,b046940f-1664-3047-bca7-dfa76be352a4,20,20,162673000,,,,,,,,,35b353dd-402b-571a-a2a0-94fa375e7704,2022-12-17T00:20:00Z,2022-12-17T00:20:00Z,67a96069-d5f3-30ff-8bd3-5b1d1039258e,CLOSED,,CLOSED,0,,0,2022-12-17T00:35:00Z,,2022-12-17T00:35:00Z,1,0
35b353dd-402b-571a-b1ab-db82bc7d3359,35b353dd-402b-571a-d67a-af0a104d0854,67a96069-d5f3-30ff-8bd3-5b1d1039258e,a735bf55-83e9-331a-899d-a82a60b9f60c,b046940f-1664-3047-bca7-dfa76be352a4,20,20,162673000,,,,,,,,,35b353dd-402b-571a-085b-23ddb45ceca5,2023-12-23T00:20:00Z,2023-12-23T00:20:00Z,67a96069-d5f3-30ff-8bd3-5b1d1039258e,CLOSED,,CLOSED,0,,0,2023-12-23T00:35:00Z,,2023-12-23T00:35:00Z,1,0
35b353dd-402b-571a-1ae6-c14e40be5454,35b353dd-402b-571a-d67a-af0a104d0854,67a96069-d5f3-30ff-8bd3-5b1d1039258e,a735bf55-83e9-331a-899d-a82a60b9f60c,b046940f-1664-3047-bca7-dfa76be352a4,20,20,162673000,,,,,,,,,35b353dd-402b-571a-415c-c7ceefcf0f9d,2024-12-28T00:20:00Z,2024-12-28T00:20:00Z,67a96069-d5f3-30ff-8bd3-5b1d1039258e,CLOSED,,CLOSED,0,,0,2024-12-28T00:35:00Z,,2024-12-28T00:35:00Z,1,0
35b353dd-402b-571a-0eba-e1f86dfa867d,35b353dd-402b-571a-d67a-af0a104d0854,67a96069-d5f3-30ff-8bd3-5b1d1039258e,a735bf55-83e9-331a-899d-a82a60b9f60c,b046940f-1664-3047-bca7-dfa76be352a4,20,20,162673000,,,,,,,,,35b353dd-402b-571a-5648-794cc8619f1e,2026-01-03T00:20:00Z,2026-01-03T00:20:00Z,67a96069-d5f3-30ff-8bd3-5b1d1039258e,CLOSED,,CLOSED,0,,0,2026-01-03T00:35:00Z,,2026-01-03T00:35:00Z,1,0
7b06ee52-df9a-8487-ecf1-42b114d52e8f,7b06ee52-df9a-8487-0be6-dff27cc7d519,06ad64e7-a9d5-3bc6-a234-612cf84e7386,26aab0cd-6aba-3e1b-ac5b-05c8867e762c,,10,10,410620009,,,,,,,,,7b06ee52-df9a-8487-c0c2-ff6b052688ca,2017-07-02T16:34:22Z,2017-07-02T16:34:22Z,06ad64e7-a9d5-3bc6-a234-612cf84e7386,CLOSED,CLOSED,CLOSED,0,0,0,2017-07-02T16:49:22Z,2017-07-02T16:49:22Z,2017-07-02T16:49:22Z,1,1
7b06ee52-df9a-8487-86ce-7f6944d44711,7b06ee52-df9a-8487-0be6-dff27cc7d519,06ad64e7-a9d5-3bc6-a234-612cf84e7386,26aab0cd-6aba-3e1b-ac5b-05c8867e762c,,10,10,410620009,,,,,,,,,7b06ee52-df9a-8487-fc6b-8338f4e09865,2018-07-08T16:34:22Z,2018-07-08T16:34:22Z,06ad64e7-a9d5-3bc6-a234-612cf84e7386,CLOSED,CLOSED,CLOSED,0,0,0,2018-07-08T16:49:22Z,2018-07-08T16:49:22Z,2018-07-08T16:49:22Z,1,1
7b06ee52-df9a-8487-761c-79fa687ac669,7b06ee52-df9a-8487-0be6-dff27cc7d519,06ad64e7-a9d5-3bc6-a234-612cf84e7386,26aab0cd-6aba-3e1b-ac5b-05c8867e762c,,20,20,162673000,,,,,,,,,7b06ee52-df9a-8487-db99-29a14bbaef27,2019-07-14T16:34:22Z,2019-07-14T16:34:22Z,06ad64e7-a9d5-3bc6-a234-612cf84e7386,CLOSED,CLOSED,CLOSED,0,0,0,2019-07-14T16:49:22Z,2019-07-14T16:49:22Z,2019-07-14T16:49:22Z,1,1
7b06ee52-df9a-8487-5135-493e831f580e,7b06ee52-df9a-8487-0be6-dff27cc7d519,06ad64e7-a9d5-3bc6-a234-612cf84e7386,26aab0cd-6aba-3e1b-ac5b-05c8867e762c,,20,20,162673000,,,,,,,,,7b06ee52-df9a-8487-89af-f774cad5d693,2020-07-19T16:34:22Z,2020-07-19T16:34:22Z,06ad64e7-a9d5-3bc6-a234-612cf84e7386,CLOSED,CLOSED,CLOSED,0,0,0,2020-07-19T16:49:22Z,2020-07-19T16:49:22Z,2020-07-19T16:49:22Z,1,1
7b06ee52-df9a-8487-0fcd-8043a642b78e,7b06ee52-df9a-8487-0be6-dff27cc7d519,3acd9407-510d-383e-977a-973d64875df7,26aab0cd-6aba-3e1b-ac5b-05c8867e762c,,2,2,33879002,,,,,,,,,7b06ee52-df9a-8487-4175-942071398e7d,2021-04-18T16:34:22Z,2021-04-18T16:34:22Z,3acd9407-510d-383e-977a-973d64875df7,CLOSED,CLOSED,CLOSED,0,0,0,2021-04-18T16:49:22Z,2021-04-18T16:49:22Z,2021-04-18T16:49:22Z,2,2
7b06ee52-df9a-8487-aa38-aa886fda2533,7b06ee52-df9a-8487-0be6-dff27cc7d519,3acd9407-510d-383e-977a-973d64875df7,26aab0cd-6aba-3e1b-ac5b-05c8867e762c,,2,2,33879002,,,,,,,,,7b06ee52-df9a-8487-db02-8dbf0afaceac,2021-05-09T16:34:22Z,2021-05-09T16:34:22Z,3acd9407-510d-383e-977a-973d64875df7,CLOSED,CLOSED,CLOSED,0,0,0,2021-05-09T16:49:22Z,2021-05-09T16:49:22Z,2021-05-09T16:49:22Z,2,2
7b06ee52-df9a-8487-87d6-44ab3cdf1c71,7b06ee52-df9a-8487-0be6-dff27cc7d519,06ad64e7-a9d5-3bc6-a234-612cf84e7386,26aab0cd-6aba-3e1b-ac5b-05c8867e762c,,20,20,162673000,,,,,,,,,7b06ee52-df9a-8487-6aac-b6de5832420c,2023-07-23T16:34:22Z,2023-07-23T16:34:22Z,06ad64e7-a9d5-3bc6-a234-612cf84e7386,CLOSED,CLOSED,CLOSED,0,0,0,2023-07-23T16:49:22Z,2023-07-23T16:49:22Z,2023-07-23T16:49:22Z,1,1
5ba0a3f3-32f7-02b1-7cf5-1ec7c2db8c36,5ba0a3f3-32f7-02b1-ec6a-8f568923954c,f4928cf5-37c7-3e70-b61e-f8c37c57a47e,df166300-5a78-3502-a46a-832842197811,,20,20,162673000,,,,,,,,,5ba0a3f3-32f7-02b1-31bb-005f96092113,2017-05-30T23:03:56Z,2017-05-30T23:03:56Z,f4928cf5-37c7-3e70-b61e-f8c37c57a47e,CLOSED,CLOSED,CLOSED,0,0,0,2017-05-30T23:18:56Z,2017-05-30T23:18:56Z,2017-05-30T23:18:56Z,1,1
5ba0a3f3-32f7-02b1-6dbf-a80543a7b6e1,5ba0a3f3-32f7-02b1-ec6a-8f568923954c,f4928cf5-37c7-3e70-b61e-f8c37c57a47e,df166300-5a78-3502-a46a-832842197811,,20,20,162673000,,,,,,,,,5ba0a3f3-32f7-02b1-717b-11c6b8c34674,2020-06-02T23:03:56Z,2020-06-02T23:03:56Z,f4928cf5-37c7-3e70-b61e-f8c37c57a47e,CLOSED,CLOSED,CLOSED,0,0,0,2020-06-02T23:18:56Z,2020-06-02T23:18:56Z,2020-06-02T23:18:56Z,1,1
5ba0a3f3-32f7-02b1-f19b-0174d2fe9bff,5ba0a3f3-32f7-02b1-ec6a-8f568923954c,1b9a0b1a-6b52-32d1-9fa7-33dfa9122ebc,df166300-5a78-3502-a46a-832842197811,,2,2,33879002,,,,,,,,,5ba0a3f3-32f7-02b1-b1ab-6fac092397d4,2021-04-27T23:03:56Z,2021-04-27T23:03:56Z,1b9a0b1a-6b52-32d1-9fa7-33dfa9122ebc,CLOSED,CLOSED,CLOSED,0,0,0,2021-04-27T23:18:56Z,2021-04-27T23:18:56Z,2021-04-27T23:18:56Z,2,2
5ba0a3f3-32f7-02b1-327a-ad370f89ffab,5ba0a3f3-32f7-02b1-ec6a-8f568923954c,1b9a0b1a-6b52-32d1-9fa7-33dfa9122ebc,df166300-5a78-3502-a46a-832842197811,,2,2,33879002,,,,,,,,,5ba0a3f3-32f7-02b1-b2d8-c20568d4d1e0,2021-05-18T23:03:56Z,2021-05-18T23:03:56Z,1b9a0b1a-6b52-32d1-9fa7-33dfa9122ebc,CLOSED,CLOSED,CLOSED,0,0,0,2021-05-18T23:18:56Z,2021-05-18T23:18:56Z,2021-05-18T23:18:56Z,2,2
5ba0a3f3-32f7-02b1-d696-5124aa48a65e,5ba0a3f3-32f7-02b1-ec6a-8f568923954c,f4928cf5-37c7-3e70-b61e-f8c37c57a47e,df166300-5a78-3502-a46a-832842197811,,20,20,162673000,,,,,,,,,5ba0a3f3-32f7-02b1-4c9a-b0653724aaeb,2023-06-06T23:03:56Z,2023-06-06T23:03:56Z,f4928cf5-37c7-3e70-b61e-f8c37c57a47e,CLOSED,CLOSED,CLOSED,0,0,0,2023-06-06T23:18:56Z,2023-06-06T23:18:56Z,2023-06-06T23:18:56Z,1,1
5ba0a3f3-32f7-02b1-6278-c1c0184ba093,5ba0a3f3-32f7-02b1-ec6a-8f568923954c,f4928cf5-37c7-3e70-b61e-f8c37c57a47e,df166300-5a78-3502-a46a-832842197811,,20,20,162673000,,,,,,,,,5ba0a3f3-32f7-02b1-b689-14a15ad7c3a7,2026-06-09T23:03:56Z,2026-06-09T23:03:56Z,f4928cf5-37c7-3e70-b61e-f8c37c57a47e,CLOSED,CLOSED,CLOSED,0,0,0,2026-06-09T23:18:56Z,2026-06-09T23:18:56Z,2026-06-09T23:18:56Z,1,1
b6a1cac9-8873-36a7-10ff-e6393d347761,b6a1cac9-8873-36a7-e726-4aad8a07d44d,93eac383-0863-3d7c-9b86-6dbd136d1653,df166300-5a78-3502-a46a-832842197811,,20,20,162673000,,,,,,,,,b6a1cac9-8873-36a7-4a1d-233bb4669cd1,2018-04-03T08:45:48Z,2018-04-03T08:45:48Z,93eac383-0863-3d7c-9b86-6dbd136d1653,CLOSED,CLOSED,CLOSED,0,0,0,2018-04-03T09:00:48Z,2018-04-03T09:00:48Z,2018-04-03T09:00:48Z,1,1
b6a1cac9-8873-36a7-7bac-c5eae4cbf966,b6a1cac9-8873-36a7-e726-4aad8a07d44d,93eac383-0863-3d7c-9b86-6dbd136d1653,df166300-5a78-3502-a46a-832842197811,,20,20,162673000,,,,,,,,,b6a1cac9-8873-36a7-cc61-c4e1b2ea0c84,2021-04-06T08:45:48Z,2021-04-06T08:45:48Z,93eac383-0863-3d7c-9b86-6dbd136d1653,CLOSED,CLOSED,CLOSED,0,0,0,2021-04-06T09:00:48Z,2021-04-06T09:00:48Z,2021-04-06T09:00:48Z,1,1
b6a1cac9-8873-36a7-dceb-72a8f5bb2a53,b6a1cac9-8873-36a7-e726-4aad8a07d44d,93eac383-0863-3d7c-9b86-6dbd136d1653,df166300-5a78-3502-a46a-832842197811,,20,20,162673000,,,,,,,,,b6a1cac9-8873-36a7-7872-30254f4989ba,2024-04-09T08:45:48Z,2024-04-09T08:45:48Z,93eac383-0863-3d7c-9b86-6dbd136d1653,CLOSED,CLOSED,CLOSED,0,0,0,2024-04-09T09:00:48Z,2024-04-09T09:00:48Z,2024-04-09T09:00:48Z,1,1
d20bc0bc-3051-ae6f-2355-727b1104cccc,d20bc0bc-3051-ae6f-f391-ceec7ec0370f,222e5181-02d7-3137-a277-bc1b0d9115a3,df166300-5a78-3502-a46a-832842197811,,10,10,410620009,,,,,,,,,d20bc0bc-3051-ae6f-09ba-e06ae1ebc111,2016-12-27T19:13:53Z,2016-12-27T19:13:53Z,222e5181-02d7-3137-a277-bc1b0d9115a3,CLOSED,CLOSED,CLOSED,0,0,0,2016-12-27T19:28:53Z,2016-12-27T19:28:53Z,2016-12-27T19:28:53Z,1,1
d20bc0bc-3051-ae6f-dc16-1086e01efdf4,d20bc0bc-3051-ae6f-f391-ceec7ec0370f,222e5181-02d7-3137-a277-bc1b0d9115a3,df166300-5a78-3502-a46a-832842197811,,10,10,410620009,,,,,,,,,d20bc0bc-3051-ae6f-9dbb-3f439acda7c8,2018-01-02T19:13:53Z,2018-01-02T19:13:53Z,222e5181-02d7-3137-a277-bc1b0d9115a3,CLOSED,CLOSED,CLOSED,0,0,0,2018-01-02T19:28:53Z,2018-01-02T19:28:53Z,2018-01-02T19:28:53Z,1,1
d20bc0bc-3051-ae6f-7b71-cf232a0534a1,d20bc0bc-3051-ae6f-f391-ceec7ec0370f,222e5181-02d7-3137-a277-bc1b0d9115a3,df166300-5a78-3502-a46a-832842197811,,10,10,410620009,,,,,,,,,d20bc0bc-3051-ae6f-2a26-64f12c6a32bd,2019-01-08T19:13:53Z,2019-01-08T19:13:53Z,222e5181-02d7-3137-a277-bc1b0d9115a3,CLOSED,CLOSED,CLOSED,0,0,0,2019-01-08T19:28:53Z,2019-01-08T19:28:53Z,2019-01-08T19:28:53Z,1,1
d20bc0bc-3051-ae6f-4ae1-0559f3ffc574,d20bc0bc-3051-ae6f-f391-ceec7ec0370f,222e5181-02d7-3137-a277-bc1b0d9115a3,df166300-5a78-3502-a46a-832842197811,,10,10,410620009,,,,,,,,,d20bc0bc-3051-ae6f-502c-bf06ba3cb1f9,2020-01-14T19:13:53Z,2020-01-14T19:13:53Z,222e5181-02d7-3137-a277-bc1b0d9115a3,CLOSED,CLOSED,CLOSED,0,0,0,2020-01-14T19:28:53Z,2020-01-14T19:28:53Z,2020-01-14T19:28:53Z,1,1
d20bc0bc-3051-ae6f-21d1-baeea0febbb6,d20bc0bc-3051-ae6f-f391-ceec7ec0370f,222e5181-02d7-3137-a277-bc1b0d9115a3,df166300-5a78-3502-a46a-832842197811,,10,10,410620009,,,,,,,,,d20bc0bc-3051-ae6f-1adb-e4d5b5326cfb,2021-01-19T19:13:53Z,2021-01-19T19:13:53Z,222e5181-02d7-3137-a277-bc1b0d9115a3,CLOSED,CLOSED,CLOSED,0,0,0,2021-01-19T19:28:53Z,2021-01-19T19:28:53Z,2021-01-19T19:28:53Z,1,1
d20bc0bc-3051-ae6f-8153-23aa47c1d363,d20bc0bc-3051-ae6f-f391-ceec7ec0370f,222e5181-02d7-3137-a277-bc1b0d9115a3,df166300-5a78-3502-a46a-832842197811,,10,10,410620009,,,,,,,,,d20bc0bc-3051-ae6f-ef31-d6f4d3d46055,2022-01-25T19:13:53Z,2022-01-25T19:13:53Z,222e5181-02d7-3137-a277-bc1b0d9115a3,CLOSED,CLOSED,CLOSED,0,0,0,2022-01-25T19:28:53Z,2022-01-25T19:28:53Z,2022-01-25T19:28:53Z,1,1
d20bc0bc-3051-ae6f-71cf-27a9f69733b9,d20bc0bc-3051-ae6f-f391-ceec7ec0370f,222e5181-02d7-3137-a277-bc1b0d9115a3,df166300-5a78-3502-a46a-832842197811,,10,10,410620009,,,,,,,,,d20bc0bc-3051-ae6f-b0cc-9e13af8c1e56,2023-01-31T19:13:53Z,2023-01-31T19:13:53Z,222e5181-02d7-3137-a277-bc1b0d9115a3,CLOSED,CLOSED,CLOSED,0,0,0,2023-01-31T19:28:53Z,2023-01-31T19:28:53Z,2023-01-31T19:28:53Z,1,1
d20bc0bc-3051-ae6f-342c-a147706a4728,d20bc0bc-3051-ae6f-f391-ceec7ec0370f,222e5181-02d7-3137-a277-bc1b0d9115a3,df166300-5a78-3502-a46a-832842197811,,10,10,410620009,,,,,,,,,d20bc0bc-3051-ae6f-13c8-73b4267e9f99,2024-02-06T19:13:53Z,2024-02-06T19:13:53Z,222e5181-02d7-3137-a277-bc1b0d9115a3,CLOSED,CLOSED,CLOSED,0,0,0,2024-02-06T19:28:53Z,2024-02-06T19:28:53Z,2024-02-06T19:28:53Z,1,1
d20bc0bc-3051-ae6f-073d-a003c9a3a039,d20bc0bc-3051-ae6f-f391-ceec7ec0370f,222e5181-02d7-3137-a277-bc1b0d9115a3,df166300-5a78-3502-a46a-832842197811,,10,10,410620009,,,,,,,,,d20bc0bc-3051-ae6f-1f4c-b761294ea094,2025-02-11T19:13:53Z,2025-02-11T19:13:53Z,222e5181-02d7-3137-a277-bc1b0d9115a3,CLOSED,CLOSED,CLOSED,0,0,0,2025-02-11T19:28:53Z,2025-02-11T19:28:53Z,2025-02-11T19:28:53Z,1,1
d20bc0bc-3051-ae6f-a831-09fb03dac4a2,d20bc0bc-3051-ae6f-f391-ceec7ec0370f,222e5181-02d7-3137-a277-bc1b0d9115a3,df166300-5a78-3502-a46a-832842197811,,10,10,410620009,,,,,,,,,d20bc0bc-3051-ae6f-a847-21f2bbe652f4,2026-02-17T19:13:53Z,2026-02-17T19:13:53Z,222e5181-02d7-3137-a277-bc1b0d9115a3,CLOSED,CLOSED,CLOSED,0,0,0,2026-02-17T19:28:53Z,2026-02-17T19:28:53Z,2026-02-17T19:28:53Z,1,1
6aed9210-c500-4375-6a61-d3d30f5afa5e,6aed9210-c500-4375-b0fc-3374c40b8591,c01351e9-1b4f-33df-85d6-058dc2338934,0133f751-9229-3cfd-815f-b6d4979bdd6a,,20,20,59621000,,,,,,,,,6aed9210-c500-4375-471a-c139f27a81e6,2013-05-15T11:31:46Z,2013-05-15T11:31:46Z,c01351e9-1b4f-33df-85d6-058dc2338934,CLOSED,CLOSED,CLOSED,0,0,0,2013-05-15T11:46:46Z,2013-05-15T11:46:46Z,2013-05-15T11:46:46Z,1,1
6aed9210-c500-4375-b14c-c729e8fe9e94,6aed9210-c500-4375-b0fc-3374c40b8591,c01351e9-1b4f-33df-85d6-058dc2338934,0133f751-9229-3cfd-815f-b6d4979bdd6a,,20,20,59621000,,,,,,,,,6aed9210-c500-4375-471a-c139f27a81e6,2013-05-15T11:31:46Z,2013-05-15T11:31:46Z,c01351e9-1b4f-33df-85d6-058dc2338934,CLOSED,CLOSED,CLOSED,0,0,0,2013-05-15T11:46:46Z,2013-05-15T11:46:46Z,2013-05-15T11:46:46Z,1,1
6aed9210-c500-4375-0902-b84887f91cdb,6aed9210-c500-4375-b0fc-3374c40b8591,c01351e9-1b4f-33df-85d6-058dc2338934,0133f751-9229-3cfd-815f-b6d4979bdd6a,,20,20,162673000,,,,,,,,,6aed9210-c500-4375-640e-ca091c3107ec,2017-06-07T11:31:46Z,2017-06-07T11:31:46Z,c01351e9-1b4f-33df-85d6-058dc2338934,CLOSED,CLOSED,CLOSED,0,0,0,2017-06-07T11:46:46Z,2017-06-07T11:46:46Z,2017-06-07T11:46:46Z,1,1
6aed9210-c500-4375-39ba-b1ed9a3a01b1,6aed9210-c500-4375-b0fc-3374c40b8591,c01351e9-1b4f-33df-85d6-058dc2338934,0133f751-9229-3cfd-815f-b6d4979bdd6a,,20,20,162673000,,,,,,,,,6aed9210-c500-4375-7695-69eca22c11d8,2018-06-13T11:31:46Z,2018-06-13T11:31:46Z,c01351e9-1b4f-33df-85d6-058dc2338934,CLOSED,CLOSED,CLOSED,0,0,0,2018-06-13T11:46:46Z,2018-06-13T11:46:46Z,2018-06-13T11:46:46Z,1,1
6aed9210-c500-4375-0d77-2767395cdfa9,6aed9210-c500-4375-b0fc-3374c40b8591,c01351e9-1b4f-33df-85d6-058dc2338934,0133f751-9229-3cfd-815f-b6d4979bdd6a,,20,20,162673000,,,,,,,,,6aed9210-c500-4375-9084-464459a5469f,2019-06-19T11:31:46Z,2019-06-19T11:31:46Z,c01351e9-1b4f-33df-85d6-058dc2338934,CLOSED,CLOSED,CLOSED,0,0,0,2019-06-19T11:46:46Z,2019-06-19T11:46:46Z,2019-06-19T11:46:46Z,1,1
6aed9210-c500-4375-5b68-e922c6ef5785,6aed9210-c500-4375-b0fc-3374c40b8591,c01351e9-1b4f-33df-85d6-058dc2338934,0133f751-9229-3cfd-815f-b6d4979bdd6a,,20,20,162673000,,,,,,,,,6aed9210-c500-4375-71ce-69071d50f596,2020-06-24T11:31:46Z,2020-06-24T11:31:46Z,c01351e9-1b4f-33df-85d6-058dc2338934,CLOSED,CLOSED,CLOSED,0,0,0,2020-06-24T11:46:46Z,2020-06-24T11:46:46Z,2020-06-24T11:46:46Z,1,1
4aaa0001-3832-cc52-05ff-e6dbf4b0a1e6,4aaa0001-3832-cc52-e2f3-47aad08f4284,3fe44146-b4d5-3a37-bb6a-7fb8e8fedb86,df166300-5a78-3502-a46a-832842197811,,10,10,410620009,,,,,,,,,4aaa0001-3832-cc52-fd4d-cfe4d960b95c,2016-12-04T03:52:41Z,2016-12-04T03:52:41Z,3fe44146-b4d5-3a37-bb6a-7fb8e8fedb86,CLOSED,CLOSED,CLOSED,0,0,0,2016-12-04T04:07:41Z,2016-12-04T04:07:41Z,2016-12-04T04:07:41Z,1,1
6aed9210-c500-4375-87ed-40da3b86df61,6aed9210-c500-4375-b0fc-3374c40b8591,eca4d02a-a9a4-307c-b4e7-b0ec03d47db7,0133f751-9229-3cfd-815f-b6d4979bdd6a,,2,2,33879002,,,,,,,,,6aed9210-c500-4375-e768-61ef250c44d2,2021-03-17T11:31:46Z,2021-03-17T11:31:46Z,eca4d02a-a9a4-307c-b4e7-b0ec03d47db7,CLOSED,CLOSED,CLOSED,0,0,0,2021-03-17T11:46:46Z,2021-03-17T11:46:46Z,2021-03-17T11:46:46Z,2,2
6aed9210-c500-4375-29ef-859d39993a6a,6aed9210-c500-4375-b0fc-3374c40b8591,c01351e9-1b4f-33df-85d6-058dc2338934,0133f751-9229-3cfd-815f-b6d4979bdd6a,,20,20,162673000,,,,,,,,,6aed9210-c500-4375-b53c-4f1df8b8d4dd,2021-06-30T11:31:46Z,2021-06-30T11:31:46Z,c01351e9-1b4f-33df-85d6-058dc2338934,CLOSED,CLOSED,CLOSED,0,0,0,2021-06-30T11:46:46Z,2021-06-30T11:46:46Z,2021-06-30T11:46:46Z,1,1
6aed9210-c500-4375-03c9-aa681fa674db,6aed9210-c500-4375-b0fc-3374c40b8591,c01351e9-1b4f-33df-85d6-058dc2338934,8fa6c185-e44e-3e34-8bd8-39be8694f4ce,,20,20,162673000,,,,,,,,,6aed9210-c500-4375-2a75-47885062aad6,2022-07-06T11:31:46Z,2022-07-06T11:31:46Z,c01351e9-1b4f-33df-85d6-058dc2338934,CLOSED,CLOSED,CLOSED,0,0,0,2022-07-06T11:46:46Z,2022-07-06T11:46:46Z,2022-07-06T11:46:46Z,1,1
4aaa0001-3832-cc52-ebf3-02134a3d01b9,4aaa0001-3832-cc52-e2f3-47aad08f4284,3fe44146-b4d5-3a37-bb6a-7fb8e8fedb86,df166300-5a78-3502-a46a-832842197811,,10,10,410620009,,,,,,,,,4aaa0001-3832-cc52-d05c-a6b78e7030d4,2017-12-10T03:52:41Z,2017-12-10T03:52:41Z,3fe44146-b4d5-3a37-bb6a-7fb8e8fedb86,CLOSED,CLOSED,CLOSED,0,0,0,2017-12-10T04:07:41Z,2017-12-10T04:07:41Z,2017-12-10T04:07:41Z,1,1
6aed9210-c500-4375-2eed-dadcb860ba71,6aed9210-c500-4375-b0fc-3374c40b8591,c01351e9-1b4f-33df-85d6-058dc2338934,8fa6c185-e44e-3e34-8bd8-39be8694f4ce,,20,20,162673000,,,,,,,,,6aed9210-c500-4375-4122-28519ee761e2,2023-07-12T11:31:46Z,2023-07-12T11:31:46Z,c01351e9-1b4f-33df-85d6-058dc2338934,CLOSED,CLOSED,CLOSED,0,0,0,2023-07-12T11:46:46Z,2023-07-12T11:46:46Z,2023-07-12T11:46:46Z,1,1
4aaa0001-3832-cc52-8ac1-b893e4be517f,4aaa0001-3832-cc52-e2f3-47aad08f4284,3fe44146-b4d5-3a37-bb6a-7fb8e8fedb86,df166300-5a78-3502-a46a-832842197811,,10,10,410620009,,,,,,,,,4aaa0001-3832-cc52-3d04-06af98ad74c3,2018-12-16T03:52:41Z,2018-12-16T03:52:41Z,3fe44146-b4d5-3a37-bb6a-7fb8e8fedb86,CLOSED,CLOSED,CLOSED,0,0,0,2018-12-16T04:07:41Z,2018-12-16T04:07:41Z,2018-12-16T04:07:41Z,1,1
4aaa0001-3832-cc52-69bd-87a8c2dfd346,4aaa0001-3832-cc52-e2f3-47aad08f4284,3fe44146-b4d5-3a37-bb6a-7fb8e8fedb86,df166300-5a78-3502-a46a-832842197811,,10,10,410620009,,,,,,,,,4aaa0001-3832-cc52-c8d9-d70b5b88a4e6,2019-12-22T03:52:41Z,2019-12-22T03:52:41Z,3fe44146-b4d5-3a37-bb6a-7fb8e8fedb86,CLOSED,CLOSED,CLOSED,0,0,0,2019-12-22T04:07:41Z,2019-12-22T04:07:41Z,2019-12-22T04:07:41Z,1,1
4aaa0001-3832-cc52-7f99-965730d40cb1,4aaa0001-3832-cc52-e2f3-47aad08f4284,3fe44146-b4d5-3a37-bb6a-7fb8e8fedb86,df166300-5a78-3502-a46a-832842197811,,10,10,410620009,,,,,,,,,4aaa0001-3832-cc52-2261-366e22816635,2020-12-27T03:52:41Z,2020-12-27T03:52:41Z,3fe44146-b4d5-3a37-bb6a-7fb8e8fedb86,CLOSED,CLOSED,CLOSED,0,0,0,2020-12-27T04:07:41Z,2020-12-27T04:07:41Z,2020-12-27T04:07:41Z,1,1
4aaa0001-3832-cc52-dcac-a25606a8a02d,4aaa0001-3832-cc52-e2f3-47aad08f4284,3fe44146-b4d5-3a37-bb6a-7fb8e8fedb86,df166300-5a78-3502-a46a-832842197811,,10,10,410620009,,,,,,,,,4aaa0001-3832-cc52-b52e-c53730d7c19b,2022-01-02T03:52:41Z,2022-01-02T03:52:41Z,3fe44146-b4d5-3a37-bb6a-7fb8e8fedb86,CLOSED,CLOSED,CLOSED,0,0,0,2022-01-02T04:07:41Z,2022-01-02T04:07:41Z,2022-01-02T04:07:41Z,1,1
4aaa0001-3832-cc52-1b51-cf3ecafeb9a7,4aaa0001-3832-cc52-e2f3-47aad08f4284,3fe44146-b4d5-3a37-bb6a-7fb8e8fedb86,df166300-5a78-3502-a46a-832842197811,,10,10,410620009,,,,,,,,,4aaa0001-3832-cc52-e85d-ac1d0a97c849,2023-01-08T03:52:41Z,2023-01-08T03:52:41Z,3fe44146-b4d5-3a37-bb6a-7fb8e8fedb86,CLOSED,CLOSED,CLOSED,0,0,0,2023-01-08T04:07:41Z,2023-01-08T04:07:41Z,2023-01-08T04:07:41Z,1,1
6aed9210-c500-4375-7a5d-aa713f24a5e6,6aed9210-c500-4375-b0fc-3374c40b8591,c01351e9-1b4f-33df-85d6-058dc2338934,8fa6c185-e44e-3e34-8bd8-39be8694f4ce,,20,20,162673000,,,,,,,,,6aed9210-c500-4375-bb31-2b102c478585,2024-07-17T11:31:46Z,2024-07-17T11:31:46Z,c01351e9-1b4f-33df-85d6-058dc2338934,CLOSED,CLOSED,CLOSED,0,0,0,2024-07-17T11:46:46Z,2024-07-17T11:46:46Z,2024-07-17T11:46:46Z,1,1
4aaa0001-3832-cc52-44fd-c933194dfc14,4aaa0001-3832-cc52-e2f3-47aad08f4284,3fe44146-b4d5-3a37-bb6a-7fb8e8fedb86,df166300-5a78-3502-a46a-832842197811,,20,20,162673000,,,,,,,,,4aaa0001-3832-cc52-3b5f-38db5035db60,2024-01-14T03:52:41Z,2024-01-14T03:52:41Z,3fe44146-b4d5-3a37-bb6a-7fb8e8fedb86,CLOSED,CLOSED,CLOSED,0,0,0,2024-01-14T04:07:41Z,2024-01-14T04:07:41Z,2024-01-14T04:07:41Z,1,1
6aed9210-c500-4375-ba4c-30d08921fe04,6aed9210-c500-4375-b0fc-3374c40b8591,c01351e9-1b4f-33df-85d6-058dc2338934,8fa6c185-e44e-3e34-8bd8-39be8694f4ce,,20,20,162673000,,,,,,,,,6aed9210-c500-4375-cdc6-319161784050,2025-07-23T11:31:46Z,2025-07-23T11:31:46Z,c01351e9-1b4f-33df-85d6-058dc2338934,CLOSED,CLOSED,CLOSED,0,0,0,2025-07-23T11:46:46Z,2025-07-23T11:46:46Z,2025-07-23T11:46:46Z,1,1
4aaa0001-3832-cc52-f63c-11ce503beb81,4aaa0001-3832-cc52-e2f3-47aad08f4284,3fe44146-b4d5-3a37-bb6a-7fb8e8fedb86,df166300-5a78-3502-a46a-832842197811,,20,20,162673000,,,,,,,,,4aaa0001-3832-cc52-1af1-bd5fa6805441,2025-01-19T03:52:41Z,2025-01-19T03:52:41Z,3fe44146-b4d5-3a37-bb6a-7fb8e8fedb86,CLOSED,CLOSED,CLOSED,0,0,0,2025-01-19T04:07:41Z,2025-01-19T04:07:41Z,2025-01-19T04:07:41Z,1,1
f95a6723-14a5-c4b6-4763-289a7d583246,f95a6723-14a5-c4b6-78df-fa97f7ab361c,dec2418f-ce99-327f-b47a-d1dbb3c850ae,d31fccc3-1767-390d-966a-22a5156f4219,,20,20,162673000,,,,,,,,,f95a6723-14a5-c4b6-db12-88dcfb8210d8,2017-08-18T11:25:41Z,2017-08-18T11:25:41Z,dec2418f-ce99-327f-b47a-d1dbb3c850ae,CLOSED,CLOSED,CLOSED,0,0,0,2017-08-18T11:40:41Z,2017-08-18T11:40:41Z,2017-08-18T11:40:41Z,1,1
f95a6723-14a5-c4b6-fa26-2cb213ce58a1,f95a6723-14a5-c4b6-78df-fa97f7ab361c,dec2418f-ce99-327f-b47a-d1dbb3c850ae,d31fccc3-1767-390d-966a-22a5156f4219,,20,20,162673000,,,,,,,,,f95a6723-14a5-c4b6-20ce-ede6bb032d1e,2020-08-21T11:25:41Z,2020-08-21T11:25:41Z,dec2418f-ce99-327f-b47a-d1dbb3c850ae,CLOSED,CLOSED,CLOSED,0,0,0,2020-08-21T11:40:41Z,2020-08-21T11:40:41Z,2020-08-21T11:40:41Z,1,1
f95a6723-14a5-c4b6-2624-c63969a52618,f95a6723-14a5-c4b6-78df-fa97f7ab361c,a910dcaf-45c5-326f-8ab0-23b94cec48fc,d31fccc3-1767-390d-966a-22a5156f4219,,2,2,33879002,,,,,,,,,f95a6723-14a5-c4b6-b3b6-098b16adc0c5,2021-09-03T11:25:41Z,2021-09-03T11:25:41Z,a910dcaf-45c5-326f-8ab0-23b94cec48fc,CLOSED,CLOSED,CLOSED,0,0,0,2021-09-03T11:40:41Z,2021-09-03T11:40:41Z,2021-09-03T11:40:41Z,2,2
f95a6723-14a5-c4b6-c251-ca0402fc735d,f95a6723-14a5-c4b6-78df-fa97f7ab361c,a910dcaf-45c5-326f-8ab0-23b94cec48fc,d31fccc3-1767-390d-966a-22a5156f4219,,2,2,33879002,,,,,,,,,f95a6723-14a5-c4b6-fecb-f9b2b3ba6758,2021-10-01T11:25:41Z,2021-10-01T11:25:41Z,a910dcaf-45c5-326f-8ab0-23b94cec48fc,CLOSED,CLOSED,CLOSED,0,0,0,2021-10-01T11:40:41Z,2021-10-01T11:40:41Z,2021-10-01T11:40:41Z,2,2
f95a6723-14a5-c4b6-1240-82b7460e95d9,f95a6723-14a5-c4b6-78df-fa97f7ab361c,dec2418f-ce99-327f-b47a-d1dbb3c850ae,d31fccc3-1767-390d-966a-22a5156f4219,,20,20,162673000,,,,,,,,,f95a6723-14a5-c4b6-675d-ec474334a529,2023-08-25T11:25:41Z,2023-08-25T11:25:41Z,dec2418f-ce99-327f-b47a-d1dbb3c850ae,CLOSED,CLOSED,CLOSED,0,0,0,2023-08-25T11:40:41Z,2023-08-25T11:40:41Z,2023-08-25T11:40:41Z,1,1
f95a6723-14a5-c4b6-ec4b-700c3c941acb,f95a6723-14a5-c4b6-78df-fa97f7ab361c,dec2418f-ce99-327f-b47a-d1dbb3c850ae,d31fccc3-1767-390d-966a-22a5156f4219,,20,20,162673000,,,,,,,,,f95a6723-14a5-c4b6-38c2-eb438e7f36e6,2026-06-12T11:25:41Z,2026-06-12T11:25:41Z,dec2418f-ce99-327f-b47a-d1dbb3c850ae,CLOSED,CLOSED,CLOSED,0,0,0,2026-06-12T11:40:41Z,2026-06-12T11:40:41Z,2026-06-12T11:40:41Z,1,1
f32a088b-988b-d7d5-76e7-6eb7145443a4,f32a088b-988b-d7d5-008b-89ea4ed1fc48,dd270d7a-948f-388b-bc28-541763dc6c8e,df166300-5a78-3502-a46a-832842197811,,10,10,410620009,,,,,,,,,f32a088b-988b-d7d5-8413-424f2df4963c,2017-06-13T15:48:45Z,2017-06-13T15:48:45Z,dd270d7a-948f-388b-bc28-541763dc6c8e,CLOSED,CLOSED,CLOSED,0,0,0,2017-06-13T16:03:45Z,2017-06-13T16:03:45Z,2017-06-13T16:03:45Z,1,1
f32a088b-988b-d7d5-d84d-d2886483c701,f32a088b-988b-d7d5-008b-89ea4ed1fc48,dd270d7a-948f-388b-bc28-541763dc6c8e,df166300-5a78-3502-a46a-832842197811,,10,10,410620009,,,,,,,,,f32a088b-988b-d7d5-58fa-8695cc224be9,2018-06-19T15:48:45Z,2018-06-19T15:48:45Z,dd270d7a-948f-388b-bc28-541763dc6c8e,CLOSED,CLOSED,CLOSED,0,0,0,2018-06-19T16:03:45Z,2018-06-19T16:03:45Z,2018-06-19T16:03:45Z,1,1
f32a088b-988b-d7d5-e63b-7ced18a9e229,f32a088b-988b-d7d5-008b-89ea4ed1fc48,dd270d7a-948f-388b-bc28-541763dc6c8e,df166300-5a78-3502-a46a-832842197811,,10,10,410620009,,,,,,,,,f32a088b-988b-d7d5-80a1-27d93b06948d,2019-06-25T15:48:45Z,2019-06-25T15:48:45Z,dd270d7a-948f-388b-bc28-541763dc6c8e,CLOSED,CLOSED,CLOSED,0,0,0,2019-06-25T16:03:45Z,2019-06-25T16:03:45Z,2019-06-25T16:03:45Z,1,1
f32a088b-988b-d7d5-abf3-41ee928e494b,f32a088b-988b-d7d5-008b-89ea4ed1fc48,dd270d7a-948f-388b-bc28-541763dc6c8e,df166300-5a78-3502-a46a-832842197811,,10,10,410620009,,,,,,,,,f32a088b-988b-d7d5-b0e5-965ab228b0bb,2020-06-30T15:48:45Z,2020-06-30T15:48:45Z,dd270d7a-948f-388b-bc28-541763dc6c8e,CLOSED,CLOSED,CLOSED,0,0,0,2020-06-30T16:03:45Z,2020-06-30T16:03:45Z,2020-06-30T16:03:45Z,1,1
f32a088b-988b-d7d5-6b0b-761ec7a0093f,f32a088b-988b-d7d5-008b-89ea4ed1fc48,dd270d7a-948f-388b-bc28-541763dc6c8e,df166300-5a78-3502-a46a-832842197811,,10,10,410620009,,,,,,,,,f32a088b-988b-d7d5-56eb-9f76452a6874,2021-07-06T15:48:45Z,2021-07-06T15:48:45Z,dd270d7a-948f-388b-bc28-541763dc6c8e,CLOSED,CLOSED,CLOSED,0,0,0,2021-07-06T16:03:45Z,2021-07-06T16:03:45Z,2021-07-06T16:03:45Z,1,1
f32a088b-988b-d7d5-9080-3914ed07d159,f32a088b-988b-d7d5-008b-89ea4ed1fc48,9b9e334b-971b-3697-9fd1-342106534958,df166300-5a78-3502-a46a-832842197811,,2,2,33879002,,,,,,,,,f32a088b-988b-d7d5-8f72-90395a5b6ddd,2021-08-17T15:48:45Z,2021-08-17T15:48:45Z,9b9e334b-971b-3697-9fd1-342106534958,CLOSED,CLOSED,CLOSED,0,0,0,2021-08-17T16:03:45Z,2021-08-17T16:03:45Z,2021-08-17T16:03:45Z,2,2
f32a088b-988b-d7d5-353f-d7efd2d5e568,f32a088b-988b-d7d5-008b-89ea4ed1fc48,9b9e334b-971b-3697-9fd1-342106534958,df166300-5a78-3502-a46a-832842197811,,2,2,33879002,,,,,,,,,f32a088b-988b-d7d5-c991-5cbdc9a6e589,2021-09-14T15:48:45Z,2021-09-14T15:48:45Z,9b9e334b-971b-3697-9fd1-342106534958,CLOSED,CLOSED,CLOSED,0,0,0,2021-09-14T16:03:45Z,2021-09-14T16:03:45Z,2021-09-14T16:03:45Z,2,2
7512bbb4-b22b-0979-4f22-cc141141ade0,7512bbb4-b22b-0979-6edc-389e16607ac7,e53dbc35-e356-3f07-84c8-edadd77e3d19,df166300-5a78-3502-a46a-832842197811,,10,10,410620009,,,,,,,,,7512bbb4-b22b-0979-f6c8-54e7105cf950,2024-12-07T13:49:19Z,2024-12-07T13:49:19Z,e53dbc35-e356-3f07-84c8-edadd77e3d19,CLOSED,CLOSED,CLOSED,0,0,0,2024-12-07T14:04:19Z,2024-12-07T14:04:19Z,2024-12-07T14:04:19Z,1,1
f32a088b-988b-d7d5-fa74-df0d4b59755f,f32a088b-988b-d7d5-008b-89ea4ed1fc48,dd270d7a-948f-388b-bc28-541763dc6c8e,df166300-5a78-3502-a46a-832842197811,,10,10,410620009,,,,,,,,,f32a088b-988b-d7d5-c947-5bf7dfca044c,2022-07-12T15:48:45Z,2022-07-12T15:48:45Z,dd270d7a-948f-388b-bc28-541763dc6c8e,CLOSED,CLOSED,CLOSED,0,0,0,2022-07-12T16:03:45Z,2022-07-12T16:03:45Z,2022-07-12T16:03:45Z,1,1
7512bbb4-b22b-0979-623a-c64a67a6e879,7512bbb4-b22b-0979-6edc-389e16607ac7,e53dbc35-e356-3f07-84c8-edadd77e3d19,df166300-5a78-3502-a46a-832842197811,,10,10,410620009,,,,,,,,,7512bbb4-b22b-0979-8840-a21a724abc17,2025-01-11T13:49:19Z,2025-01-11T13:49:19Z,e53dbc35-e356-3f07-84c8-edadd77e3d19,CLOSED,CLOSED,CLOSED,0,0,0,2025-01-11T14:04:19Z,2025-01-11T14:04:19Z,2025-01-11T14:04:19Z,1,1
7512bbb4-b22b-0979-d1c3-25c389d4641e,7512bbb4-b22b-0979-6edc-389e16607ac7,e53dbc35-e356-3f07-84c8-edadd77e3d19,df166300-5a78-3502-a46a-832842197811,,10,10,410620009,,,,,,,,,7512bbb4-b22b-0979-33c9-f9629562f2b0,2025-03-15T13:49:19Z,2025-03-15T13:49:19Z,e53dbc35-e356-3f07-84c8-edadd77e3d19,CLOSED,CLOSED,CLOSED,0,0,0,2025-03-15T14:04:19Z,2025-03-15T14:04:19Z,2025-03-15T14:04:19Z,1,1
7512bbb4-b22b-0979-0509-19845139b417,7512bbb4-b22b-0979-6edc-389e16607ac7,e53dbc35-e356-3f07-84c8-edadd77e3d19,df166300-5a78-3502-a46a-832842197811,,10,10,410620009,,,,,,,,,7512bbb4-b22b-0979-9f89-1e2a9a29ec7e,2025-05-17T13:49:19Z,2025-05-17T13:49:19Z,e53dbc35-e356-3f07-84c8-edadd77e3d19,CLOSED,CLOSED,CLOSED,0,0,0,2025-05-17T14:04:19Z,2025-05-17T14:04:19Z,2025-05-17T14:04:19Z,1,1
7512bbb4-b22b-0979-9db8-71f4e6fe20e9,7512bbb4-b22b-0979-6edc-389e16607ac7,e53dbc35-e356-3f07-84c8-edadd77e3d19,df166300-5a78-3502-a46a-832842197811,,10,10,410620009,,,,,,,,,7512bbb4-b22b-0979-7a53-c8efd1e01e02,2025-08-16T13:49:19Z,2025-08-16T13:49:19Z,e53dbc35-e356-3f07-84c8-edadd77e3d19,CLOSED,CLOSED,CLOSED,0,0,0,2025-08-16T14:04:19Z,2025-08-16T14:04:19Z,2025-08-16T14:04:19Z,1,1
7512bbb4-b22b-0979-f991-f7f9ae5e835f,7512bbb4-b22b-0979-6edc-389e16607ac7,e53dbc35-e356-3f07-84c8-edadd77e3d19,df166300-5a78-3502-a46a-832842197811,,10,10,410620009,,,,,,,,,7512bbb4-b22b-0979-5fdb-c924a890f7c8,2025-11-15T13:49:19Z,2025-11-15T13:49:19Z,e53dbc35-e356-3f07-84c8-edadd77e3d19,CLOSED,CLOSED,CLOSED,0,0,0,2025-11-15T14:04:19Z,2025-11-15T14:04:19Z,2025-11-15T14:04:19Z,1,1
7512bbb4-b22b-0979-c3a3-2283fa6a1ee7,7512bbb4-b22b-0979-6edc-389e16607ac7,e53dbc35-e356-3f07-84c8-edadd77e3d19,df166300-5a78-3502-a46a-832842197811,,10,10,410620009,,,,,,,,,7512bbb4-b22b-0979-163d-38c0045b97e8,2026-02-14T13:49:19Z,2026-02-14T13:49:19Z,e53dbc35-e356-3f07-84c8-edadd77e3d19,CLOSED,CLOSED,CLOSED,0,0,0,2026-02-14T14:04:19Z,2026-02-14T14:04:19Z,2026-02-14T14:04:19Z,1,1
7512bbb4-b22b-0979-0641-ddcbaacc775a,7512bbb4-b22b-0979-6edc-389e16607ac7,e53dbc35-e356-3f07-84c8-edadd77e3d19,df166300-5a78-3502-a46a-832842197811,,10,10,410620009,,,,,,,,,7512bbb4-b22b-0979-860e-c58b937f5f42,2026-05-16T13:49:19Z,2026-05-16T13:49:19Z,e53dbc35-e356-3f07-84c8-edadd77e3d19,CLOSED,CLOSED,CLOSED,0,0,0,2026-05-16T14:04:19Z,2026-05-16T14:04:19Z,2026-05-16T14:04:19Z,1,1
f32a088b-988b-d7d5-5717-97a67babe8f4,f32a088b-988b-d7d5-008b-89ea4ed1fc48,dd270d7a-948f-388b-bc28-541763dc6c8e,df166300-5a78-3502-a46a-832842197811,,10,10,410620009,,,,,,,,,f32a088b-988b-d7d5-beb5-7c3483e48dbe,2023-07-18T15:48:45Z,2023-07-18T15:48:45Z,dd270d7a-948f-388b-bc28-541763dc6c8e,CLOSED,CLOSED,CLOSED,0,0,0,2023-07-18T16:03:45Z,2023-07-18T16:03:45Z,2023-07-18T16:03:45Z,1,1
f32a088b-988b-d7d5-3c07-d910a5c12265,f32a088b-988b-d7d5-008b-89ea4ed1fc48,dd270d7a-948f-388b-bc28-541763dc6c8e,df166300-5a78-3502-a46a-832842197811,,20,20,162673000,,,,,,,,,f32a088b-988b-d7d5-e3b6-8002649e3367,2024-07-23T15:48:45Z,2024-07-23T15:48:45Z,dd270d7a-948f-388b-bc28-541763dc6c8e,CLOSED,CLOSED,CLOSED,0,0,0,2024-07-23T16:03:45Z,2024-07-23T16:03:45Z,2024-07-23T16:03:45Z,1,1
f32a088b-988b-d7d5-7e27-aeb85685b29f,f32a088b-988b-d7d5-008b-89ea4ed1fc48,dd270d7a-948f-388b-bc28-541763dc6c8e,df166300-5a78-3502-a46a-832842197811,,20,20,162673000,,,,,,,,,f32a088b-988b-d7d5-839e-e7f98c9c78f2,2025-07-29T15:48:45Z,2025-07-29T15:48:45Z,dd270d7a-948f-388b-bc28-541763dc6c8e,CLOSED,CLOSED,CLOSED,0,0,0,2025-07-29T16:03:45Z,2025-07-29T16:03:45Z,2025-07-29T16:03:45Z,1,1
6f45f2e9-a617-570a-2250-abececf21265,6f45f2e9-a617-570a-8867-dec1260088bb,c7017f15-484b-3122-bcd5-b63191e16e53,8fa6c185-e44e-3e34-8bd8-39be8694f4ce,,10,10,410620009,,,,,,,,,6f45f2e9-a617-570a-3243-6c2442fa40a8,2016-09-14T20:23:13Z,2016-09-14T20:23:13Z,c7017f15-484b-3122-bcd5-b63191e16e53,CLOSED,CLOSED,CLOSED,0,0,0,2016-09-14T20:38:13Z,2016-09-14T20:38:13Z,2016-09-14T20:38:13Z,1,1
6f45f2e9-a617-570a-b89d-d26d7acabac9,6f45f2e9-a617-570a-8867-dec1260088bb,c7017f15-484b-3122-bcd5-b63191e16e53,8fa6c185-e44e-3e34-8bd8-39be8694f4ce,,10,10,410620009,,,,,,,,,6f45f2e9-a617-570a-2e1a-e1ec4783a26f,2017-03-15T20:23:13Z,2017-03-15T20:23:13Z,c7017f15-484b-3122-bcd5-b63191e16e53,CLOSED,CLOSED,CLOSED,0,0,0,2017-03-15T20:38:13Z,2017-03-15T20:38:13Z,2017-03-15T20:38:13Z,1,1
6f45f2e9-a617-570a-4bdc-f323620e8616,6f45f2e9-a617-570a-8867-dec1260088bb,c7017f15-484b-3122-bcd5-b63191e16e53,8fa6c185-e44e-3e34-8bd8-39be8694f4ce,,10,10,410620009,,,,,,,,,6f45f2e9-a617-570a-62bf-fd7c42543d8a,2018-03-21T20:23:13Z,2018-03-21T20:23:13Z,c7017f15-484b-3122-bcd5-b63191e16e53,CLOSED,CLOSED,CLOSED,0,0,0,2018-03-21T20:38:13Z,2018-03-21T20:38:13Z,2018-03-21T20:38:13Z,1,1
6f45f2e9-a617-570a-bd02-0567bd2dd5c6,6f45f2e9-a617-570a-8867-dec1260088bb,c7017f15-484b-3122-bcd5-b63191e16e53,8fa6c185-e44e-3e34-8bd8-39be8694f4ce,,10,10,410620009,,,,,,,,,6f45f2e9-a617-570a-bb40-b4e95ad94430,2019-03-27T20:23:13Z,2019-03-27T20:23:13Z,c7017f15-484b-3122-bcd5-b63191e16e53,CLOSED,CLOSED,CLOSED,0,0,0,2019-03-27T20:38:13Z,2019-03-27T20:38:13Z,2019-03-27T20:38:13Z,1,1
6f45f2e9-a617-570a-fc38-67aa3d797d31,6f45f2e9-a617-570a-8867-dec1260088bb,c7017f15-484b-3122-bcd5-b63191e16e53,8fa6c185-e44e-3e34-8bd8-39be8694f4ce,,10,10,410620009,,,,,,,,,6f45f2e9-a617-570a-301d-d45d61d2663a,2020-04-01T20:23:13Z,2020-04-01T20:23:13Z,c7017f15-484b-3122-bcd5-b63191e16e53,CLOSED,CLOSED,CLOSED,0,0,0,2020-04-01T20:38:13Z,2020-04-01T20:38:13Z,2020-04-01T20:38:13Z,1,1
5c39a9da-6fb0-3cbb-321c-fc428766e029,5c39a9da-6fb0-3cbb-0181-add875529d46,222e5181-02d7-3137-a277-bc1b0d9115a3,734afbd6-4794-363b-9bc0-6a3981533ed5,,10,10,410620009,,,,,,,,,5c39a9da-6fb0-3cbb-cd10-0b354a4f5cfa,2016-12-28T18:25:28Z,2016-12-28T18:25:28Z,222e5181-02d7-3137-a277-bc1b0d9115a3,CLOSED,CLOSED,CLOSED,0,0,0,2016-12-28T18:40:28Z,2016-12-28T18:40:28Z,2016-12-28T18:40:28Z,1,1
79021b82-f370-50bb-ffe4-a8670ceffe65,79021b82-f370-50bb-c5a1-7333816d683f,e2398c77-1768-3b1f-92f7-f2a4e37f2198,8fa6c185-e44e-3e34-8bd8-39be8694f4ce,,10,10,410620009,,,,,,,,,79021b82-f370-50bb-d871-8bd27fe905a2,2016-12-07T00:57:50Z,2016-12-07T00:57:50Z,e2398c77-1768-3b1f-92f7-f2a4e37f2198,CLOSED,CLOSED,CLOSED,0,0,0,2016-12-07T01:12:50Z,2016-12-07T01:12:50Z,2016-12-07T01:12:50Z,1,1
6f45f2e9-a617-570a-b536-d9786a918a73,6f45f2e9-a617-570a-8867-dec1260088bb,c7017f15-484b-3122-bcd5-b63191e16e53,734afbd6-4794-363b-9bc0-6a3981533ed5,,10,10,410620009,,,,,,,,,6f45f2e9-a617-570a-5422-9758c44e4bb3,2021-04-07T20:23:13Z,2021-04-07T20:23:13Z,c7017f15-484b-3122-bcd5-b63191e16e53,CLOSED,CLOSED,CLOSED,0,0,0,2021-04-07T20:38:13Z,2021-04-07T20:38:13Z,2021-04-07T20:38:13Z,1,1
080b069b-5108-46b6-79ab-db514d37735d,080b069b-5108-46b6-ecef-6aacd3b9ef3f,d2d83492-da6b-3295-8526-1c78c5dcd5da,df166300-5a78-3502-a46a-832842197811,,20,20,162673000,,,,,,,,,080b069b-5108-46b6-170e-287dd4c7d423,2016-09-06T05:55:12Z,2016-09-06T05:55:12Z,d2d83492-da6b-3295-8526-1c78c5dcd5da,CLOSED,CLOSED,CLOSED,0,0,0,2016-09-06T06:10:12Z,2016-09-06T06:10:12Z,2016-09-06T06:10:12Z,1,1
6f45f2e9-a617-570a-2edb-af07fa48ca43,6f45f2e9-a617-570a-8867-dec1260088bb,c7017f15-484b-3122-bcd5-b63191e16e53,734afbd6-4794-363b-9bc0-6a3981533ed5,,10,10,410620009,,,,,,,,,6f45f2e9-a617-570a-1485-21d2afe8d2d4,2022-04-13T20:23:13Z,2022-04-13T20:23:13Z,c7017f15-484b-3122-bcd5-b63191e16e53,CLOSED,CLOSED,CLOSED,0,0,0,2022-04-13T20:38:13Z,2022-04-13T20:38:13Z,2022-04-13T20:38:13Z,1,1
080b069b-5108-46b6-a238-1b9e36bf736b,080b069b-5108-46b6-ecef-6aacd3b9ef3f,d2d83492-da6b-3295-8526-1c78c5dcd5da,df166300-5a78-3502-a46a-832842197811,,20,20,162673000,,,,,,,,,080b069b-5108-46b6-3fd4-38e992466b53,2017-09-12T05:55:12Z,2017-09-12T05:55:12Z,d2d83492-da6b-3295-8526-1c78c5dcd5da,CLOSED,CLOSED,CLOSED,0,0,0,2017-09-12T06:10:12Z,2017-09-12T06:10:12Z,2017-09-12T06:10:12Z,1,1
6f45f2e9-a617-570a-e700-6962fbe2ba98,6f45f2e9-a617-570a-8867-dec1260088bb,c7017f15-484b-3122-bcd5-b63191e16e53,734afbd6-4794-363b-9bc0-6a3981533ed5,,10,10,410620009,,,,,,,,,6f45f2e9-a617-570a-45ca-38d32e1043b9,2023-04-19T20:23:13Z,2023-04-19T20:23:13Z,c7017f15-484b-3122-bcd5-b63191e16e53,CLOSED,CLOSED,CLOSED,0,0,0,2023-04-19T20:38:13Z,2023-04-19T20:38:13Z,2023-04-19T20:38:13Z,1,1
6f45f2e9-a617-570a-75c5-e6579a7c7382,6f45f2e9-a617-570a-8867-dec1260088bb,c7017f15-484b-3122-bcd5-b63191e16e53,734afbd6-4794-363b-9bc0-6a3981533ed5,,10,10,410620009,,,,,,,,,6f45f2e9-a617-570a-5bbf-e79e95689311,2024-04-24T20:23:13Z,2024-04-24T20:23:13Z,c7017f15-484b-3122-bcd5-b63191e16e53,CLOSED,CLOSED,CLOSED,0,0,0,2024-04-24T20:38:13Z,2024-04-24T20:38:13Z,2024-04-24T20:38:13Z,1,1
6f45f2e9-a617-570a-aec6-2c6a6702928f,6f45f2e9-a617-570a-8867-dec1260088bb,18597b7d-6436-3452-b821-dccfe4175b89,734afbd6-4794-363b-9bc0-6a3981533ed5,,2,2,33879002,,,,,,,,,6f45f2e9-a617-570a-e956-9aed62f41323,2025-04-23T20:23:13Z,2025-04-23T20:23:13Z,18597b7d-6436-3452-b821-dccfe4175b89,CLOSED,CLOSED,CLOSED,0,0,0,2025-04-23T20:38:13Z,2025-04-23T20:38:13Z,2025-04-23T20:38:13Z,2,2
6f45f2e9-a617-570a-bc09-261a50eca79c,6f45f2e9-a617-570a-8867-dec1260088bb,c7017f15-484b-3122-bcd5-b63191e16e53,734afbd6-4794-363b-9bc0-6a3981533ed5,,10,10,410620009,,,,,,,,,6f45f2e9-a617-570a-c681-4d33b0204085,2025-04-30T20:23:13Z,2025-04-30T20:23:13Z,c7017f15-484b-3122-bcd5-b63191e16e53,CLOSED,CLOSED,CLOSED,0,0,0,2025-04-30T20:38:13Z,2025-04-30T20:38:13Z,2025-04-30T20:38:13Z,1,1
6f45f2e9-a617-570a-7cb7-b463c06ed3b5,6f45f2e9-a617-570a-8867-dec1260088bb,18597b7d-6436-3452-b821-dccfe4175b89,734afbd6-4794-363b-9bc0-6a3981533ed5,,2,2,33879002,,,,,,,,,6f45f2e9-a617-570a-db00-77cf474e51e2,2025-05-21T20:23:13Z,2025-05-21T20:23:13Z,18597b7d-6436-3452-b821-dccfe4175b89,CLOSED,CLOSED,CLOSED,0,0,0,2025-05-21T20:38:13Z,2025-05-21T20:38:13Z,2025-05-21T20:38:13Z,2,2
6f45f2e9-a617-570a-cdc4-53f24e66858e,6f45f2e9-a617-570a-8867-dec1260088bb,c7017f15-484b-3122-bcd5-b63191e16e53,734afbd6-4794-363b-9bc0-6a3981533ed5,,10,10,410620009,,,,,,,,,6f45f2e9-a617-570a-006e-9a117f06ad49,2026-05-06T20:23:13Z,2026-05-06T20:23:13Z,c7017f15-484b-3122-bcd5-b63191e16e53,CLOSED,CLOSED,CLOSED,0,0,0,2026-05-06T20:38:13Z,2026-05-06T20:38:13Z,2026-05-06T20:38:13Z,1,1
79021b82-f370-50bb-3314-c87abdf6d62e,79021b82-f370-50bb-c5a1-7333816d683f,e2398c77-1768-3b1f-92f7-f2a4e37f2198,8fa6c185-e44e-3e34-8bd8-39be8694f4ce,,10,10,410620009,,,,,,,,,79021b82-f370-50bb-99de-aae08154c12c,2017-12-13T00:57:50Z,2017-12-13T00:57:50Z,e2398c77-1768-3b1f-92f7-f2a4e37f2198,CLOSED,CLOSED,CLOSED,0,0,0,2017-12-13T01:12:50Z,2017-12-13T01:12:50Z,2017-12-13T01:12:50Z,1,1
79021b82-f370-50bb-855e-2196df7c96ef,79021b82-f370-50bb-c5a1-7333816d683f,e2398c77-1768-3b1f-92f7-f2a4e37f2198,8fa6c185-e44e-3e34-8bd8-39be8694f4ce,,10,10,410620009,,,,,,,,,79021b82-f370-50bb-e668-237808326e51,2018-12-19T00:57:50Z,2018-12-19T00:57:50Z,e2398c77-1768-3b1f-92f7-f2a4e37f2198,CLOSED,CLOSED,CLOSED,0,0,0,2018-12-19T01:12:50Z,2018-12-19T01:12:50Z,2018-12-19T01:12:50Z,1,1
79021b82-f370-50bb-2182-372ace7a550a,79021b82-f370-50bb-c5a1-7333816d683f,e2398c77-1768-3b1f-92f7-f2a4e37f2198,8fa6c185-e44e-3e34-8bd8-39be8694f4ce,,10,10,410620009,,,,,,,,,79021b82-f370-50bb-b636-18ad1a3a34aa,2019-12-25T00:57:50Z,2019-12-25T00:57:50Z,e2398c77-1768-3b1f-92f7-f2a4e37f2198,CLOSED,CLOSED,CLOSED,0,0,0,2019-12-25T01:12:50Z,2019-12-25T01:12:50Z,2019-12-25T01:12:50Z,1,1
79021b82-f370-50bb-4da0-703a8a44b9e9,79021b82-f370-50bb-c5a1-7333816d683f,e2398c77-1768-3b1f-92f7-f2a4e37f2198,8fa6c185-e44e-3e34-8bd8-39be8694f4ce,,10,10,410620009,,,,,,,,,79021b82-f370-50bb-79a7-30df74894f0a,2020-12-30T00:57:50Z,2020-12-30T00:57:50Z,e2398c77-1768-3b1f-92f7-f2a4e37f2198,CLOSED,CLOSED,CLOSED,0,0,0,2020-12-30T01:12:50Z,2020-12-30T01:12:50Z,2020-12-30T01:12:50Z,1,1
5c39a9da-6fb0-3cbb-ab90-856b084aa0d4,5c39a9da-6fb0-3cbb-0181-add875529d46,222e5181-02d7-3137-a277-bc1b0d9115a3,734afbd6-4794-363b-9bc0-6a3981533ed5,,10,10,410620009,,,,,,,,,5c39a9da-6fb0-3cbb-7b23-44379096101a,2018-01-03T18:25:28Z,2018-01-03T18:25:28Z,222e5181-02d7-3137-a277-bc1b0d9115a3,CLOSED,CLOSED,CLOSED,0,0,0,2018-01-03T18:40:28Z,2018-01-03T18:40:28Z,2018-01-03T18:40:28Z,1,1
5c39a9da-6fb0-3cbb-431d-4b8152f224e9,5c39a9da-6fb0-3cbb-0181-add875529d46,222e5181-02d7-3137-a277-bc1b0d9115a3,734afbd6-4794-363b-9bc0-6a3981533ed5,,10,10,410620009,,,,,,,,,5c39a9da-6fb0-3cbb-2ddf-b612f825614f,2019-01-09T18:25:28Z,2019-01-09T18:25:28Z,222e5181-02d7-3137-a277-bc1b0d9115a3,CLOSED,CLOSED,CLOSED,0,0,0,2019-01-09T18:40:28Z,2019-01-09T18:40:28Z,2019-01-09T18:40:28Z,1,1
79021b82-f370-50bb-0b8f-5cb862592a3b,79021b82-f370-50bb-c5a1-7333816d683f,e2398c77-1768-3b1f-92f7-f2a4e37f2198,8fa6c185-e44e-3e34-8bd8-39be8694f4ce,,10,10,410620009,,,,,,,,,79021b82-f370-50bb-dcdd-689f1c7966b2,2022-01-05T00:57:50Z,2022-01-05T00:57:50Z,e2398c77-1768-3b1f-92f7-f2a4e37f2198,CLOSED,CLOSED,CLOSED,0,0,0,2022-01-05T01:12:50Z,2022-01-05T01:12:50Z,2022-01-05T01:12:50Z,1,1
080b069b-5108-46b6-74f4-67559c42be71,080b069b-5108-46b6-ecef-6aacd3b9ef3f,d2d83492-da6b-3295-8526-1c78c5dcd5da,df166300-5a78-3502-a46a-832842197811,,20,20,162673000,,,,,,,,,080b069b-5108-46b6-5866-f632460b0fa6,2018-09-18T05:55:12Z,2018-09-18T05:55:12Z,d2d83492-da6b-3295-8526-1c78c5dcd5da,CLOSED,CLOSED,CLOSED,0,0,0,2018-09-18T06:10:12Z,2018-09-18T06:10:12Z,2018-09-18T06:10:12Z,1,1
79021b82-f370-50bb-73aa-1bc7928e3416,79021b82-f370-50bb-c5a1-7333816d683f,e2398c77-1768-3b1f-92f7-f2a4e37f2198,8fa6c185-e44e-3e34-8bd8-39be8694f4ce,,10,10,410620009,,,,,,,,,79021b82-f370-50bb-6643-6f085a16c292,2023-01-11T00:57:50Z,2023-01-11T00:57:50Z,e2398c77-1768-3b1f-92f7-f2a4e37f2198,CLOSED,CLOSED,CLOSED,0,0,0,2023-01-11T01:12:50Z,2023-01-11T01:12:50Z,2023-01-11T01:12:50Z,1,1
5c39a9da-6fb0-3cbb-dc12-f59d29558d7b,5c39a9da-6fb0-3cbb-0181-add875529d46,222e5181-02d7-3137-a277-bc1b0d9115a3,734afbd6-4794-363b-9bc0-6a3981533ed5,,10,10,410620009,,,,,,,,,5c39a9da-6fb0-3cbb-be61-e8b8ce2710df,2020-01-15T18:25:28Z,2020-01-15T18:25:28Z,222e5181-02d7-3137-a277-bc1b0d9115a3,CLOSED,CLOSED,CLOSED,0,0,0,2020-01-15T18:40:28Z,2020-01-15T18:40:28Z,2020-01-15T18:40:28Z,1,1
79021b82-f370-50bb-2b2d-90aa27a75c32,79021b82-f370-50bb-c5a1-7333816d683f,e2398c77-1768-3b1f-92f7-f2a4e37f2198,8fa6c185-e44e-3e34-8bd8-39be8694f4ce,,10,10,410620009,,,,,,,,,79021b82-f370-50bb-767d-3dab5a72af1f,2024-01-17T00:57:50Z,2024-01-17T00:57:50Z,e2398c77-1768-3b1f-92f7-f2a4e37f2198,CLOSED,CLOSED,CLOSED,0,0,0,2024-01-17T01:12:50Z,2024-01-17T01:12:50Z,2024-01-17T01:12:50Z,1,1
080b069b-5108-46b6-4f3f-b2885955bdac,080b069b-5108-46b6-ecef-6aacd3b9ef3f,d2d83492-da6b-3295-8526-1c78c5dcd5da,df166300-5a78-3502-a46a-832842197811,,20,20,162673000,,,,,,,,,080b069b-5108-46b6-a51e-749cb82a28bf,2019-09-24T05:55:12Z,2019-09-24T05:55:12Z,d2d83492-da6b-3295-8526-1c78c5dcd5da,CLOSED,CLOSED,CLOSED,0,0,0,2019-09-24T06:10:12Z,2019-09-24T06:10:12Z,2019-09-24T06:10:12Z,1,1
5c39a9da-6fb0-3cbb-7f8f-0b0ef2b45623,5c39a9da-6fb0-3cbb-0181-add875529d46,222e5181-02d7-3137-a277-bc1b0d9115a3,0133f751-9229-3cfd-815f-b6d4979bdd6a,,10,10,410620009,,,,,,,,,5c39a9da-6fb0-3cbb-6f4c-b3770e858e00,2021-01-20T18:25:28Z,2021-01-20T18:25:28Z,222e5181-02d7-3137-a277-bc1b0d9115a3,CLOSED,CLOSED,CLOSED,0,0,0,2021-01-20T18:40:28Z,2021-01-20T18:40:28Z,2021-01-20T18:40:28Z,1,1
080b069b-5108-46b6-fc72-6386cac0267c,080b069b-5108-46b6-ecef-6aacd3b9ef3f,d2d83492-da6b-3295-8526-1c78c5dcd5da,df166300-5a78-3502-a46a-832842197811,,20,20,162673000,,,,,,,,,080b069b-5108-46b6-ac6f-d01cb85b3e4c,2020-09-29T05:55:12Z,2020-09-29T05:55:12Z,d2d83492-da6b-3295-8526-1c78c5dcd5da,CLOSED,CLOSED,CLOSED,0,0,0,2020-09-29T06:10:12Z,2020-09-29T06:10:12Z,2020-09-29T06:10:12Z,1,1
a2fb233f-60e0-b477-778d-e2bdc5ff4c5a,a2fb233f-60e0-b477-cd38-af3923f792a3,924907dc-b288-3384-99c9-8aadda5775c8,8fa6c185-e44e-3e34-8bd8-39be8694f4ce,,20,20,59621000,,,,,,,,,a2fb233f-60e0-b477-6446-725a3f62d857,2006-01-07T12:26:37Z,2006-01-07T12:26:37Z,924907dc-b288-3384-99c9-8aadda5775c8,CLOSED,CLOSED,CLOSED,0,0,0,2006-01-07T12:41:37Z,2006-01-07T12:41:37Z,2006-01-07T12:41:37Z,1,1
a2fb233f-60e0-b477-64ae-a0463bce2f76,a2fb233f-60e0-b477-cd38-af3923f792a3,924907dc-b288-3384-99c9-8aadda5775c8,8fa6c185-e44e-3e34-8bd8-39be8694f4ce,,20,20,59621000,,,,,,,,,a2fb233f-60e0-b477-6446-725a3f62d857,2006-01-07T12:26:37Z,2006-01-07T12:26:37Z,924907dc-b288-3384-99c9-8aadda5775c8,CLOSED,CLOSED,CLOSED,0,0,0,2006-01-07T12:41:37Z,2006-01-07T12:41:37Z,2006-01-07T12:41:37Z,1,1
79021b82-f370-50bb-cafd-1f5b1727c15d,79021b82-f370-50bb-c5a1-7333816d683f,e2398c77-1768-3b1f-92f7-f2a4e37f2198,8fa6c185-e44e-3e34-8bd8-39be8694f4ce,,10,10,410620009,,,,,,,,,79021b82-f370-50bb-f1af-dc08c208d918,2025-01-22T00:57:50Z,2025-01-22T00:57:50Z,e2398c77-1768-3b1f-92f7-f2a4e37f2198,CLOSED,CLOSED,CLOSED,0,0,0,2025-01-22T01:12:50Z,2025-01-22T01:12:50Z,2025-01-22T01:12:50Z,1,1
5c39a9da-6fb0-3cbb-003b-48fbc13ed318,5c39a9da-6fb0-3cbb-0181-add875529d46,222e5181-02d7-3137-a277-bc1b0d9115a3,0133f751-9229-3cfd-815f-b6d4979bdd6a,,10,10,410620009,,,,,,,,,5c39a9da-6fb0-3cbb-5588-588101f7fb76,2022-01-26T18:25:28Z,2022-01-26T18:25:28Z,222e5181-02d7-3137-a277-bc1b0d9115a3,CLOSED,CLOSED,CLOSED,0,0,0,2022-01-26T18:40:28Z,2022-01-26T18:40:28Z,2022-01-26T18:40:28Z,1,1
5c39a9da-6fb0-3cbb-d753-b3f1fc77c2e8,5c39a9da-6fb0-3cbb-0181-add875529d46,78277d9a-3d13-3a07-91ee-1673cf0bd3e1,0133f751-9229-3cfd-815f-b6d4979bdd6a,,2,2,33879002,,,,,,,,,5c39a9da-6fb0-3cbb-2ecc-aa7534159204,2023-01-25T18:25:28Z,2023-01-25T18:25:28Z,78277d9a-3d13-3a07-91ee-1673cf0bd3e1,CLOSED,CLOSED,CLOSED,0,0,0,2023-01-25T18:40:28Z,2023-01-25T18:40:28Z,2023-01-25T18:40:28Z,2,2
5e7ebf2c-22ec-a89b-2281-7a5efae1f994,5e7ebf2c-22ec-a89b-53ab-38edddd81be9,9e1ca8e1-3ea5-38d8-a2b9-dae3cb1e83ec,,,20,20,162673000,,,,,,,,,5e7ebf2c-22ec-a89b-892f-101998426693,2017-06-03T18:32:19Z,2017-06-03T18:32:19Z,9e1ca8e1-3ea5-38d8-a2b9-dae3cb1e83ec,CLOSED,CLOSED,CLOSED,0,0,0,2017-06-03T18:47:19Z,2017-06-03T18:47:19Z,2017-06-03T18:47:19Z,1,1
080b069b-5108-46b6-094d-9e47174599c1,080b069b-5108-46b6-ecef-6aacd3b9ef3f,d2d83492-da6b-3295-8526-1c78c5dcd5da,df166300-5a78-3502-a46a-832842197811,,20,20,162673000,,,,,,,,,080b069b-5108-46b6-030a-2c6638f3d853,2021-10-05T05:55:12Z,2021-10-05T05:55:12Z,d2d83492-da6b-3295-8526-1c78c5dcd5da,CLOSED,CLOSED,CLOSED,0,0,0,2021-10-05T06:10:12Z,2021-10-05T06:10:12Z,2021-10-05T06:10:12Z,1,1
5e7ebf2c-22ec-a89b-78ea-46b97a5e1bc8,5e7ebf2c-22ec-a89b-53ab-38edddd81be9,9e1ca8e1-3ea5-38d8-a2b9-dae3cb1e83ec,,,20,20,162673000,,,,,,,,,5e7ebf2c-22ec-a89b-2179-7ceacbd29e21,2019-06-08T18:32:19Z,2019-06-08T18:32:19Z,9e1ca8e1-3ea5-38d8-a2b9-dae3cb1e83ec,CLOSED,CLOSED,CLOSED,0,0,0,2019-06-08T18:47:19Z,2019-06-08T18:47:19Z,2019-06-08T18:47:19Z,1,1
5c39a9da-6fb0-3cbb-d5c5-912bef67e291,5c39a9da-6fb0-3cbb-0181-add875529d46,222e5181-02d7-3137-a277-bc1b0d9115a3,0133f751-9229-3cfd-815f-b6d4979bdd6a,,10,10,410620009,,,,,,,,,5c39a9da-6fb0-3cbb-b73a-117fcbad97f9,2023-02-01T18:25:28Z,2023-02-01T18:25:28Z,222e5181-02d7-3137-a277-bc1b0d9115a3,CLOSED,CLOSED,CLOSED,0,0,0,2023-02-01T18:40:28Z,2023-02-01T18:40:28Z,2023-02-01T18:40:28Z,1,1
080b069b-5108-46b6-f33a-71128743430f,080b069b-5108-46b6-ecef-6aacd3b9ef3f,b353183b-13ca-3024-bb27-57533efad851,df166300-5a78-3502-a46a-832842197811,,2,2,33879002,,,,,,,,,080b069b-5108-46b6-5517-e61df75f1c7c,2021-11-09T05:55:12Z,2021-11-09T05:55:12Z,b353183b-13ca-3024-bb27-57533efad851,CLOSED,CLOSED,CLOSED,0,0,0,2021-11-09T06:10:12Z,2021-11-09T06:10:12Z,2021-11-09T06:10:12Z,2,2
a2fb233f-60e0-b477-4b81-1e74b8cf7d77,a2fb233f-60e0-b477-cd38-af3923f792a3,f5c2f6e9-0901-3954-8769-8be5532d0e63,8fa6c185-e44e-3e34-8bd8-39be8694f4ce,,1,1,59621000,,,,,,,,,a2fb233f-60e0-b477-a889-b1a48a15dd70,2006-01-07T12:26:37Z,2006-02-06T12:26:37Z,f5c2f6e9-0901-3954-8769-8be5532d0e63,CLOSED,CLOSED,CLOSED,0,0,0,2006-02-06T12:41:37Z,2006-02-06T12:41:37Z,2006-02-06T12:41:37Z,2,2
a2fb233f-60e0-b477-2bea-213809322176,a2fb233f-60e0-b477-cd38-af3923f792a3,f5c2f6e9-0901-3954-8769-8be5532d0e63,8fa6c185-e44e-3e34-8bd8-39be8694f4ce,,1,1,59621000,,,,,,,,,a2fb233f-60e0-b477-a889-b1a48a15dd70,2006-01-07T12:26:37Z,2006-02-06T12:26:37Z,f5c2f6e9-0901-3954-8769-8be5532d0e63,CLOSED,CLOSED,CLOSED,0,0,0,2006-02-06T12:41:37Z,2006-02-06T12:41:37Z,2006-02-06T12:41:37Z,2,2
79021b82-f370-50bb-b470-67c30c11bc10,79021b82-f370-50bb-c5a1-7333816d683f,e2398c77-1768-3b1f-92f7-f2a4e37f2198,8fa6c185-e44e-3e34-8bd8-39be8694f4ce,,10,10,410620009,,,,,,,,,79021b82-f370-50bb-5427-a3fbe978eb0b,2026-01-28T00:57:50Z,2026-01-28T00:57:50Z,e2398c77-1768-3b1f-92f7-f2a4e37f2198,CLOSED,CLOSED,CLOSED,0,0,0,2026-01-28T01:12:50Z,2026-01-28T01:12:50Z,2026-01-28T01:12:50Z,1,1
080b069b-5108-46b6-3fba-c5e66d85c1c1,080b069b-5108-46b6-ecef-6aacd3b9ef3f,b353183b-13ca-3024-bb27-57533efad851,df166300-5a78-3502-a46a-832842197811,,2,2,33879002,,,,,,,,,080b069b-5108-46b6-a513-d7d234dbc371,2021-12-07T05:55:12Z,2021-12-07T05:55:12Z,b353183b-13ca-3024-bb27-57533efad851,CLOSED,CLOSED,CLOSED,0,0,0,2021-12-07T06:10:12Z,2021-12-07T06:10:12Z,2021-12-07T06:10:12Z,2,2
5e7ebf2c-22ec-a89b-a28e-bf37d8c1f2c1,5e7ebf2c-22ec-a89b-53ab-38edddd81be9,ca366103-eec5-3bee-8095-d67d4a7c4aaa,,,2,2,33879002,,,,,,,,,5e7ebf2c-22ec-a89b-5717-fdb8a7ca8f57,2021-03-27T18:32:19Z,2021-03-27T18:32:19Z,ca366103-eec5-3bee-8095-d67d4a7c4aaa,CLOSED,CLOSED,CLOSED,0,0,0,2021-03-27T18:47:19Z,2021-03-27T18:47:19Z,2021-03-27T18:47:19Z,2,2
5e7ebf2c-22ec-a89b-c513-9993ea87011f,5e7ebf2c-22ec-a89b-53ab-38edddd81be9,ca366103-eec5-3bee-8095-d67d4a7c4aaa,,,2,2,33879002,,,,,,,,,5e7ebf2c-22ec-a89b-73b8-6a4d2ff9d8ff,2021-04-17T18:32:19Z,2021-04-17T18:32:19Z,ca366103-eec5-3bee-8095-d67d4a7c4aaa,CLOSED,CLOSED,CLOSED,0,0,0,2021-04-17T18:47:19Z,2021-04-17T18:47:19Z,2021-04-17T18:47:19Z,2,2
080b069b-5108-46b6-32ce-a6f71286ea74,080b069b-5108-46b6-ecef-6aacd3b9ef3f,d2d83492-da6b-3295-8526-1c78c5dcd5da,df166300-5a78-3502-a46a-832842197811,,20,20,162673000,,,,,,,,,080b069b-5108-46b6-4568-f25f193fc997,2022-10-11T05:55:12Z,2022-10-11T05:55:12Z,d2d83492-da6b-3295-8526-1c78c5dcd5da,CLOSED,CLOSED,CLOSED,0,0,0,2022-10-11T06:10:12Z,2022-10-11T06:10:12Z,2022-10-11T06:10:12Z,1,1
080b069b-5108-46b6-589c-de6c7bad9609,080b069b-5108-46b6-ecef-6aacd3b9ef3f,d2d83492-da6b-3295-8526-1c78c5dcd5da,df166300-5a78-3502-a46a-832842197811,,20,20,162673000,,,,,,,,,080b069b-5108-46b6-3232-9a506072f105,2023-10-17T05:55:12Z,2023-10-17T05:55:12Z,d2d83492-da6b-3295-8526-1c78c5dcd5da,CLOSED,CLOSED,CLOSED,0,0,0,2023-10-17T06:10:12Z,2023-10-17T06:10:12Z,2023-10-17T06:10:12Z,1,1
080b069b-5108-46b6-f512-8cedc7bdb347,080b069b-5108-46b6-ecef-6aacd3b9ef3f,d2d83492-da6b-3295-8526-1c78c5dcd5da,df166300-5a78-3502-a46a-832842197811,,20,20,162673000,,,,,,,,,080b069b-5108-46b6-21ce-d7f4973fdd10,2024-10-22T05:55:12Z,2024-10-22T05:55:12Z,d2d83492-da6b-3295-8526-1c78c5dcd5da,CLOSED,CLOSED,CLOSED,0,0,0,2024-10-22T06:10:12Z,2024-10-22T06:10:12Z,2024-10-22T06:10:12Z,1,1
a2fb233f-60e0-b477-77d3-1527053c1304,a2fb233f-60e0-b477-cd38-af3923f792a3,924907dc-b288-3384-99c9-8aadda5775c8,8fa6c185-e44e-3e34-8bd8-39be8694f4ce,,20,20,162673000,,,,,,,,,a2fb233f-60e0-b477-4873-a14982754ee6,2017-03-11T12:26:37Z,2017-03-11T12:26:37Z,924907dc-b288-3384-99c9-8aadda5775c8,CLOSED,CLOSED,CLOSED,0,0,0,2017-03-11T12:41:37Z,2017-03-11T12:41:37Z,2017-03-11T12:41:37Z,1,1
080b069b-5108-46b6-8aff-429c6ea318c4,080b069b-5108-46b6-ecef-6aacd3b9ef3f,d2d83492-da6b-3295-8526-1c78c5dcd5da,df166300-5a78-3502-a46a-832842197811,,20,20,162673000,,,,,,,,,080b069b-5108-46b6-b7e7-0e2a7586644c,2025-10-28T05:55:12Z,2025-10-28T05:55:12Z,d2d83492-da6b-3295-8526-1c78c5dcd5da,CLOSED,CLOSED,CLOSED,0,0,0,2025-10-28T06:10:12Z,2025-10-28T06:10:12Z,2025-10-28T06:10:12Z,1,1
a2fb233f-60e0-b477-c09d-641cedc2b441,a2fb233f-60e0-b477-cd38-af3923f792a3,924907dc-b288-3384-99c9-8aadda5775c8,8fa6c185-e44e-3e34-8bd8-39be8694f4ce,,20,20,162673000,,,,,,,,,a2fb233f-60e0-b477-b2e1-a4e90bc9b2e0,2018-03-17T12:26:37Z,2018-03-17T12:26:37Z,924907dc-b288-3384-99c9-8aadda5775c8,CLOSED,CLOSED,CLOSED,0,0,0,2018-03-17T12:41:37Z,2018-03-17T12:41:37Z,2018-03-17T12:41:37Z,1,1
a2fb233f-60e0-b477-2f7b-bdaeea5d807a,a2fb233f-60e0-b477-cd38-af3923f792a3,924907dc-b288-3384-99c9-8aadda5775c8,8fa6c185-e44e-3e34-8bd8-39be8694f4ce,,20,20,162673000,,,,,,,,,a2fb233f-60e0-b477-e03e-4df6c6e707eb,2019-03-23T12:26:37Z,2019-03-23T12:26:37Z,924907dc-b288-3384-99c9-8aadda5775c8,CLOSED,CLOSED,CLOSED,0,0,0,2019-03-23T12:41:37Z,2019-03-23T12:41:37Z,2019-03-23T12:41:37Z,1,1
a2fb233f-60e0-b477-251b-693a8da7a845,a2fb233f-60e0-b477-cd38-af3923f792a3,924907dc-b288-3384-99c9-8aadda5775c8,8fa6c185-e44e-3e34-8bd8-39be8694f4ce,,20,20,162673000,,,,,,,,,a2fb233f-60e0-b477-dbe1-4aeb51af83b0,2020-03-28T12:26:37Z,2020-03-28T12:26:37Z,924907dc-b288-3384-99c9-8aadda5775c8,CLOSED,CLOSED,CLOSED,0,0,0,2020-03-28T12:41:37Z,2020-03-28T12:41:37Z,2020-03-28T12:41:37Z,1,1
a2fb233f-60e0-b477-0cb7-e5a82f7b891e,a2fb233f-60e0-b477-cd38-af3923f792a3,f5c2f6e9-0901-3954-8769-8be5532d0e63,8fa6c185-e44e-3e34-8bd8-39be8694f4ce,,2,2,33879002,,,,,,,,,a2fb233f-60e0-b477-9bde-02434fc19b6a,2021-02-27T12:26:37Z,2021-02-27T12:26:37Z,f5c2f6e9-0901-3954-8769-8be5532d0e63,CLOSED,CLOSED,CLOSED,0,0,0,2021-02-27T12:41:37Z,2021-02-27T12:41:37Z,2021-02-27T12:41:37Z,2,2
a2fb233f-60e0-b477-0046-2d4e408014a3,a2fb233f-60e0-b477-cd38-af3923f792a3,f5c2f6e9-0901-3954-8769-8be5532d0e63,8fa6c185-e44e-3e34-8bd8-39be8694f4ce,,2,2,33879002,,,,,,,,,a2fb233f-60e0-b477-9630-f9cb206e4831,2021-03-27T12:26:37Z,2021-03-27T12:26:37Z,f5c2f6e9-0901-3954-8769-8be5532d0e63,CLOSED,CLOSED,CLOSED,0,0,0,2021-03-27T12:41:37Z,2021-03-27T12:41:37Z,2021-03-27T12:41:37Z,2,2
a2fb233f-60e0-b477-07f2-80c36b3f8f9b,a2fb233f-60e0-b477-cd38-af3923f792a3,924907dc-b288-3384-99c9-8aadda5775c8,8fa6c185-e44e-3e34-8bd8-39be8694f4ce,,20,20,162673000,,,,,,,,,a2fb233f-60e0-b477-4e5d-9f27b697cb8f,2021-04-03T12:26:37Z,2021-04-03T12:26:37Z,924907dc-b288-3384-99c9-8aadda5775c8,CLOSED,CLOSED,CLOSED,0,0,0,2021-04-03T12:41:37Z,2021-04-03T12:41:37Z,2021-04-03T12:41:37Z,1,1
a2fb233f-60e0-b477-6e02-6c709c1ef346,a2fb233f-60e0-b477-cd38-af3923f792a3,924907dc-b288-3384-99c9-8aadda5775c8,8fa6c185-e44e-3e34-8bd8-39be8694f4ce,,20,20,162673000,,,,,,,,,a2fb233f-60e0-b477-8cfb-e91a69a002e1,2022-04-09T12:26:37Z,2022-04-09T12:26:37Z,924907dc-b288-3384-99c9-8aadda5775c8,CLOSED,CLOSED,CLOSED,0,0,0,2022-04-09T12:41:37Z,2022-04-09T12:41:37Z,2022-04-09T12:41:37Z,1,1
5e7ebf2c-22ec-a89b-b867-b94c2f39184b,5e7ebf2c-22ec-a89b-53ab-38edddd81be9,9e1ca8e1-3ea5-38d8-a2b9-dae3cb1e83ec,,,20,20,162673000,,,,,,,,,5e7ebf2c-22ec-a89b-924e-4cf1d3345a24,2021-06-12T18:32:19Z,2021-06-12T18:32:19Z,9e1ca8e1-3ea5-38d8-a2b9-dae3cb1e83ec,CLOSED,CLOSED,CLOSED,0,0,0,2021-06-12T18:47:19Z,2021-06-12T18:47:19Z,2021-06-12T18:47:19Z,1,1
a2fb233f-60e0-b477-0330-544e0040108c,a2fb233f-60e0-b477-cd38-af3923f792a3,924907dc-b288-3384-99c9-8aadda5775c8,8fa6c185-e44e-3e34-8bd8-39be8694f4ce,,20,20,162673000,,,,,,,,,a2fb233f-60e0-b477-a9d5-45521b110b2c,2023-04-15T12:26:37Z,2023-04-15T12:26:37Z,924907dc-b288-3384-99c9-8aadda5775c8,CLOSED,CLOSED,CLOSED,0,0,0,2023-04-15T12:41:37Z,2023-04-15T12:41:37Z,2023-04-15T12:41:37Z,1,1
5c39a9da-6fb0-3cbb-b98f-1b7dd4751f95,5c39a9da-6fb0-3cbb-0181-add875529d46,78277d9a-3d13-3a07-91ee-1673cf0bd3e1,0133f751-9229-3cfd-815f-b6d4979bdd6a,,2,2,33879002,,,,,,,,,5c39a9da-6fb0-3cbb-5ea2-20d1ef6d6a27,2023-02-22T18:25:28Z,2023-02-22T18:25:28Z,78277d9a-3d13-3a07-91ee-1673cf0bd3e1,CLOSED,CLOSED,CLOSED,0,0,0,2023-02-22T18:40:28Z,2023-02-22T18:40:28Z,2023-02-22T18:40:28Z,2,2
a2fb233f-60e0-b477-33d8-3e8803d813a9,a2fb233f-60e0-b477-cd38-af3923f792a3,924907dc-b288-3384-99c9-8aadda5775c8,8fa6c185-e44e-3e34-8bd8-39be8694f4ce,,20,20,162673000,,,,,,,,,a2fb233f-60e0-b477-3468-6b33211aad1d,2024-04-20T12:26:37Z,2024-04-20T12:26:37Z,924907dc-b288-3384-99c9-8aadda5775c8,CLOSED,CLOSED,CLOSED,0,0,0,2024-04-20T12:41:37Z,2024-04-20T12:41:37Z,2024-04-20T12:41:37Z,1,1
a2fb233f-60e0-b477-5ead-6acc7c87b3b0,a2fb233f-60e0-b477-cd38-af3923f792a3,924907dc-b288-3384-99c9-8aadda5775c8,8fa6c185-e44e-3e34-8bd8-39be8694f4ce,,20,20,162673000,,,,,,,,,a2fb233f-60e0-b477-f121-bfcf110d096c,2025-04-26T12:26:37Z,2025-04-26T12:26:37Z,924907dc-b288-3384-99c9-8aadda5775c8,CLOSED,CLOSED,CLOSED,0,0,0,2025-04-26T12:41:37Z,2025-04-26T12:41:37Z,2025-04-26T12:41:37Z,1,1
a2fb233f-60e0-b477-54c8-54dc4c7f0e92,a2fb233f-60e0-b477-cd38-af3923f792a3,924907dc-b288-3384-99c9-8aadda5775c8,8fa6c185-e44e-3e34-8bd8-39be8694f4ce,,20,20,162673000,,,,,,,,,a2fb233f-60e0-b477-f47e-ac4bc91fffcf,2026-05-02T12:26:37Z,2026-05-02T12:26:37Z,924907dc-b288-3384-99c9-8aadda5775c8,CLOSED,CLOSED,CLOSED,0,0,0,2026-05-02T12:41:37Z,2026-05-02T12:41:37Z,2026-05-02T12:41:37Z,1,1
5e7ebf2c-22ec-a89b-8fb2-3820899ff4c8,5e7ebf2c-22ec-a89b-53ab-38edddd81be9,9e1ca8e1-3ea5-38d8-a2b9-dae3cb1e83ec,,,20,20,162673000,,,,,,,,,5e7ebf2c-22ec-a89b-1cfe-d064af910826,2023-05-20T18:32:19Z,2023-05-20T18:32:19Z,9e1ca8e1-3ea5-38d8-a2b9-dae3cb1e83ec,CLOSED,CLOSED,CLOSED,0,0,0,2023-05-20T18:47:19Z,2023-05-20T18:47:19Z,2023-05-20T18:47:19Z,1,1
5e7ebf2c-22ec-a89b-0869-df3efb4bf6a3,5e7ebf2c-22ec-a89b-53ab-38edddd81be9,9e1ca8e1-3ea5-38d8-a2b9-dae3cb1e83ec,,,20,20,162673000,,,,,,,,,5e7ebf2c-22ec-a89b-e52d-483aad150808,2024-05-25T18:32:19Z,2024-05-25T18:32:19Z,9e1ca8e1-3ea5-38d8-a2b9-dae3cb1e83ec,CLOSED,CLOSED,CLOSED,0,0,0,2024-05-25T18:47:19Z,2024-05-25T18:47:19Z,2024-05-25T18:47:19Z,1,1
5e7ebf2c-22ec-a89b-6c44-78fcaae04a39,5e7ebf2c-22ec-a89b-53ab-38edddd81be9,9e1ca8e1-3ea5-38d8-a2b9-dae3cb1e83ec,,,20,20,162673000,,,,,,,,,5e7ebf2c-22ec-a89b-59b4-4185c133692e,2025-05-31T18:32:19Z,2025-05-31T18:32:19Z,9e1ca8e1-3ea5-38d8-a2b9-dae3cb1e83ec,CLOSED,CLOSED,CLOSED,0,0,0,2025-05-31T18:47:19Z,2025-05-31T18:47:19Z,2025-05-31T18:47:19Z,1,1
5e7ebf2c-22ec-a89b-6b9d-ef1e53c2a14c,5e7ebf2c-22ec-a89b-53ab-38edddd81be9,9e1ca8e1-3ea5-38d8-a2b9-dae3cb1e83ec,,,20,20,162673000,,,,,,,,,5e7ebf2c-22ec-a89b-3964-a8a759161942,2026-06-06T18:32:19Z,2026-06-06T18:32:19Z,9e1ca8e1-3ea5-38d8-a2b9-dae3cb1e83ec,CLOSED,CLOSED,CLOSED,0,0,0,2026-06-06T18:47:19Z,2026-06-06T18:47:19Z,2026-06-06T18:47:19Z,1,1
5c39a9da-6fb0-3cbb-637e-c298d64d49c4,5c39a9da-6fb0-3cbb-0181-add875529d46,222e5181-02d7-3137-a277-bc1b0d9115a3,0133f751-9229-3cfd-815f-b6d4979bdd6a,,10,10,410620009,,,,,,,,,5c39a9da-6fb0-3cbb-1069-38e2f12fdf0e,2024-02-07T18:25:28Z,2024-02-07T18:25:28Z,222e5181-02d7-3137-a277-bc1b0d9115a3,CLOSED,CLOSED,CLOSED,0,0,0,2024-02-07T18:40:28Z,2024-02-07T18:40:28Z,2024-02-07T18:40:28Z,1,1
5c39a9da-6fb0-3cbb-13dd-059b2b1f3347,5c39a9da-6fb0-3cbb-0181-add875529d46,222e5181-02d7-3137-a277-bc1b0d9115a3,0133f751-9229-3cfd-815f-b6d4979bdd6a,,10,10,410620009,,,,,,,,,5c39a9da-6fb0-3cbb-5eb7-7ca29d1b3559,2025-02-12T18:25:28Z,2025-02-12T18:25:28Z,222e5181-02d7-3137-a277-bc1b0d9115a3,CLOSED,CLOSED,CLOSED,0,0,0,2025-02-12T18:40:28Z,2025-02-12T18:40:28Z,2025-02-12T18:40:28Z,1,1
5c39a9da-6fb0-3cbb-7e73-cfa9a929b9e9,5c39a9da-6fb0-3cbb-0181-add875529d46,222e5181-02d7-3137-a277-bc1b0d9115a3,0133f751-9229-3cfd-815f-b6d4979bdd6a,,10,10,410620009,,,,,,,,,5c39a9da-6fb0-3cbb-5a66-1fd9ae1b860e,2026-02-18T18:25:28Z,2026-02-18T18:25:28Z,222e5181-02d7-3137-a277-bc1b0d9115a3,CLOSED,CLOSED,CLOSED,0,0,0,2026-02-18T18:40:28Z,2026-02-18T18:40:28Z,2026-02-18T18:40:28Z,1,1
d3cb6736-0991-40ed-e1fd-59f25297ae07,d3cb6736-0991-40ed-a220-7c714aba4c37,2f78888b-4265-3e82-917b-9ab3b77fb2fe,26aab0cd-6aba-3e1b-ac5b-05c8867e762c,,20,20,59621000,,,,,,,,,d3cb6736-0991-40ed-9bc6-1630c7bf07bd,2013-07-27T21:21:41Z,2013-07-27T21:21:41Z,2f78888b-4265-3e82-917b-9ab3b77fb2fe,CLOSED,CLOSED,CLOSED,0,0,0,2013-07-27T21:36:41Z,2013-07-27T21:36:41Z,2013-07-27T21:36:41Z,1,1
d3cb6736-0991-40ed-0ae0-75cc758e79e7,d3cb6736-0991-40ed-a220-7c714aba4c37,2f78888b-4265-3e82-917b-9ab3b77fb2fe,26aab0cd-6aba-3e1b-ac5b-05c8867e762c,,20,20,59621000,,,,,,,,,d3cb6736-0991-40ed-9bc6-1630c7bf07bd,2013-07-27T21:21:41Z,2013-07-27T21:21:41Z,2f78888b-4265-3e82-917b-9ab3b77fb2fe,CLOSED,CLOSED,CLOSED,0,0,0,2013-07-27T21:36:41Z,2013-07-27T21:36:41Z,2013-07-27T21:36:41Z,1,1
d3cb6736-0991-40ed-c5a8-ebd247256f7d,d3cb6736-0991-40ed-a220-7c714aba4c37,2e285af2-8cce-311b-91d3-d8024a5ed4fc,26aab0cd-6aba-3e1b-ac5b-05c8867e762c,,1,1,59621000,,,,,,,,,d3cb6736-0991-40ed-45dd-dd89f44a3c7d,2013-07-27T21:21:41Z,2013-08-26T21:21:41Z,2e285af2-8cce-311b-91d3-d8024a5ed4fc,CLOSED,CLOSED,CLOSED,0,0,0,2013-08-26T21:36:41Z,2013-08-26T21:36:41Z,2013-08-26T21:36:41Z,2,2
d3cb6736-0991-40ed-4571-efe957876a5f,d3cb6736-0991-40ed-a220-7c714aba4c37,2e285af2-8cce-311b-91d3-d8024a5ed4fc,26aab0cd-6aba-3e1b-ac5b-05c8867e762c,,1,1,59621000,,,,,,,,,d3cb6736-0991-40ed-45dd-dd89f44a3c7d,2013-07-27T21:21:41Z,2013-08-26T21:21:41Z,2e285af2-8cce-311b-91d3-d8024a5ed4fc,CLOSED,CLOSED,CLOSED,0,0,0,2013-08-26T21:36:41Z,2013-08-26T21:36:41Z,2013-08-26T21:36:41Z,2,2
d3cb6736-0991-40ed-c8ab-9c2980b3753f,d3cb6736-0991-40ed-a220-7c714aba4c37,2f78888b-4265-3e82-917b-9ab3b77fb2fe,26aab0cd-6aba-3e1b-ac5b-05c8867e762c,,20,20,162673000,,,,,,,,,d3cb6736-0991-40ed-99ba-8ddabb16cfe2,2016-08-13T21:21:41Z,2016-08-13T21:21:41Z,2f78888b-4265-3e82-917b-9ab3b77fb2fe,CLOSED,CLOSED,CLOSED,0,0,0,2016-08-13T21:36:41Z,2016-08-13T21:36:41Z,2016-08-13T21:36:41Z,1,1
d3cb6736-0991-40ed-f7de-13eb93365e9c,d3cb6736-0991-40ed-a220-7c714aba4c37,2f78888b-4265-3e82-917b-9ab3b77fb2fe,26aab0cd-6aba-3e1b-ac5b-05c8867e762c,,20,20,162673000,,,,,,,,,d3cb6736-0991-40ed-4e1f-257afcbb11c9,2017-08-19T21:21:41Z,2017-08-19T21:21:41Z,2f78888b-4265-3e82-917b-9ab3b77fb2fe,CLOSED,CLOSED,CLOSED,0,0,0,2017-08-19T21:36:41Z,2017-08-19T21:36:41Z,2017-08-19T21:36:41Z,1,1
d3cb6736-0991-40ed-7619-cc97f9823eed,d3cb6736-0991-40ed-a220-7c714aba4c37,2f78888b-4265-3e82-917b-9ab3b77fb2fe,26aab0cd-6aba-3e1b-ac5b-05c8867e762c,,20,20,162673000,,,,,,,,,d3cb6736-0991-40ed-2e87-1106bbcfafad,2018-08-25T21:21:41Z,2018-08-25T21:21:41Z,2f78888b-4265-3e82-917b-9ab3b77fb2fe,CLOSED,CLOSED,CLOSED,0,0,0,2018-08-25T21:36:41Z,2018-08-25T21:36:41Z,2018-08-25T21:36:41Z,1,1
d3cb6736-0991-40ed-26c2-74642fb5a848,d3cb6736-0991-40ed-a220-7c714aba4c37,2f78888b-4265-3e82-917b-9ab3b77fb2fe,26aab0cd-6aba-3e1b-ac5b-05c8867e762c,,20,20,162673000,,,,,,,,,d3cb6736-0991-40ed-419b-4d3df457037c,2019-08-31T21:21:41Z,2019-08-31T21:21:41Z,2f78888b-4265-3e82-917b-9ab3b77fb2fe,CLOSED,CLOSED,CLOSED,0,0,0,2019-08-31T21:36:41Z,2019-08-31T21:36:41Z,2019-08-31T21:36:41Z,1,1
d3cb6736-0991-40ed-dc96-3c0e7c3f7a46,d3cb6736-0991-40ed-a220-7c714aba4c37,2f78888b-4265-3e82-917b-9ab3b77fb2fe,26aab0cd-6aba-3e1b-ac5b-05c8867e762c,,20,20,162673000,,,,,,,,,d3cb6736-0991-40ed-15ff-1e2df4bfb0b4,2020-09-05T21:21:41Z,2020-09-05T21:21:41Z,2f78888b-4265-3e82-917b-9ab3b77fb2fe,CLOSED,CLOSED,CLOSED,0,0,0,2020-09-05T21:36:41Z,2020-09-05T21:36:41Z,2020-09-05T21:36:41Z,1,1
d3cb6736-0991-40ed-c037-65946f1022ee,d3cb6736-0991-40ed-a220-7c714aba4c37,2e285af2-8cce-311b-91d3-d8024a5ed4fc,26aab0cd-6aba-3e1b-ac5b-05c8867e762c,,2,2,33879002,,,,,,,,,d3cb6736-0991-40ed-d846-3e9170b3bf1e,2021-04-10T21:21:41Z,2021-04-10T21:21:41Z,2e285af2-8cce-311b-91d3-d8024a5ed4fc,CLOSED,CLOSED,CLOSED,0,0,0,2021-04-10T21:36:41Z,2021-04-10T21:36:41Z,2021-04-10T21:36:41Z,2,2
d3cb6736-0991-40ed-a884-46e5a2fbdabe,d3cb6736-0991-40ed-a220-7c714aba4c37,2e285af2-8cce-311b-91d3-d8024a5ed4fc,26aab0cd-6aba-3e1b-ac5b-05c8867e762c,,2,2,33879002,,,,,,,,,d3cb6736-0991-40ed-8816-b0e11c955e8f,2021-05-08T21:21:41Z,2021-05-08T21:21:41Z,2e285af2-8cce-311b-91d3-d8024a5ed4fc,CLOSED,CLOSED,CLOSED,0,0,0,2021-05-08T21:36:41Z,2021-05-08T21:36:41Z,2021-05-08T21:36:41Z,2,2
d3cb6736-0991-40ed-e749-0bbdaf5fee16,d3cb6736-0991-40ed-a220-7c714aba4c37,2f78888b-4265-3e82-917b-9ab3b77fb2fe,26aab0cd-6aba-3e1b-ac5b-05c8867e762c,,20,20,162673000,,,,,,,,,d3cb6736-0991-40ed-1fea-174cac562893,2021-09-11T21:21:41Z,2021-09-11T21:21:41Z,2f78888b-4265-3e82-917b-9ab3b77fb2fe,CLOSED,CLOSED,CLOSED,0,0,0,2021-09-11T21:36:41Z,2021-09-11T21:36:41Z,2021-09-11T21:36:41Z,1,1
d3cb6736-0991-40ed-4080-5f1f4b85e4da,d3cb6736-0991-40ed-a220-7c714aba4c37,2f78888b-4265-3e82-917b-9ab3b77fb2fe,26aab0cd-6aba-3e1b-ac5b-05c8867e762c,,20,20,162673000,,,,,,,,,d3cb6736-0991-40ed-3e09-75be2d7f7fc3,2022-09-17T21:21:41Z,2022-09-17T21:21:41Z,2f78888b-4265-3e82-917b-9ab3b77fb2fe,CLOSED,CLOSED,CLOSED,0,0,0,2022-09-17T21:36:41Z,2022-09-17T21:36:41Z,2022-09-17T21:36:41Z,1,1
d3cb6736-0991-40ed-8228-4002e323bb9e,d3cb6736-0991-40ed-a220-7c714aba4c37,2f78888b-4265-3e82-917b-9ab3b77fb2fe,26aab0cd-6aba-3e1b-ac5b-05c8867e762c,,20,20,162673000,,,,,,,,,d3cb6736-0991-40ed-9623-295bfe842f1d,2023-09-23T21:21:41Z,2023-09-23T21:21:41Z,2f78888b-4265-3e82-917b-9ab3b77fb2fe,CLOSED,CLOSED,CLOSED,0,0,0,2023-09-23T21:36:41Z,2023-09-23T21:36:41Z,2023-09-23T21:36:41Z,1,1
d3cb6736-0991-40ed-dbdb-7a557a107c31,d3cb6736-0991-40ed-a220-7c714aba4c37,2f78888b-4265-3e82-917b-9ab3b77fb2fe,26aab0cd-6aba-3e1b-ac5b-05c8867e762c,,20,20,162673000,,,,,,,,,d3cb6736-0991-40ed-aa9a-83ae887d04c5,2024-09-28T21:21:41Z,2024-09-28T21:21:41Z,2f78888b-4265-3e82-917b-9ab3b77fb2fe,CLOSED,CLOSED,CLOSED,0,0,0,2024-09-28T21:36:41Z,2024-09-28T21:36:41Z,2024-09-28T21:36:41Z,1,1
d3cb6736-0991-40ed-f094-ca15ce6b41a9,d3cb6736-0991-40ed-a220-7c714aba4c37,2f78888b-4265-3e82-917b-9ab3b77fb2fe,26aab0cd-6aba-3e1b-ac5b-05c8867e762c,,20,20,162673000,,,,,,,,,d3cb6736-0991-40ed-bba0-d768e3c2378d,2025-10-04T21:21:41Z,2025-10-04T21:21:41Z,2f78888b-4265-3e82-917b-9ab3b77fb2fe,CLOSED,CLOSED,CLOSED,0,0,0,2025-10-04T21:36:41Z,2025-10-04T21:36:41Z,2025-10-04T21:36:41Z,1,1
26aa011e-0d75-d1a3-5031-93ca64270fcb,26aa011e-0d75-d1a3-3c5a-560a9450cc9d,c192a349-24a6-3ac1-8cdc-03267e29230c,8fa6c185-e44e-3e34-8bd8-39be8694f4ce,,10,10,410620009,,,,,,,,,26aa011e-0d75-d1a3-5d25-d8ccb0449c7d,2017-01-08T00:39:35Z,2017-01-08T00:39:35Z,c192a349-24a6-3ac1-8cdc-03267e29230c,CLOSED,CLOSED,CLOSED,0,0,0,2017-01-08T00:54:35Z,2017-01-08T00:54:35Z,2017-01-08T00:54:35Z,1,1
26aa011e-0d75-d1a3-c8d9-53bc2af13c05,26aa011e-0d75-d1a3-3c5a-560a9450cc9d,c192a349-24a6-3ac1-8cdc-03267e29230c,8fa6c185-e44e-3e34-8bd8-39be8694f4ce,,10,10,410620009,,,,,,,,,26aa011e-0d75-d1a3-b070-ccd51b406d07,2018-01-14T00:39:35Z,2018-01-14T00:39:35Z,c192a349-24a6-3ac1-8cdc-03267e29230c,CLOSED,CLOSED,CLOSED,0,0,0,2018-01-14T00:54:35Z,2018-01-14T00:54:35Z,2018-01-14T00:54:35Z,1,1
26aa011e-0d75-d1a3-6c50-00d8a9027957,26aa011e-0d75-d1a3-3c5a-560a9450cc9d,c192a349-24a6-3ac1-8cdc-03267e29230c,8fa6c185-e44e-3e34-8bd8-39be8694f4ce,,10,10,410620009,,,,,,,,,26aa011e-0d75-d1a3-8994-ea1631300afb,2019-01-20T00:39:35Z,2019-01-20T00:39:35Z,c192a349-24a6-3ac1-8cdc-03267e29230c,CLOSED,CLOSED,CLOSED,0,0,0,2019-01-20T00:54:35Z,2019-01-20T00:54:35Z,2019-01-20T00:54:35Z,1,1
26aa011e-0d75-d1a3-9593-75a1eed85cee,26aa011e-0d75-d1a3-3c5a-560a9450cc9d,c192a349-24a6-3ac1-8cdc-03267e29230c,8fa6c185-e44e-3e34-8bd8-39be8694f4ce,,10,10,410620009,,,,,,,,,26aa011e-0d75-d1a3-ea5d-0a9e8ab26027,2020-01-26T00:39:35Z,2020-01-26T00:39:35Z,c192a349-24a6-3ac1-8cdc-03267e29230c,CLOSED,CLOSED,CLOSED,0,0,0,2020-01-26T00:54:35Z,2020-01-26T00:54:35Z,2020-01-26T00:54:35Z,1,1
26aa011e-0d75-d1a3-61a0-e571aba57381,26aa011e-0d75-d1a3-3c5a-560a9450cc9d,c192a349-24a6-3ac1-8cdc-03267e29230c,8fa6c185-e44e-3e34-8bd8-39be8694f4ce,,10,10,410620009,,,,,,,,,26aa011e-0d75-d1a3-38e2-a0e4780dac4d,2021-01-31T00:39:35Z,2021-01-31T00:39:35Z,c192a349-24a6-3ac1-8cdc-03267e29230c,CLOSED,CLOSED,CLOSED,0,0,0,2021-01-31T00:54:35Z,2021-01-31T00:54:35Z,2021-01-31T00:54:35Z,1,1
26aa011e-0d75-d1a3-5231-0069909e87ca,26aa011e-0d75-d1a3-3c5a-560a9450cc9d,cabc2729-89f2-3248-bb45-c710aa1f3a7f,0133f751-9229-3cfd-815f-b6d4979bdd6a,,2,2,33879002,,,,,,,,,26aa011e-0d75-d1a3-496e-8a187ff0a69c,2022-01-30T00:39:35Z,2022-01-30T00:39:35Z,cabc2729-89f2-3248-bb45-c710aa1f3a7f,CLOSED,CLOSED,CLOSED,0,0,0,2022-01-30T00:54:35Z,2022-01-30T00:54:35Z,2022-01-30T00:54:35Z,2,2
26aa011e-0d75-d1a3-bf82-7927e0e01101,26aa011e-0d75-d1a3-3c5a-560a9450cc9d,c192a349-24a6-3ac1-8cdc-03267e29230c,0133f751-9229-3cfd-815f-b6d4979bdd6a,,10,10,410620009,,,,,,,,,26aa011e-0d75-d1a3-8605-a05ae21b6fb8,2022-02-06T00:39:35Z,2022-02-06T00:39:35Z,c192a349-24a6-3ac1-8cdc-03267e29230c,CLOSED,CLOSED,CLOSED,0,0,0,2022-02-06T00:54:35Z,2022-02-06T00:54:35Z,2022-02-06T00:54:35Z,1,1
26aa011e-0d75-d1a3-1039-c4dc992342bc,26aa011e-0d75-d1a3-3c5a-560a9450cc9d,cabc2729-89f2-3248-bb45-c710aa1f3a7f,0133f751-9229-3cfd-815f-b6d4979bdd6a,,2,2,33879002,,,,,,,,,26aa011e-0d75-d1a3-46e5-f833d2e3ea8a,2022-02-27T00:39:35Z,2022-02-27T00:39:35Z,cabc2729-89f2-3248-bb45-c710aa1f3a7f,CLOSED,CLOSED,CLOSED,0,0,0,2022-02-27T00:54:35Z,2022-02-27T00:54:35Z,2022-02-27T00:54:35Z,2,2
26aa011e-0d75-d1a3-6ed6-ef93572428b5,26aa011e-0d75-d1a3-3c5a-560a9450cc9d,c192a349-24a6-3ac1-8cdc-03267e29230c,0133f751-9229-3cfd-815f-b6d4979bdd6a,,10,10,410620009,,,,,,,,,26aa011e-0d75-d1a3-d26c-bc568cb8429a,2023-02-12T00:39:35Z,2023-02-12T00:39:35Z,c192a349-24a6-3ac1-8cdc-03267e29230c,CLOSED,CLOSED,CLOSED,0,0,0,2023-02-12T00:54:35Z,2023-02-12T00:54:35Z,2023-02-12T00:54:35Z,1,1
26aa011e-0d75-d1a3-340b-ff8cfee86057,26aa011e-0d75-d1a3-3c5a-560a9450cc9d,c192a349-24a6-3ac1-8cdc-03267e29230c,0133f751-9229-3cfd-815f-b6d4979bdd6a,,10,10,410620009,,,,,,,,,26aa011e-0d75-d1a3-4d92-3ec4f07d0c38,2024-02-18T00:39:35Z,2024-02-18T00:39:35Z,c192a349-24a6-3ac1-8cdc-03267e29230c,CLOSED,CLOSED,CLOSED,0,0,0,2024-02-18T00:54:35Z,2024-02-18T00:54:35Z,2024-02-18T00:54:35Z,1,1
26aa011e-0d75-d1a3-75a3-5fab8e05044d,26aa011e-0d75-d1a3-3c5a-560a9450cc9d,c192a349-24a6-3ac1-8cdc-03267e29230c,0133f751-9229-3cfd-815f-b6d4979bdd6a,,10,10,410620009,,,,,,,,,26aa011e-0d75-d1a3-c7d4-64bed746c406,2025-02-23T00:39:35Z,2025-02-23T00:39:35Z,c192a349-24a6-3ac1-8cdc-03267e29230c,CLOSED,CLOSED,CLOSED,0,0,0,2025-02-23T00:54:35Z,2025-02-23T00:54:35Z,2025-02-23T00:54:35Z,1,1
75d6a35c-c2e1-5b9f-d662-707c62ce8b40,75d6a35c-c2e1-5b9f-e7f8-6a5b05af8fc8,559f3502-f31f-39df-9ff2-c6cba84bc0d8,d31fccc3-1767-390d-966a-22a5156f4219,,10,10,410620009,,,,,,,,,75d6a35c-c2e1-5b9f-6848-044fca54ba45,2016-10-21T05:02:18Z,2016-10-21T05:02:18Z,559f3502-f31f-39df-9ff2-c6cba84bc0d8,CLOSED,CLOSED,CLOSED,0,0,0,2016-10-21T05:17:18Z,2016-10-21T05:17:18Z,2016-10-21T05:17:18Z,1,1
26aa011e-0d75-d1a3-3968-c385ca57cbee,26aa011e-0d75-d1a3-3c5a-560a9450cc9d,c192a349-24a6-3ac1-8cdc-03267e29230c,0133f751-9229-3cfd-815f-b6d4979bdd6a,,10,10,410620009,,,,,,,,,26aa011e-0d75-d1a3-7a12-232683d1982d,2026-03-01T00:39:35Z,2026-03-01T00:39:35Z,c192a349-24a6-3ac1-8cdc-03267e29230c,CLOSED,CLOSED,CLOSED,0,0,0,2026-03-01T00:54:35Z,2026-03-01T00:54:35Z,2026-03-01T00:54:35Z,1,1
75d6a35c-c2e1-5b9f-0bf1-0d6af0d2d665,75d6a35c-c2e1-5b9f-e7f8-6a5b05af8fc8,559f3502-f31f-39df-9ff2-c6cba84bc0d8,d31fccc3-1767-390d-966a-22a5156f4219,,10,10,410620009,,,,,,,,,75d6a35c-c2e1-5b9f-5889-334dca352266,2017-10-27T05:02:18Z,2017-10-27T05:02:18Z,559f3502-f31f-39df-9ff2-c6cba84bc0d8,CLOSED,CLOSED,CLOSED,0,0,0,2017-10-27T05:17:18Z,2017-10-27T05:17:18Z,2017-10-27T05:17:18Z,1,1
7811dc30-8c86-8164-ce52-2b4d440911dd,7811dc30-8c86-8164-6c33-6b6f464745ef,d61cf896-5f33-381d-a736-29b7642bd9b5,d31fccc3-1767-390d-966a-22a5156f4219,,20,20,59621000,,,,,,,,,7811dc30-8c86-8164-be52-a76df46de6f9,2016-02-22T11:46:16Z,2016-02-22T11:46:16Z,d61cf896-5f33-381d-a736-29b7642bd9b5,CLOSED,CLOSED,CLOSED,0,0,0,2016-02-22T12:01:16Z,2016-02-22T12:01:16Z,2016-02-22T12:01:16Z,1,1
7811dc30-8c86-8164-a381-463f756e02f7,7811dc30-8c86-8164-6c33-6b6f464745ef,d61cf896-5f33-381d-a736-29b7642bd9b5,d31fccc3-1767-390d-966a-22a5156f4219,,20,20,59621000,,,,,,,,,7811dc30-8c86-8164-be52-a76df46de6f9,2016-02-22T11:46:16Z,2016-02-22T11:46:16Z,d61cf896-5f33-381d-a736-29b7642bd9b5,CLOSED,CLOSED,CLOSED,0,0,0,2016-02-22T12:01:16Z,2016-02-22T12:01:16Z,2016-02-22T12:01:16Z,1,1
7811dc30-8c86-8164-1106-b40bc48f66f1,7811dc30-8c86-8164-6c33-6b6f464745ef,d61cf896-5f33-381d-a736-29b7642bd9b5,d31fccc3-1767-390d-966a-22a5156f4219,,20,20,59621000,,,,,,,,,7811dc30-8c86-8164-be52-a76df46de6f9,2016-02-22T11:46:16Z,2016-02-22T11:46:16Z,d61cf896-5f33-381d-a736-29b7642bd9b5,CLOSED,CLOSED,CLOSED,0,0,0,2016-02-22T12:01:16Z,2016-02-22T12:01:16Z,2016-02-22T12:01:16Z,1,1
7811dc30-8c86-8164-6680-a73e49bfaca5,7811dc30-8c86-8164-6c33-6b6f464745ef,d61cf896-5f33-381d-a736-29b7642bd9b5,d31fccc3-1767-390d-966a-22a5156f4219,,20,20,162673000,,,,,,,,,7811dc30-8c86-8164-ec3d-2b21fc27e5e4,2017-02-27T11:46:16Z,2017-02-27T11:46:16Z,d61cf896-5f33-381d-a736-29b7642bd9b5,CLOSED,CLOSED,CLOSED,0,0,0,2017-02-27T12:01:16Z,2017-02-27T12:01:16Z,2017-02-27T12:01:16Z,1,1
75d6a35c-c2e1-5b9f-43bf-7e314fc45241,75d6a35c-c2e1-5b9f-e7f8-6a5b05af8fc8,559f3502-f31f-39df-9ff2-c6cba84bc0d8,d31fccc3-1767-390d-966a-22a5156f4219,,10,10,410620009,,,,,,,,,75d6a35c-c2e1-5b9f-b717-f3c393778260,2018-11-02T05:02:18Z,2018-11-02T05:02:18Z,559f3502-f31f-39df-9ff2-c6cba84bc0d8,CLOSED,CLOSED,CLOSED,0,0,0,2018-11-02T05:17:18Z,2018-11-02T05:17:18Z,2018-11-02T05:17:18Z,1,1
75d6a35c-c2e1-5b9f-7c40-5f9678735915,75d6a35c-c2e1-5b9f-e7f8-6a5b05af8fc8,559f3502-f31f-39df-9ff2-c6cba84bc0d8,d31fccc3-1767-390d-966a-22a5156f4219,,10,10,410620009,,,,,,,,,75d6a35c-c2e1-5b9f-566d-e3123b12f14e,2019-11-08T05:02:18Z,2019-11-08T05:02:18Z,559f3502-f31f-39df-9ff2-c6cba84bc0d8,CLOSED,CLOSED,CLOSED,0,0,0,2019-11-08T05:17:18Z,2019-11-08T05:17:18Z,2019-11-08T05:17:18Z,1,1
75d6a35c-c2e1-5b9f-c537-1f357cc95ca2,75d6a35c-c2e1-5b9f-e7f8-6a5b05af8fc8,559f3502-f31f-39df-9ff2-c6cba84bc0d8,d31fccc3-1767-390d-966a-22a5156f4219,,10,10,410620009,,,,,,,,,75d6a35c-c2e1-5b9f-1c67-e106a6d98e06,2020-11-13T05:02:18Z,2020-11-13T05:02:18Z,559f3502-f31f-39df-9ff2-c6cba84bc0d8,CLOSED,CLOSED,CLOSED,0,0,0,2020-11-13T05:17:18Z,2020-11-13T05:17:18Z,2020-11-13T05:17:18Z,1,1
47d390c6-a1a2-1a80-6d11-eb6badbdd3e1,47d390c6-a1a2-1a80-dd1d-9722c7b24159,09d0c4a3-ce7c-3e3f-bcb1-97fdfe205ea8,d31fccc3-1767-390d-966a-22a5156f4219,,10,10,410620009,,,,,,,,,47d390c6-a1a2-1a80-c90b-168e93e95e71,2016-12-16T17:51:53Z,2016-12-16T17:51:53Z,09d0c4a3-ce7c-3e3f-bcb1-97fdfe205ea8,CLOSED,CLOSED,CLOSED,0,0,0,2016-12-16T18:06:53Z,2016-12-16T18:06:53Z,2016-12-16T18:06:53Z,1,1
7811dc30-8c86-8164-e322-5236a135d0d5,7811dc30-8c86-8164-6c33-6b6f464745ef,d61cf896-5f33-381d-a736-29b7642bd9b5,d31fccc3-1767-390d-966a-22a5156f4219,,20,20,162673000,,,,,,,,,7811dc30-8c86-8164-f128-2b8a685babdb,2018-03-05T11:46:16Z,2018-03-05T11:46:16Z,d61cf896-5f33-381d-a736-29b7642bd9b5,CLOSED,CLOSED,CLOSED,0,0,0,2018-03-05T12:01:16Z,2018-03-05T12:01:16Z,2018-03-05T12:01:16Z,1,1
47d390c6-a1a2-1a80-b868-0d2c57744fe1,47d390c6-a1a2-1a80-dd1d-9722c7b24159,09d0c4a3-ce7c-3e3f-bcb1-97fdfe205ea8,d31fccc3-1767-390d-966a-22a5156f4219,,10,10,410620009,,,,,,,,,47d390c6-a1a2-1a80-fb57-3fc653925fe3,2017-12-22T17:51:53Z,2017-12-22T17:51:53Z,09d0c4a3-ce7c-3e3f-bcb1-97fdfe205ea8,CLOSED,CLOSED,CLOSED,0,0,0,2017-12-22T18:06:53Z,2017-12-22T18:06:53Z,2017-12-22T18:06:53Z,1,1
7811dc30-8c86-8164-4902-b8dd5aba30b5,7811dc30-8c86-8164-6c33-6b6f464745ef,d61cf896-5f33-381d-a736-29b7642bd9b5,d31fccc3-1767-390d-966a-22a5156f4219,,20,20,162673000,,,,,,,,,7811dc30-8c86-8164-98d4-dc3507d997ec,2019-03-11T11:46:16Z,2019-03-11T11:46:16Z,d61cf896-5f33-381d-a736-29b7642bd9b5,CLOSED,CLOSED,CLOSED,0,0,0,2019-03-11T12:01:16Z,2019-03-11T12:01:16Z,2019-03-11T12:01:16Z,1,1
47d390c6-a1a2-1a80-72e3-91d00d942b13,47d390c6-a1a2-1a80-dd1d-9722c7b24159,09d0c4a3-ce7c-3e3f-bcb1-97fdfe205ea8,d31fccc3-1767-390d-966a-22a5156f4219,,10,10,410620009,,,,,,,,,47d390c6-a1a2-1a80-c84e-0b5bd83e616f,2018-12-28T17:51:53Z,2018-12-28T17:51:53Z,09d0c4a3-ce7c-3e3f-bcb1-97fdfe205ea8,CLOSED,CLOSED,CLOSED,0,0,0,2018-12-28T18:06:53Z,2018-12-28T18:06:53Z,2018-12-28T18:06:53Z,1,1
75d6a35c-c2e1-5b9f-2425-457d0dbfe096,75d6a35c-c2e1-5b9f-e7f8-6a5b05af8fc8,559f3502-f31f-39df-9ff2-c6cba84bc0d8,d31fccc3-1767-390d-966a-22a5156f4219,,10,10,410620009,,,,,,,,,75d6a35c-c2e1-5b9f-9069-8a661dc58ff4,2021-11-19T05:02:18Z,2021-11-19T05:02:18Z,559f3502-f31f-39df-9ff2-c6cba84bc0d8,CLOSED,CLOSED,CLOSED,0,0,0,2021-11-19T05:17:18Z,2021-11-19T05:17:18Z,2021-11-19T05:17:18Z,1,1
75d6a35c-c2e1-5b9f-0b11-4a8299343718,75d6a35c-c2e1-5b9f-e7f8-6a5b05af8fc8,559f3502-f31f-39df-9ff2-c6cba84bc0d8,d31fccc3-1767-390d-966a-22a5156f4219,,10,10,410620009,,,,,,,,,75d6a35c-c2e1-5b9f-887d-c457ce0e955d,2022-11-25T05:02:18Z,2022-11-25T05:02:18Z,559f3502-f31f-39df-9ff2-c6cba84bc0d8,CLOSED,CLOSED,CLOSED,0,0,0,2022-11-25T05:17:18Z,2022-11-25T05:17:18Z,2022-11-25T05:17:18Z,1,1
47d390c6-a1a2-1a80-2f60-5db5cc1c3b92,47d390c6-a1a2-1a80-dd1d-9722c7b24159,09d0c4a3-ce7c-3e3f-bcb1-97fdfe205ea8,d31fccc3-1767-390d-966a-22a5156f4219,,10,10,410620009,,,,,,,,,47d390c6-a1a2-1a80-5442-c519dfbe9d32,2020-01-03T17:51:53Z,2020-01-03T17:51:53Z,09d0c4a3-ce7c-3e3f-bcb1-97fdfe205ea8,CLOSED,CLOSED,CLOSED,0,0,0,2020-01-03T18:06:53Z,2020-01-03T18:06:53Z,2020-01-03T18:06:53Z,1,1
75d6a35c-c2e1-5b9f-609a-456733c1f768,75d6a35c-c2e1-5b9f-e7f8-6a5b05af8fc8,559f3502-f31f-39df-9ff2-c6cba84bc0d8,d31fccc3-1767-390d-966a-22a5156f4219,,10,10,410620009,,,,,,,,,75d6a35c-c2e1-5b9f-5782-0ea0bdd7406a,2023-12-01T05:02:18Z,2023-12-01T05:02:18Z,559f3502-f31f-39df-9ff2-c6cba84bc0d8,CLOSED,CLOSED,CLOSED,0,0,0,2023-12-01T05:17:18Z,2023-12-01T05:17:18Z,2023-12-01T05:17:18Z,1,1
2de4dd0d-f665-8a2e-988e-328b4fb556b9,2de4dd0d-f665-8a2e-4c6b-997735e14ace,a08e2aa1-e992-35fd-a015-3076f074900c,df166300-5a78-3502-a46a-832842197811,,10,10,410620009,,,,,,,,,2de4dd0d-f665-8a2e-33cd-cbfe450b0ad9,2016-09-03T02:57:27Z,2016-09-03T02:57:27Z,a08e2aa1-e992-35fd-a015-3076f074900c,CLOSED,CLOSED,CLOSED,0,0,0,2016-09-03T03:12:27Z,2016-09-03T03:12:27Z,2016-09-03T03:12:27Z,1,1
2de4dd0d-f665-8a2e-d8a7-f724e4a72866,2de4dd0d-f665-8a2e-4c6b-997735e14ace,a08e2aa1-e992-35fd-a015-3076f074900c,df166300-5a78-3502-a46a-832842197811,,10,10,410620009,,,,,,,,,2de4dd0d-f665-8a2e-a123-c6c9defdafbf,2017-09-09T02:57:27Z,2017-09-09T02:57:27Z,a08e2aa1-e992-35fd-a015-3076f074900c,CLOSED,CLOSED,CLOSED,0,0,0,2017-09-09T03:12:27Z,2017-09-09T03:12:27Z,2017-09-09T03:12:27Z,1,1
47d390c6-a1a2-1a80-a193-d75b0c3a32de,47d390c6-a1a2-1a80-dd1d-9722c7b24159,09d0c4a3-ce7c-3e3f-bcb1-97fdfe205ea8,d31fccc3-1767-390d-966a-22a5156f4219,,10,10,410620009,,,,,,,,,47d390c6-a1a2-1a80-9cea-9102044feced,2021-01-08T17:51:53Z,2021-01-08T17:51:53Z,09d0c4a3-ce7c-3e3f-bcb1-97fdfe205ea8,CLOSED,CLOSED,CLOSED,0,0,0,2021-01-08T18:06:53Z,2021-01-08T18:06:53Z,2021-01-08T18:06:53Z,1,1
47d390c6-a1a2-1a80-926f-cf349fc29acc,47d390c6-a1a2-1a80-dd1d-9722c7b24159,09d0c4a3-ce7c-3e3f-bcb1-97fdfe205ea8,d31fccc3-1767-390d-966a-22a5156f4219,,10,10,410620009,,,,,,,,,47d390c6-a1a2-1a80-7e6a-6e6baea72603,2022-01-14T17:51:53Z,2022-01-14T17:51:53Z,09d0c4a3-ce7c-3e3f-bcb1-97fdfe205ea8,CLOSED,CLOSED,CLOSED,0,0,0,2022-01-14T18:06:53Z,2022-01-14T18:06:53Z,2022-01-14T18:06:53Z,1,1
47d390c6-a1a2-1a80-8a7f-e85b957f8c35,47d390c6-a1a2-1a80-dd1d-9722c7b24159,09d0c4a3-ce7c-3e3f-bcb1-97fdfe205ea8,d31fccc3-1767-390d-966a-22a5156f4219,,10,10,410620009,,,,,,,,,47d390c6-a1a2-1a80-0011-5ea33bc2f750,2023-01-20T17:51:53Z,2023-01-20T17:51:53Z,09d0c4a3-ce7c-3e3f-bcb1-97fdfe205ea8,CLOSED,CLOSED,CLOSED,0,0,0,2023-01-20T18:06:53Z,2023-01-20T18:06:53Z,2023-01-20T18:06:53Z,1,1
47d390c6-a1a2-1a80-a8be-97fbc81d6d8d,47d390c6-a1a2-1a80-dd1d-9722c7b24159,09d0c4a3-ce7c-3e3f-bcb1-97fdfe205ea8,d31fccc3-1767-390d-966a-22a5156f4219,,10,10,410620009,,,,,,,,,47d390c6-a1a2-1a80-23c8-0ad742e8edc4,2024-01-26T17:51:53Z,2024-01-26T17:51:53Z,09d0c4a3-ce7c-3e3f-bcb1-97fdfe205ea8,CLOSED,CLOSED,CLOSED,0,0,0,2024-01-26T18:06:53Z,2024-01-26T18:06:53Z,2024-01-26T18:06:53Z,1,1
7811dc30-8c86-8164-5301-7fc0a61a1649,7811dc30-8c86-8164-6c33-6b6f464745ef,d61cf896-5f33-381d-a736-29b7642bd9b5,d31fccc3-1767-390d-966a-22a5156f4219,,20,20,162673000,,,,,,,,,7811dc30-8c86-8164-fc64-77174cf45a43,2020-03-16T11:46:16Z,2020-03-16T11:46:16Z,d61cf896-5f33-381d-a736-29b7642bd9b5,CLOSED,CLOSED,CLOSED,0,0,0,2020-03-16T12:01:16Z,2020-03-16T12:01:16Z,2020-03-16T12:01:16Z,1,1
2de4dd0d-f665-8a2e-6408-166fce5a2e31,2de4dd0d-f665-8a2e-4c6b-997735e14ace,a08e2aa1-e992-35fd-a015-3076f074900c,df166300-5a78-3502-a46a-832842197811,,10,10,410620009,,,,,,,,,2de4dd0d-f665-8a2e-0520-b9becdb2486f,2018-09-15T02:57:27Z,2018-09-15T02:57:27Z,a08e2aa1-e992-35fd-a015-3076f074900c,CLOSED,CLOSED,CLOSED,0,0,0,2018-09-15T03:12:27Z,2018-09-15T03:12:27Z,2018-09-15T03:12:27Z,1,1
47d390c6-a1a2-1a80-2e9d-48712d2c4097,47d390c6-a1a2-1a80-dd1d-9722c7b24159,09d0c4a3-ce7c-3e3f-bcb1-97fdfe205ea8,d31fccc3-1767-390d-966a-22a5156f4219,,10,10,410620009,,,,,,,,,47d390c6-a1a2-1a80-1e82-776013a2aacb,2025-01-31T17:51:53Z,2025-01-31T17:51:53Z,09d0c4a3-ce7c-3e3f-bcb1-97fdfe205ea8,CLOSED,CLOSED,CLOSED,0,0,0,2025-01-31T18:06:53Z,2025-01-31T18:06:53Z,2025-01-31T18:06:53Z,1,1
75d6a35c-c2e1-5b9f-e59c-070af7d60aad,75d6a35c-c2e1-5b9f-e7f8-6a5b05af8fc8,559f3502-f31f-39df-9ff2-c6cba84bc0d8,d31fccc3-1767-390d-966a-22a5156f4219,,10,10,410620009,,,,,,,,,75d6a35c-c2e1-5b9f-bd9a-56f3cecec1a5,2024-12-06T05:02:18Z,2024-12-06T05:02:18Z,559f3502-f31f-39df-9ff2-c6cba84bc0d8,CLOSED,CLOSED,CLOSED,0,0,0,2024-12-06T05:17:18Z,2024-12-06T05:17:18Z,2024-12-06T05:17:18Z,1,1
7811dc30-8c86-8164-c921-7175a406e98a,7811dc30-8c86-8164-6c33-6b6f464745ef,d61cf896-5f33-381d-a736-29b7642bd9b5,d31fccc3-1767-390d-966a-22a5156f4219,,20,20,162673000,,,,,,,,,7811dc30-8c86-8164-2ffe-ab6de7148be9,2021-03-22T11:46:16Z,2021-03-22T11:46:16Z,d61cf896-5f33-381d-a736-29b7642bd9b5,CLOSED,CLOSED,CLOSED,0,0,0,2021-03-22T12:01:16Z,2021-03-22T12:01:16Z,2021-03-22T12:01:16Z,1,1
2de4dd0d-f665-8a2e-6147-4e27bb3cb2f4,2de4dd0d-f665-8a2e-4c6b-997735e14ace,a08e2aa1-e992-35fd-a015-3076f074900c,df166300-5a78-3502-a46a-832842197811,,10,10,410620009,,,,,,,,,2de4dd0d-f665-8a2e-ce49-c83c52e7d5af,2019-09-21T02:57:27Z,2019-09-21T02:57:27Z,a08e2aa1-e992-35fd-a015-3076f074900c,CLOSED,CLOSED,CLOSED,0,0,0,2019-09-21T03:12:27Z,2019-09-21T03:12:27Z,2019-09-21T03:12:27Z,1,1
47d390c6-a1a2-1a80-60e6-9b400c965dab,47d390c6-a1a2-1a80-dd1d-9722c7b24159,09d0c4a3-ce7c-3e3f-bcb1-97fdfe205ea8,d31fccc3-1767-390d-966a-22a5156f4219,,10,10,410620009,,,,,,,,,47d390c6-a1a2-1a80-24c7-77d027dfeb89,2026-02-06T17:51:53Z,2026-02-06T17:51:53Z,09d0c4a3-ce7c-3e3f-bcb1-97fdfe205ea8,CLOSED,CLOSED,CLOSED,0,0,0,2026-02-06T18:06:53Z,2026-02-06T18:06:53Z,2026-02-06T18:06:53Z,1,1
2de4dd0d-f665-8a2e-8120-eb01afa5eb7b,2de4dd0d-f665-8a2e-4c6b-997735e14ace,a08e2aa1-e992-35fd-a015-3076f074900c,df166300-5a78-3502-a46a-832842197811,,20,20,162673000,,,,,,,,,2de4dd0d-f665-8a2e-0937-079a68b72896,2020-09-26T02:57:27Z,2020-09-26T02:57:27Z,a08e2aa1-e992-35fd-a015-3076f074900c,CLOSED,CLOSED,CLOSED,0,0,0,2020-09-26T03:12:27Z,2020-09-26T03:12:27Z,2020-09-26T03:12:27Z,1,1
75d6a35c-c2e1-5b9f-d1a4-09a97144021c,75d6a35c-c2e1-5b9f-e7f8-6a5b05af8fc8,4541ab1d-cd49-3554-b6b9-58722b446788,d31fccc3-1767-390d-966a-22a5156f4219,,2,2,33879002,,,,,,,,,75d6a35c-c2e1-5b9f-8967-7d453e52e48c,2025-01-17T05:02:18Z,2025-01-17T05:02:18Z,4541ab1d-cd49-3554-b6b9-58722b446788,CLOSED,CLOSED,CLOSED,0,0,0,2025-01-17T05:17:18Z,2025-01-17T05:17:18Z,2025-01-17T05:17:18Z,2,2
7811dc30-8c86-8164-24b5-92d64aca37c3,7811dc30-8c86-8164-6c33-6b6f464745ef,395fd8ca-73b3-31fe-b30d-ec19a1a39c2b,d31fccc3-1767-390d-966a-22a5156f4219,,2,2,33879002,,,,,,,,,7811dc30-8c86-8164-f642-d7587faf50d2,2021-05-17T11:46:16Z,2021-05-17T11:46:16Z,395fd8ca-73b3-31fe-b30d-ec19a1a39c2b,CLOSED,CLOSED,CLOSED,0,0,0,2021-05-17T12:01:16Z,2021-05-17T12:01:16Z,2021-05-17T12:01:16Z,2,2
2de4dd0d-f665-8a2e-265c-3867f16af1ba,2de4dd0d-f665-8a2e-4c6b-997735e14ace,f4105581-5bca-3e2c-8af8-92f85b672ea1,df166300-5a78-3502-a46a-832842197811,,2,2,33879002,,,,,,,,,2de4dd0d-f665-8a2e-c580-f1d699ed42f4,2021-04-24T02:57:27Z,2021-04-24T02:57:27Z,f4105581-5bca-3e2c-8af8-92f85b672ea1,CLOSED,CLOSED,CLOSED,0,0,0,2021-04-24T03:12:27Z,2021-04-24T03:12:27Z,2021-04-24T03:12:27Z,2,2
75d6a35c-c2e1-5b9f-5bca-82765108d448,75d6a35c-c2e1-5b9f-e7f8-6a5b05af8fc8,4541ab1d-cd49-3554-b6b9-58722b446788,d31fccc3-1767-390d-966a-22a5156f4219,,2,2,33879002,,,,,,,,,75d6a35c-c2e1-5b9f-5c60-626ff8295ea8,2025-02-14T05:02:18Z,2025-02-14T05:02:18Z,4541ab1d-cd49-3554-b6b9-58722b446788,CLOSED,CLOSED,CLOSED,0,0,0,2025-02-14T05:17:18Z,2025-02-14T05:17:18Z,2025-02-14T05:17:18Z,2,2
2de4dd0d-f665-8a2e-e45d-7ee7a20c0877,2de4dd0d-f665-8a2e-4c6b-997735e14ace,f4105581-5bca-3e2c-8af8-92f85b672ea1,df166300-5a78-3502-a46a-832842197811,,2,2,33879002,,,,,,,,,2de4dd0d-f665-8a2e-5421-ca6b34f357db,2021-05-15T02:57:27Z,2021-05-15T02:57:27Z,f4105581-5bca-3e2c-8af8-92f85b672ea1,CLOSED,CLOSED,CLOSED,0,0,0,2021-05-15T03:12:27Z,2021-05-15T03:12:27Z,2021-05-15T03:12:27Z,2,2
7811dc30-8c86-8164-158d-7121a0e4954a,7811dc30-8c86-8164-6c33-6b6f464745ef,395fd8ca-73b3-31fe-b30d-ec19a1a39c2b,d31fccc3-1767-390d-966a-22a5156f4219,,2,2,33879002,,,,,,,,,7811dc30-8c86-8164-82eb-fee9a7a34f19,2021-06-14T11:46:16Z,2021-06-14T11:46:16Z,395fd8ca-73b3-31fe-b30d-ec19a1a39c2b,CLOSED,CLOSED,CLOSED,0,0,0,2021-06-14T12:01:16Z,2021-06-14T12:01:16Z,2021-06-14T12:01:16Z,2,2
75d6a35c-c2e1-5b9f-fd02-5bf44b57a203,75d6a35c-c2e1-5b9f-e7f8-6a5b05af8fc8,559f3502-f31f-39df-9ff2-c6cba84bc0d8,d31fccc3-1767-390d-966a-22a5156f4219,,10,10,410620009,,,,,,,,,75d6a35c-c2e1-5b9f-a17f-8085d12e1524,2025-12-12T05:02:18Z,2025-12-12T05:02:18Z,559f3502-f31f-39df-9ff2-c6cba84bc0d8,CLOSED,CLOSED,CLOSED,0,0,0,2025-12-12T05:17:18Z,2025-12-12T05:17:18Z,2025-12-12T05:17:18Z,1,1
7811dc30-8c86-8164-bf2f-ae7117167e3b,7811dc30-8c86-8164-6c33-6b6f464745ef,d61cf896-5f33-381d-a736-29b7642bd9b5,d31fccc3-1767-390d-966a-22a5156f4219,,20,20,162673000,,,,,,,,,7811dc30-8c86-8164-d143-9e052e0e5682,2022-03-28T11:46:16Z,2022-03-28T11:46:16Z,d61cf896-5f33-381d-a736-29b7642bd9b5,CLOSED,CLOSED,CLOSED,0,0,0,2022-03-28T12:01:16Z,2022-03-28T12:01:16Z,2022-03-28T12:01:16Z,1,1
2de4dd0d-f665-8a2e-c49f-80a171b63dbd,2de4dd0d-f665-8a2e-4c6b-997735e14ace,a08e2aa1-e992-35fd-a015-3076f074900c,df166300-5a78-3502-a46a-832842197811,,20,20,162673000,,,,,,,,,2de4dd0d-f665-8a2e-8a43-96ae266e140a,2021-10-02T02:57:27Z,2021-10-02T02:57:27Z,a08e2aa1-e992-35fd-a015-3076f074900c,CLOSED,CLOSED,CLOSED,0,0,0,2021-10-02T03:12:27Z,2021-10-02T03:12:27Z,2021-10-02T03:12:27Z,1,1
7811dc30-8c86-8164-65eb-2883d8d3ff8f,7811dc30-8c86-8164-6c33-6b6f464745ef,d61cf896-5f33-381d-a736-29b7642bd9b5,d31fccc3-1767-390d-966a-22a5156f4219,,20,20,162673000,,,,,,,,,7811dc30-8c86-8164-b56d-6bb47ed16115,2023-04-03T11:46:16Z,2023-04-03T11:46:16Z,d61cf896-5f33-381d-a736-29b7642bd9b5,CLOSED,CLOSED,CLOSED,0,0,0,2023-04-03T12:01:16Z,2023-04-03T12:01:16Z,2023-04-03T12:01:16Z,1,1
7811dc30-8c86-8164-f7a1-1ac2995e1e5c,7811dc30-8c86-8164-6c33-6b6f464745ef,d61cf896-5f33-381d-a736-29b7642bd9b5,d31fccc3-1767-390d-966a-22a5156f4219,,20,20,162673000,,,,,,,,,7811dc30-8c86-8164-4a59-4841ec916a7d,2024-04-08T11:46:16Z,2024-04-08T11:46:16Z,d61cf896-5f33-381d-a736-29b7642bd9b5,CLOSED,CLOSED,CLOSED,0,0,0,2024-04-08T12:01:16Z,2024-04-08T12:01:16Z,2024-04-08T12:01:16Z,1,1
7811dc30-8c86-8164-bd3d-f3a87956e633,7811dc30-8c86-8164-6c33-6b6f464745ef,d61cf896-5f33-381d-a736-29b7642bd9b5,d31fccc3-1767-390d-966a-22a5156f4219,,20,20,162673000,,,,,,,,,7811dc30-8c86-8164-d425-04073f717d41,2025-04-14T11:46:16Z,2025-04-14T11:46:16Z,d61cf896-5f33-381d-a736-29b7642bd9b5,CLOSED,CLOSED,CLOSED,0,0,0,2025-04-14T12:01:16Z,2025-04-14T12:01:16Z,2025-04-14T12:01:16Z,1,1
7c913488-8c54-7aa0-0a07-a55aedf609f4,7c913488-8c54-7aa0-a452-83dbc3ad8377,37ae52e4-ec9a-3953-86a1-c28ed04e0254,0133f751-9229-3cfd-815f-b6d4979bdd6a,,10,10,410620009,,,,,,,,,7c913488-8c54-7aa0-fe0c-5d0fd7924cd9,2016-10-07T02:40:41Z,2016-10-07T02:40:41Z,37ae52e4-ec9a-3953-86a1-c28ed04e0254,CLOSED,CLOSED,CLOSED,0,0,0,2016-10-07T02:55:41Z,2016-10-07T02:55:41Z,2016-10-07T02:55:41Z,1,1
2de4dd0d-f665-8a2e-186b-98c1ae7efcae,2de4dd0d-f665-8a2e-4c6b-997735e14ace,a08e2aa1-e992-35fd-a015-3076f074900c,df166300-5a78-3502-a46a-832842197811,,20,20,162673000,,,,,,,,,2de4dd0d-f665-8a2e-b7db-0026d7714b55,2024-10-05T02:57:27Z,2024-10-05T02:57:27Z,a08e2aa1-e992-35fd-a015-3076f074900c,CLOSED,CLOSED,CLOSED,0,0,0,2024-10-05T03:12:27Z,2024-10-05T03:12:27Z,2024-10-05T03:12:27Z,1,1
7811dc30-8c86-8164-60e0-9ed1487fb185,7811dc30-8c86-8164-6c33-6b6f464745ef,d61cf896-5f33-381d-a736-29b7642bd9b5,d31fccc3-1767-390d-966a-22a5156f4219,,20,20,162673000,,,,,,,,,7811dc30-8c86-8164-4195-569f1a4998a6,2026-04-20T11:46:16Z,2026-04-20T11:46:16Z,d61cf896-5f33-381d-a736-29b7642bd9b5,CLOSED,CLOSED,CLOSED,0,0,0,2026-04-20T12:01:16Z,2026-04-20T12:01:16Z,2026-04-20T12:01:16Z,1,1
d57841fa-c9e2-a3d1-eeb6-837d5daea10e,d57841fa-c9e2-a3d1-0e78-09bdbe4eed66,efa788eb-3523-3757-878d-318343eca8a6,26aab0cd-6aba-3e1b-ac5b-05c8867e762c,,20,20,162673000,,,,,,,,,d57841fa-c9e2-a3d1-b96d-225128845a44,2017-05-14T10:38:17Z,2017-05-14T10:38:17Z,efa788eb-3523-3757-878d-318343eca8a6,CLOSED,CLOSED,CLOSED,0,0,0,2017-05-14T10:53:17Z,2017-05-14T10:53:17Z,2017-05-14T10:53:17Z,1,1
7c913488-8c54-7aa0-296c-889747c46e68,7c913488-8c54-7aa0-a452-83dbc3ad8377,37ae52e4-ec9a-3953-86a1-c28ed04e0254,0133f751-9229-3cfd-815f-b6d4979bdd6a,,10,10,410620009,,,,,,,,,7c913488-8c54-7aa0-91e8-867ee6e768bb,2017-10-13T02:40:41Z,2017-10-13T02:40:41Z,37ae52e4-ec9a-3953-86a1-c28ed04e0254,CLOSED,CLOSED,CLOSED,0,0,0,2017-10-13T02:55:41Z,2017-10-13T02:55:41Z,2017-10-13T02:55:41Z,1,1
d57841fa-c9e2-a3d1-1370-639287166d0b,d57841fa-c9e2-a3d1-0e78-09bdbe4eed66,efa788eb-3523-3757-878d-318343eca8a6,26aab0cd-6aba-3e1b-ac5b-05c8867e762c,,20,20,162673000,,,,,,,,,d57841fa-c9e2-a3d1-4744-1d40a4e6b9c1,2018-05-20T10:38:17Z,2018-05-20T10:38:17Z,efa788eb-3523-3757-878d-318343eca8a6,CLOSED,CLOSED,CLOSED,0,0,0,2018-05-20T10:53:17Z,2018-05-20T10:53:17Z,2018-05-20T10:53:17Z,1,1
7c913488-8c54-7aa0-a00e-9998a79a3c7c,7c913488-8c54-7aa0-a452-83dbc3ad8377,37ae52e4-ec9a-3953-86a1-c28ed04e0254,0133f751-9229-3cfd-815f-b6d4979bdd6a,,10,10,410620009,,,,,,,,,7c913488-8c54-7aa0-596f-b1d2a41df3f7,2018-10-19T02:40:41Z,2018-10-19T02:40:41Z,37ae52e4-ec9a-3953-86a1-c28ed04e0254,CLOSED,CLOSED,CLOSED,0,0,0,2018-10-19T02:55:41Z,2018-10-19T02:55:41Z,2018-10-19T02:55:41Z,1,1
7c913488-8c54-7aa0-5386-9c51bf4cd972,7c913488-8c54-7aa0-a452-83dbc3ad8377,37ae52e4-ec9a-3953-86a1-c28ed04e0254,0133f751-9229-3cfd-815f-b6d4979bdd6a,,10,10,410620009,,,,,,,,,7c913488-8c54-7aa0-08ce-a33ea4e72632,2019-10-25T02:40:41Z,2019-10-25T02:40:41Z,37ae52e4-ec9a-3953-86a1-c28ed04e0254,CLOSED,CLOSED,CLOSED,0,0,0,2019-10-25T02:55:41Z,2019-10-25T02:55:41Z,2019-10-25T02:55:41Z,1,1
7c913488-8c54-7aa0-fb49-b3d319a89574,7c913488-8c54-7aa0-a452-83dbc3ad8377,37ae52e4-ec9a-3953-86a1-c28ed04e0254,8fa6c185-e44e-3e34-8bd8-39be8694f4ce,,10,10,410620009,,,,,,,,,7c913488-8c54-7aa0-77c6-242e35a2c065,2020-10-30T02:40:41Z,2020-10-30T02:40:41Z,37ae52e4-ec9a-3953-86a1-c28ed04e0254,CLOSED,CLOSED,CLOSED,0,0,0,2020-10-30T02:55:41Z,2020-10-30T02:55:41Z,2020-10-30T02:55:41Z,1,1
d57841fa-c9e2-a3d1-fa5c-2612d7db89d1,d57841fa-c9e2-a3d1-0e78-09bdbe4eed66,efa788eb-3523-3757-878d-318343eca8a6,26aab0cd-6aba-3e1b-ac5b-05c8867e762c,,20,20,162673000,,,,,,,,,d57841fa-c9e2-a3d1-07b2-b4fe094005f5,2019-05-26T10:38:17Z,2019-05-26T10:38:17Z,efa788eb-3523-3757-878d-318343eca8a6,CLOSED,CLOSED,CLOSED,0,0,0,2019-05-26T10:53:17Z,2019-05-26T10:53:17Z,2019-05-26T10:53:17Z,1,1
7c913488-8c54-7aa0-27de-e7c39bca2fac,7c913488-8c54-7aa0-a452-83dbc3ad8377,37ae52e4-ec9a-3953-86a1-c28ed04e0254,8fa6c185-e44e-3e34-8bd8-39be8694f4ce,,10,10,410620009,,,,,,,,,7c913488-8c54-7aa0-5e74-a9282177a31a,2021-11-05T02:40:41Z,2021-11-05T02:40:41Z,37ae52e4-ec9a-3953-86a1-c28ed04e0254,CLOSED,CLOSED,CLOSED,0,0,0,2021-11-05T02:55:41Z,2021-11-05T02:55:41Z,2021-11-05T02:55:41Z,1,1
d57841fa-c9e2-a3d1-e8b7-9f274018a5a8,d57841fa-c9e2-a3d1-0e78-09bdbe4eed66,efa788eb-3523-3757-878d-318343eca8a6,26aab0cd-6aba-3e1b-ac5b-05c8867e762c,,20,20,162673000,,,,,,,,,d57841fa-c9e2-a3d1-342e-fd93b822d8d9,2020-05-31T10:38:17Z,2020-05-31T10:38:17Z,efa788eb-3523-3757-878d-318343eca8a6,CLOSED,CLOSED,CLOSED,0,0,0,2020-05-31T10:53:17Z,2020-05-31T10:53:17Z,2020-05-31T10:53:17Z,1,1
7c913488-8c54-7aa0-5768-c3e48611871a,7c913488-8c54-7aa0-a452-83dbc3ad8377,37ae52e4-ec9a-3953-86a1-c28ed04e0254,0133f751-9229-3cfd-815f-b6d4979bdd6a,,10,10,410620009,,,,,,,,,7c913488-8c54-7aa0-c743-8389fa877e6c,2022-11-11T02:40:41Z,2022-11-11T02:40:41Z,37ae52e4-ec9a-3953-86a1-c28ed04e0254,CLOSED,CLOSED,CLOSED,0,0,0,2022-11-11T02:55:41Z,2022-11-11T02:55:41Z,2022-11-11T02:55:41Z,1,1
d57841fa-c9e2-a3d1-3b4a-2d5beb64ff62,d57841fa-c9e2-a3d1-0e78-09bdbe4eed66,c6e0de7c-3f5b-32ec-9f2b-092e011a885d,26aab0cd-6aba-3e1b-ac5b-05c8867e762c,,2,2,33879002,,,,,,,,,d57841fa-c9e2-a3d1-8a66-9272779fe0e9,2021-04-11T10:38:17Z,2021-04-11T10:38:17Z,c6e0de7c-3f5b-32ec-9f2b-092e011a885d,CLOSED,CLOSED,CLOSED,0,0,0,2021-04-11T10:53:17Z,2021-04-11T10:53:17Z,2021-04-11T10:53:17Z,2,2
d57841fa-c9e2-a3d1-04ad-5d6999b0a8d2,d57841fa-c9e2-a3d1-0e78-09bdbe4eed66,c6e0de7c-3f5b-32ec-9f2b-092e011a885d,26aab0cd-6aba-3e1b-ac5b-05c8867e762c,,2,2,33879002,,,,,,,,,d57841fa-c9e2-a3d1-1c8b-61feb2b94226,2021-05-09T10:38:17Z,2021-05-09T10:38:17Z,c6e0de7c-3f5b-32ec-9f2b-092e011a885d,CLOSED,CLOSED,CLOSED,0,0,0,2021-05-09T10:53:17Z,2021-05-09T10:53:17Z,2021-05-09T10:53:17Z,2,2
7c913488-8c54-7aa0-5710-ec2cba149595,7c913488-8c54-7aa0-a452-83dbc3ad8377,37ae52e4-ec9a-3953-86a1-c28ed04e0254,0133f751-9229-3cfd-815f-b6d4979bdd6a,,10,10,410620009,,,,,,,,,7c913488-8c54-7aa0-37ee-b503654ea392,2023-11-17T02:40:41Z,2023-11-17T02:40:41Z,37ae52e4-ec9a-3953-86a1-c28ed04e0254,CLOSED,CLOSED,CLOSED,0,0,0,2023-11-17T02:55:41Z,2023-11-17T02:55:41Z,2023-11-17T02:55:41Z,1,1
d57841fa-c9e2-a3d1-929a-c6d254c1c23b,d57841fa-c9e2-a3d1-0e78-09bdbe4eed66,efa788eb-3523-3757-878d-318343eca8a6,26aab0cd-6aba-3e1b-ac5b-05c8867e762c,,20,20,162673000,,,,,,,,,d57841fa-c9e2-a3d1-9005-80f147992218,2021-06-06T10:38:17Z,2021-06-06T10:38:17Z,efa788eb-3523-3757-878d-318343eca8a6,CLOSED,CLOSED,CLOSED,0,0,0,2021-06-06T10:53:17Z,2021-06-06T10:53:17Z,2021-06-06T10:53:17Z,1,1
7c913488-8c54-7aa0-d670-a87cb1a16430,7c913488-8c54-7aa0-a452-83dbc3ad8377,401d9a84-45a2-3404-889a-d32884474e56,0133f751-9229-3cfd-815f-b6d4979bdd6a,,2,2,33879002,,,,,,,,,7c913488-8c54-7aa0-bb45-401b4edb1dd3,2023-12-08T02:40:41Z,2023-12-08T02:40:41Z,401d9a84-45a2-3404-889a-d32884474e56,CLOSED,CLOSED,CLOSED,0,0,0,2023-12-08T02:55:41Z,2023-12-08T02:55:41Z,2023-12-08T02:55:41Z,2,2
d57841fa-c9e2-a3d1-f699-88e7908b1343,d57841fa-c9e2-a3d1-0e78-09bdbe4eed66,efa788eb-3523-3757-878d-318343eca8a6,26aab0cd-6aba-3e1b-ac5b-05c8867e762c,,20,20,162673000,,,,,,,,,d57841fa-c9e2-a3d1-3d67-b88a5b22747f,2022-06-12T10:38:17Z,2022-06-12T10:38:17Z,efa788eb-3523-3757-878d-318343eca8a6,CLOSED,CLOSED,CLOSED,0,0,0,2022-06-12T10:53:17Z,2022-06-12T10:53:17Z,2022-06-12T10:53:17Z,1,1
7c913488-8c54-7aa0-8806-990a6ea8ea1f,7c913488-8c54-7aa0-a452-83dbc3ad8377,401d9a84-45a2-3404-889a-d32884474e56,0133f751-9229-3cfd-815f-b6d4979bdd6a,,2,2,33879002,,,,,,,,,7c913488-8c54-7aa0-a5e6-e576ae0a143f,2024-01-05T02:40:41Z,2024-01-05T02:40:41Z,401d9a84-45a2-3404-889a-d32884474e56,CLOSED,CLOSED,CLOSED,0,0,0,2024-01-05T02:55:41Z,2024-01-05T02:55:41Z,2024-01-05T02:55:41Z,2,2
d57841fa-c9e2-a3d1-8e9e-3b8c75f81908,d57841fa-c9e2-a3d1-0e78-09bdbe4eed66,efa788eb-3523-3757-878d-318343eca8a6,26aab0cd-6aba-3e1b-ac5b-05c8867e762c,,20,20,162673000,,,,,,,,,d57841fa-c9e2-a3d1-26fa-3dcd9f456190,2023-06-18T10:38:17Z,2023-06-18T10:38:17Z,efa788eb-3523-3757-878d-318343eca8a6,CLOSED,CLOSED,CLOSED,0,0,0,2023-06-18T10:53:17Z,2023-06-18T10:53:17Z,2023-06-18T10:53:17Z,1,1
7c913488-8c54-7aa0-1f90-3554b1c70ce8,7c913488-8c54-7aa0-a452-83dbc3ad8377,37ae52e4-ec9a-3953-86a1-c28ed04e0254,0133f751-9229-3cfd-815f-b6d4979bdd6a,,10,10,410620009,,,,,,,,,7c913488-8c54-7aa0-cd1c-e5e6e3a2d2cb,2024-11-22T02:40:41Z,2024-11-22T02:40:41Z,37ae52e4-ec9a-3953-86a1-c28ed04e0254,CLOSED,CLOSED,CLOSED,0,0,0,2024-11-22T02:55:41Z,2024-11-22T02:55:41Z,2024-11-22T02:55:41Z,1,1
d57841fa-c9e2-a3d1-f443-533f0f1c8d38,d57841fa-c9e2-a3d1-0e78-09bdbe4eed66,efa788eb-3523-3757-878d-318343eca8a6,26aab0cd-6aba-3e1b-ac5b-05c8867e762c,,20,20,162673000,,,,,,,,,d57841fa-c9e2-a3d1-fd50-fc7a09233d3c,2024-06-23T10:38:17Z,2024-06-23T10:38:17Z,efa788eb-3523-3757-878d-318343eca8a6,CLOSED,CLOSED,CLOSED,0,0,0,2024-06-23T10:53:17Z,2024-06-23T10:53:17Z,2024-06-23T10:53:17Z,1,1
7c913488-8c54-7aa0-b750-1f23a7aa423a,7c913488-8c54-7aa0-a452-83dbc3ad8377,37ae52e4-ec9a-3953-86a1-c28ed04e0254,734afbd6-4794-363b-9bc0-6a3981533ed5,,10,10,410620009,,,,,,,,,7c913488-8c54-7aa0-acf5-28c787c98861,2025-11-28T02:40:41Z,2025-11-28T02:40:41Z,37ae52e4-ec9a-3953-86a1-c28ed04e0254,CLOSED,CLOSED,CLOSED,0,0,0,2025-11-28T02:55:41Z,2025-11-28T02:55:41Z,2025-11-28T02:55:41Z,1,1
d57841fa-c9e2-a3d1-1a26-47cf37c426e2,d57841fa-c9e2-a3d1-0e78-09bdbe4eed66,efa788eb-3523-3757-878d-318343eca8a6,26aab0cd-6aba-3e1b-ac5b-05c8867e762c,,20,20,162673000,,,,,,,,,d57841fa-c9e2-a3d1-6819-86dd8115d718,2025-06-29T10:38:17Z,2025-06-29T10:38:17Z,efa788eb-3523-3757-878d-318343eca8a6,CLOSED,CLOSED,CLOSED,0,0,0,2025-06-29T10:53:17Z,2025-06-29T10:53:17Z,2025-06-29T10:53:17Z,1,1
d57841fa-c9e2-a3d1-fe28-e395d5e2fbe7,d57841fa-c9e2-a3d1-0e78-09bdbe4eed66,efa788eb-3523-3757-878d-318343eca8a6,26aab0cd-6aba-3e1b-ac5b-05c8867e762c,,20,20,162673000,,,,,,,,,d57841fa-c9e2-a3d1-d6f3-a87338125d25,2026-07-05T10:38:17Z,2026-07-05T10:38:17Z,efa788eb-3523-3757-878d-318343eca8a6,CLOSED,CLOSED,CLOSED,0,0,0,2026-07-05T10:53:17Z,2026-07-05T10:53:17Z,2026-07-05T10:53:17Z,1,1
a203c138-c1f4-67db-7018-3e1f3f2c66d4,a203c138-c1f4-67db-655a-5138756a96c7,30673d75-a093-3732-a2c5-5ddce4ccb8be,b046940f-1664-3047-bca7-dfa76be352a4,,10,10,410620009,,,,,,,,,a203c138-c1f4-67db-a02b-da8ca0711d53,2016-09-27T01:54:48Z,2016-09-27T01:54:48Z,30673d75-a093-3732-a2c5-5ddce4ccb8be,CLOSED,CLOSED,CLOSED,0,0,0,2016-09-27T02:09:48Z,2016-09-27T02:09:48Z,2016-09-27T02:09:48Z,1,1
a203c138-c1f4-67db-f37d-ce926827822a,a203c138-c1f4-67db-655a-5138756a96c7,30673d75-a093-3732-a2c5-5ddce4ccb8be,b046940f-1664-3047-bca7-dfa76be352a4,,10,10,410620009,,,,,,,,,a203c138-c1f4-67db-dc05-dd1ec754d0ef,2016-12-27T01:54:48Z,2016-12-27T01:54:48Z,30673d75-a093-3732-a2c5-5ddce4ccb8be,CLOSED,CLOSED,CLOSED,0,0,0,2016-12-27T02:09:48Z,2016-12-27T02:09:48Z,2016-12-27T02:09:48Z,1,1
a203c138-c1f4-67db-bd5c-ef25dc015e91,a203c138-c1f4-67db-655a-5138756a96c7,30673d75-a093-3732-a2c5-5ddce4ccb8be,b046940f-1664-3047-bca7-dfa76be352a4,,10,10,410620009,,,,,,,,,a203c138-c1f4-67db-6423-a10417b0bc2f,2017-03-28T01:54:48Z,2017-03-28T01:54:48Z,30673d75-a093-3732-a2c5-5ddce4ccb8be,CLOSED,CLOSED,CLOSED,0,0,0,2017-03-28T02:09:48Z,2017-03-28T02:09:48Z,2017-03-28T02:09:48Z,1,1
a203c138-c1f4-67db-05a5-616bb78fbcd3,a203c138-c1f4-67db-655a-5138756a96c7,30673d75-a093-3732-a2c5-5ddce4ccb8be,b046940f-1664-3047-bca7-dfa76be352a4,,10,10,410620009,,,,,,,,,a203c138-c1f4-67db-1f22-92659d12f563,2017-09-26T01:54:48Z,2017-09-26T01:54:48Z,30673d75-a093-3732-a2c5-5ddce4ccb8be,CLOSED,CLOSED,CLOSED,0,0,0,2017-09-26T02:09:48Z,2017-09-26T02:09:48Z,2017-09-26T02:09:48Z,1,1
a203c138-c1f4-67db-d52d-5e9eb34abf0e,a203c138-c1f4-67db-655a-5138756a96c7,30673d75-a093-3732-a2c5-5ddce4ccb8be,b046940f-1664-3047-bca7-dfa76be352a4,,10,10,410620009,,,,,,,,,a203c138-c1f4-67db-6102-0642e935d9ed,2018-03-27T01:54:48Z,2018-03-27T01:54:48Z,30673d75-a093-3732-a2c5-5ddce4ccb8be,CLOSED,CLOSED,CLOSED,0,0,0,2018-03-27T02:09:48Z,2018-03-27T02:09:48Z,2018-03-27T02:09:48Z,1,1
a203c138-c1f4-67db-7b69-9455dbd95646,a203c138-c1f4-67db-655a-5138756a96c7,30673d75-a093-3732-a2c5-5ddce4ccb8be,b046940f-1664-3047-bca7-dfa76be352a4,,10,10,410620009,,,,,,,,,a203c138-c1f4-67db-2c11-4ca6e2c401d3,2018-09-25T01:54:48Z,2018-09-25T01:54:48Z,30673d75-a093-3732-a2c5-5ddce4ccb8be,CLOSED,CLOSED,CLOSED,0,0,0,2018-09-25T02:09:48Z,2018-09-25T02:09:48Z,2018-09-25T02:09:48Z,1,1
a203c138-c1f4-67db-4c61-bcfe65d47afd,a203c138-c1f4-67db-655a-5138756a96c7,30673d75-a093-3732-a2c5-5ddce4ccb8be,b046940f-1664-3047-bca7-dfa76be352a4,,10,10,410620009,,,,,,,,,a203c138-c1f4-67db-8211-e2a0c558dafe,2019-03-26T01:54:48Z,2019-03-26T01:54:48Z,30673d75-a093-3732-a2c5-5ddce4ccb8be,CLOSED,CLOSED,CLOSED,0,0,0,2019-03-26T02:09:48Z,2019-03-26T02:09:48Z,2019-03-26T02:09:48Z,1,1
a203c138-c1f4-67db-fbbc-77c9ccddf445,a203c138-c1f4-67db-655a-5138756a96c7,30673d75-a093-3732-a2c5-5ddce4ccb8be,b046940f-1664-3047-bca7-dfa76be352a4,,10,10,410620009,,,,,,,,,a203c138-c1f4-67db-e35c-9003e3a86a8e,2019-09-24T01:54:48Z,2019-09-24T01:54:48Z,30673d75-a093-3732-a2c5-5ddce4ccb8be,CLOSED,CLOSED,CLOSED,0,0,0,2019-09-24T02:09:48Z,2019-09-24T02:09:48Z,2019-09-24T02:09:48Z,1,1
a203c138-c1f4-67db-3eee-ffaf9f002c0f,a203c138-c1f4-67db-655a-5138756a96c7,30673d75-a093-3732-a2c5-5ddce4ccb8be,b046940f-1664-3047-bca7-dfa76be352a4,,10,10,410620009,,,,,,,,,a203c138-c1f4-67db-6703-c98c7b864300,2020-09-29T01:54:48Z,2020-09-29T01:54:48Z,30673d75-a093-3732-a2c5-5ddce4ccb8be,CLOSED,CLOSED,CLOSED,0,0,0,2020-09-29T02:09:48Z,2020-09-29T02:09:48Z,2020-09-29T02:09:48Z,1,1
a203c138-c1f4-67db-84af-b7b1f103ba7c,a203c138-c1f4-67db-655a-5138756a96c7,30673d75-a093-3732-a2c5-5ddce4ccb8be,b046940f-1664-3047-bca7-dfa76be352a4,,10,10,410620009,,,,,,,,,a203c138-c1f4-67db-7631-9bd8d7ff973a,2021-10-05T01:54:48Z,2021-10-05T01:54:48Z,30673d75-a093-3732-a2c5-5ddce4ccb8be,CLOSED,CLOSED,CLOSED,0,0,0,2021-10-05T02:09:48Z,2021-10-05T02:09:48Z,2021-10-05T02:09:48Z,1,1
a203c138-c1f4-67db-5ffa-ce52e5484094,a203c138-c1f4-67db-655a-5138756a96c7,30673d75-a093-3732-a2c5-5ddce4ccb8be,b046940f-1664-3047-bca7-dfa76be352a4,,10,10,410620009,,,,,,,,,a203c138-c1f4-67db-af92-1f0c88e28035,2022-10-11T01:54:48Z,2022-10-11T01:54:48Z,30673d75-a093-3732-a2c5-5ddce4ccb8be,CLOSED,CLOSED,CLOSED,0,0,0,2022-10-11T02:09:48Z,2022-10-11T02:09:48Z,2022-10-11T02:09:48Z,1,1
a203c138-c1f4-67db-6343-45afa02adc07,a203c138-c1f4-67db-655a-5138756a96c7,30673d75-a093-3732-a2c5-5ddce4ccb8be,b046940f-1664-3047-bca7-dfa76be352a4,,10,10,410620009,,,,,,,,,a203c138-c1f4-67db-f7f2-c4f38303125a,2023-10-17T01:54:48Z,2023-10-17T01:54:48Z,30673d75-a093-3732-a2c5-5ddce4ccb8be,CLOSED,CLOSED,CLOSED,0,0,0,2023-10-17T02:09:48Z,2023-10-17T02:09:48Z,2023-10-17T02:09:48Z,1,1
a203c138-c1f4-67db-a5d3-9d6b94f22813,a203c138-c1f4-67db-655a-5138756a96c7,30673d75-a093-3732-a2c5-5ddce4ccb8be,b046940f-1664-3047-bca7-dfa76be352a4,,10,10,410620009,,,,,,,,,a203c138-c1f4-67db-bb3b-cc094a5afc96,2024-10-22T01:54:48Z,2024-10-22T01:54:48Z,30673d75-a093-3732-a2c5-5ddce4ccb8be,CLOSED,CLOSED,CLOSED,0,0,0,2024-10-22T02:09:48Z,2024-10-22T02:09:48Z,2024-10-22T02:09:48Z,1,1
a203c138-c1f4-67db-a216-ea5a4615cf76,a203c138-c1f4-67db-655a-5138756a96c7,30673d75-a093-3732-a2c5-5ddce4ccb8be,b046940f-1664-3047-bca7-dfa76be352a4,,10,10,410620009,,,,,,,,,a203c138-c1f4-67db-260b-80ca11a550b4,2025-10-28T01:54:48Z,2025-10-28T01:54:48Z,30673d75-a093-3732-a2c5-5ddce4ccb8be,CLOSED,CLOSED,CLOSED,0,0,0,2025-10-28T02:09:48Z,2025-10-28T02:09:48Z,2025-10-28T02:09:48Z,1,1
dd9da64b-7b38-4f91-b45f-4838dd71e11b,dd9da64b-7b38-4f91-e75d-b1268dde60d4,15a0782c-5a9b-3f35-81ae-5a52f602523b,26aab0cd-6aba-3e1b-ac5b-05c8867e762c,,20,20,162673000,,,,,,,,,dd9da64b-7b38-4f91-2b8d-96742c17dfb2,2018-01-21T15:06:35Z,2018-01-21T15:06:35Z,15a0782c-5a9b-3f35-81ae-5a52f602523b,CLOSED,CLOSED,CLOSED,0,0,0,2018-01-21T15:21:35Z,2018-01-21T15:21:35Z,2018-01-21T15:21:35Z,1,1
dd9da64b-7b38-4f91-66dc-f161fc9eb2a4,dd9da64b-7b38-4f91-e75d-b1268dde60d4,15a0782c-5a9b-3f35-81ae-5a52f602523b,26aab0cd-6aba-3e1b-ac5b-05c8867e762c,,20,20,162673000,,,,,,,,,dd9da64b-7b38-4f91-8abe-a62b3b9483dd,2021-01-24T15:06:35Z,2021-01-24T15:06:35Z,15a0782c-5a9b-3f35-81ae-5a52f602523b,CLOSED,CLOSED,CLOSED,0,0,0,2021-01-24T15:21:35Z,2021-01-24T15:21:35Z,2021-01-24T15:21:35Z,1,1
dd9da64b-7b38-4f91-bf44-a7ae53bff9f3,dd9da64b-7b38-4f91-e75d-b1268dde60d4,f13de10e-9d86-3931-8271-5f8cafef5c3c,26aab0cd-6aba-3e1b-ac5b-05c8867e762c,,2,2,33879002,,,,,,,,,dd9da64b-7b38-4f91-7c4a-a43a8920d4f8,2021-03-28T15:06:35Z,2021-03-28T15:06:35Z,f13de10e-9d86-3931-8271-5f8cafef5c3c,CLOSED,CLOSED,CLOSED,0,0,0,2021-03-28T15:21:35Z,2021-03-28T15:21:35Z,2021-03-28T15:21:35Z,2,2
dd9da64b-7b38-4f91-95ad-a486e7e7b5f9,dd9da64b-7b38-4f91-e75d-b1268dde60d4,f13de10e-9d86-3931-8271-5f8cafef5c3c,26aab0cd-6aba-3e1b-ac5b-05c8867e762c,,2,2,33879002,,,,,,,,,dd9da64b-7b38-4f91-bac3-a5da388748d2,2021-04-18T15:06:35Z,2021-04-18T15:06:35Z,f13de10e-9d86-3931-8271-5f8cafef5c3c,CLOSED,CLOSED,CLOSED,0,0,0,2021-04-18T15:21:35Z,2021-04-18T15:21:35Z,2021-04-18T15:21:35Z,2,2
dd9da64b-7b38-4f91-a2ee-ddef754ffcde,dd9da64b-7b38-4f91-e75d-b1268dde60d4,15a0782c-5a9b-3f35-81ae-5a52f602523b,26aab0cd-6aba-3e1b-ac5b-05c8867e762c,,20,20,162673000,,,,,,,,,dd9da64b-7b38-4f91-70c1-4f90f060a9a2,2024-01-28T15:06:35Z,2024-01-28T15:06:35Z,15a0782c-5a9b-3f35-81ae-5a52f602523b,CLOSED,CLOSED,CLOSED,0,0,0,2024-01-28T15:21:35Z,2024-01-28T15:21:35Z,2024-01-28T15:21:35Z,1,1
6bc4cd5d-0216-17a9-40d6-6e71fc9f7da7,6bc4cd5d-0216-17a9-8192-ac2209957d3a,98d9c2b0-fcf4-3f9d-83e5-aa8433cabfa6,26aab0cd-6aba-3e1b-ac5b-05c8867e762c,,20,20,162673000,,,,,,,,,6bc4cd5d-0216-17a9-bec8-c39e894176ac,2016-09-17T20:42:31Z,2016-09-17T20:42:31Z,98d9c2b0-fcf4-3f9d-83e5-aa8433cabfa6,CLOSED,CLOSED,CLOSED,0,0,0,2016-09-17T20:57:31Z,2016-09-17T20:57:31Z,2016-09-17T20:57:31Z,1,1
6bc4cd5d-0216-17a9-b6c0-5a08c7e6de92,6bc4cd5d-0216-17a9-8192-ac2209957d3a,98d9c2b0-fcf4-3f9d-83e5-aa8433cabfa6,26aab0cd-6aba-3e1b-ac5b-05c8867e762c,,20,20,162673000,,,,,,,,,6bc4cd5d-0216-17a9-dd1f-652a88ab6b35,2017-09-23T20:42:31Z,2017-09-23T20:42:31Z,98d9c2b0-fcf4-3f9d-83e5-aa8433cabfa6,CLOSED,CLOSED,CLOSED,0,0,0,2017-09-23T20:57:31Z,2017-09-23T20:57:31Z,2017-09-23T20:57:31Z,1,1
6bc4cd5d-0216-17a9-6130-bb96d0ea568b,6bc4cd5d-0216-17a9-8192-ac2209957d3a,98d9c2b0-fcf4-3f9d-83e5-aa8433cabfa6,26aab0cd-6aba-3e1b-ac5b-05c8867e762c,,20,20,162673000,,,,,,,,,6bc4cd5d-0216-17a9-0f4c-06516e38eeeb,2020-09-26T20:42:31Z,2020-09-26T20:42:31Z,98d9c2b0-fcf4-3f9d-83e5-aa8433cabfa6,CLOSED,CLOSED,CLOSED,0,0,0,2020-09-26T20:57:31Z,2020-09-26T20:57:31Z,2020-09-26T20:57:31Z,1,1
6bc4cd5d-0216-17a9-fb2d-cf15b96dc216,6bc4cd5d-0216-17a9-8192-ac2209957d3a,98d9c2b0-fcf4-3f9d-83e5-aa8433cabfa6,26aab0cd-6aba-3e1b-ac5b-05c8867e762c,,20,20,162673000,,,,,,,,,6bc4cd5d-0216-17a9-b897-c7126a3b1344,2023-09-30T20:42:31Z,2023-09-30T20:42:31Z,98d9c2b0-fcf4-3f9d-83e5-aa8433cabfa6,CLOSED,CLOSED,CLOSED,0,0,0,2023-09-30T20:57:31Z,2023-09-30T20:57:31Z,2023-09-30T20:57:31Z,1,1
322ab5c6-5846-ac1e-9a00-dc0e80527730,322ab5c6-5846-ac1e-38cc-48b8cb441e20,222e5181-02d7-3137-a277-bc1b0d9115a3,df166300-5a78-3502-a46a-832842197811,,20,20,162673000,,,,,,,,,322ab5c6-5846-ac1e-d2a6-7f4d776168f6,2016-12-22T08:15:00Z,2016-12-22T08:15:00Z,222e5181-02d7-3137-a277-bc1b0d9115a3,CLOSED,CLOSED,CLOSED,0,0,0,2016-12-22T08:30:00Z,2016-12-22T08:30:00Z,2016-12-22T08:30:00Z,1,1
322ab5c6-5846-ac1e-ca66-86dbd9232390,322ab5c6-5846-ac1e-38cc-48b8cb441e20,222e5181-02d7-3137-a277-bc1b0d9115a3,df166300-5a78-3502-a46a-832842197811,,20,20,162673000,,,,,,,,,322ab5c6-5846-ac1e-4fea-227b1b0122d0,2017-12-28T08:15:00Z,2017-12-28T08:15:00Z,222e5181-02d7-3137-a277-bc1b0d9115a3,CLOSED,CLOSED,CLOSED,0,0,0,2017-12-28T08:30:00Z,2017-12-28T08:30:00Z,2017-12-28T08:30:00Z,1,1
322ab5c6-5846-ac1e-fe25-987b562e22bb,322ab5c6-5846-ac1e-38cc-48b8cb441e20,222e5181-02d7-3137-a277-bc1b0d9115a3,df166300-5a78-3502-a46a-832842197811,,20,20,162673000,,,,,,,,,322ab5c6-5846-ac1e-f27f-115f8b027fad,2019-01-03T08:15:00Z,2019-01-03T08:15:00Z,222e5181-02d7-3137-a277-bc1b0d9115a3,CLOSED,CLOSED,CLOSED,0,0,0,2019-01-03T08:30:00Z,2019-01-03T08:30:00Z,2019-01-03T08:30:00Z,1,1
322ab5c6-5846-ac1e-0ae7-6427fa8a99e4,322ab5c6-5846-ac1e-38cc-48b8cb441e20,222e5181-02d7-3137-a277-bc1b0d9115a3,df166300-5a78-3502-a46a-832842197811,,20,20,162673000,,,,,,,,,322ab5c6-5846-ac1e-9b24-a35a327851fe,2020-01-09T08:15:00Z,2020-01-09T08:15:00Z,222e5181-02d7-3137-a277-bc1b0d9115a3,CLOSED,CLOSED,CLOSED,0,0,0,2020-01-09T08:30:00Z,2020-01-09T08:30:00Z,2020-01-09T08:30:00Z,1,1
322ab5c6-5846-ac1e-7176-78bbab518b6e,322ab5c6-5846-ac1e-38cc-48b8cb441e20,222e5181-02d7-3137-a277-bc1b0d9115a3,df166300-5a78-3502-a46a-832842197811,,20,20,162673000,,,,,,,,,322ab5c6-5846-ac1e-6561-8011657be86e,2021-01-14T08:15:00Z,2021-01-14T08:15:00Z,222e5181-02d7-3137-a277-bc1b0d9115a3,CLOSED,CLOSED,CLOSED,0,0,0,2021-01-14T08:30:00Z,2021-01-14T08:30:00Z,2021-01-14T08:30:00Z,1,1
322ab5c6-5846-ac1e-c4c6-a7a0c9ecb09c,322ab5c6-5846-ac1e-38cc-48b8cb441e20,2e285af2-8cce-311b-91d3-d8024a5ed4fc,df166300-5a78-3502-a46a-832842197811,,2,2,33879002,,,,,,,,,322ab5c6-5846-ac1e-2d0a-fe5497823025,2021-04-01T08:15:00Z,2021-04-01T08:15:00Z,2e285af2-8cce-311b-91d3-d8024a5ed4fc,CLOSED,CLOSED,CLOSED,0,0,0,2021-04-01T08:30:00Z,2021-04-01T08:30:00Z,2021-04-01T08:30:00Z,2,2
322ab5c6-5846-ac1e-cc16-4c536bfb1b29,322ab5c6-5846-ac1e-38cc-48b8cb441e20,2e285af2-8cce-311b-91d3-d8024a5ed4fc,df166300-5a78-3502-a46a-832842197811,,2,2,33879002,,,,,,,,,322ab5c6-5846-ac1e-9c72-ee7f004b58d9,2021-04-22T08:15:00Z,2021-04-22T08:15:00Z,2e285af2-8cce-311b-91d3-d8024a5ed4fc,CLOSED,CLOSED,CLOSED,0,0,0,2021-04-22T08:30:00Z,2021-04-22T08:30:00Z,2021-04-22T08:30:00Z,2,2
322ab5c6-5846-ac1e-2b59-b98b8c325399,322ab5c6-5846-ac1e-38cc-48b8cb441e20,222e5181-02d7-3137-a277-bc1b0d9115a3,df166300-5a78-3502-a46a-832842197811,,20,20,162673000,,,,,,,,,322ab5c6-5846-ac1e-0cf8-07c86e5d675f,2022-01-20T08:15:00Z,2022-01-20T08:15:00Z,222e5181-02d7-3137-a277-bc1b0d9115a3,CLOSED,CLOSED,CLOSED,0,0,0,2022-01-20T08:30:00Z,2022-01-20T08:30:00Z,2022-01-20T08:30:00Z,1,1
322ab5c6-5846-ac1e-ee89-6f0e45e1aca0,322ab5c6-5846-ac1e-38cc-48b8cb441e20,222e5181-02d7-3137-a277-bc1b0d9115a3,df166300-5a78-3502-a46a-832842197811,,20,20,162673000,,,,,,,,,322ab5c6-5846-ac1e-239d-250e225541f1,2023-01-26T08:15:00Z,2023-01-26T08:15:00Z,222e5181-02d7-3137-a277-bc1b0d9115a3,CLOSED,CLOSED,CLOSED,0,0,0,2023-01-26T08:30:00Z,2023-01-26T08:30:00Z,2023-01-26T08:30:00Z,1,1
322ab5c6-5846-ac1e-ece8-7dfcda14f9b8,322ab5c6-5846-ac1e-38cc-48b8cb441e20,222e5181-02d7-3137-a277-bc1b0d9115a3,df166300-5a78-3502-a46a-832842197811,,20,20,162673000,,,,,,,,,322ab5c6-5846-ac1e-0b4b-a3108c67e034,2024-02-01T08:15:00Z,2024-02-01T08:15:00Z,222e5181-02d7-3137-a277-bc1b0d9115a3,CLOSED,CLOSED,CLOSED,0,0,0,2024-02-01T08:30:00Z,2024-02-01T08:30:00Z,2024-02-01T08:30:00Z,1,1
322ab5c6-5846-ac1e-2522-a4a575bda218,322ab5c6-5846-ac1e-38cc-48b8cb441e20,222e5181-02d7-3137-a277-bc1b0d9115a3,df166300-5a78-3502-a46a-832842197811,,20,20,162673000,,,,,,,,,322ab5c6-5846-ac1e-b889-524b3f5dc8ab,2025-02-06T08:15:00Z,2025-02-06T08:15:00Z,222e5181-02d7-3137-a277-bc1b0d9115a3,CLOSED,CLOSED,CLOSED,0,0,0,2025-02-06T08:30:00Z,2025-02-06T08:30:00Z,2025-02-06T08:30:00Z,1,1
322ab5c6-5846-ac1e-7540-b2c4d2452e93,322ab5c6-5846-ac1e-38cc-48b8cb441e20,222e5181-02d7-3137-a277-bc1b0d9115a3,df166300-5a78-3502-a46a-832842197811,,20,20,162673000,,,,,,,,,322ab5c6-5846-ac1e-845d-7f1b13178406,2026-02-12T08:15:00Z,2026-02-12T08:15:00Z,222e5181-02d7-3137-a277-bc1b0d9115a3,CLOSED,CLOSED,CLOSED,0,0,0,2026-02-12T08:30:00Z,2026-02-12T08:30:00Z,2026-02-12T08:30:00Z,1,1
5fd603dd-1d6a-62be-7439-b1ce863dd214,5fd603dd-1d6a-62be-0862-67ff6e3978b5,fbd06a20-32c5-368e-9346-c310d02ee023,df166300-5a78-3502-a46a-832842197811,,10,10,410620009,,,,,,,,,5fd603dd-1d6a-62be-4d27-741dd4ad1822,2016-08-21T09:46:50Z,2016-08-21T09:46:50Z,fbd06a20-32c5-368e-9346-c310d02ee023,CLOSED,CLOSED,CLOSED,0,0,0,2016-08-21T10:01:50Z,2016-08-21T10:01:50Z,2016-08-21T10:01:50Z,1,1
5fd603dd-1d6a-62be-2516-dc8dae6fec85,5fd603dd-1d6a-62be-0862-67ff6e3978b5,fbd06a20-32c5-368e-9346-c310d02ee023,df166300-5a78-3502-a46a-832842197811,,10,10,410620009,,,,,,,,,5fd603dd-1d6a-62be-ff10-6793a39965c6,2017-02-19T09:46:50Z,2017-02-19T09:46:50Z,fbd06a20-32c5-368e-9346-c310d02ee023,CLOSED,CLOSED,CLOSED,0,0,0,2017-02-19T10:01:50Z,2017-02-19T10:01:50Z,2017-02-19T10:01:50Z,1,1
5fd603dd-1d6a-62be-8a5c-f1cdf14b6d2a,5fd603dd-1d6a-62be-0862-67ff6e3978b5,fbd06a20-32c5-368e-9346-c310d02ee023,df166300-5a78-3502-a46a-832842197811,,10,10,410620009,,,,,,,,,5fd603dd-1d6a-62be-3ad2-6360f6e4f1f5,2018-02-25T09:46:50Z,2018-02-25T09:46:50Z,fbd06a20-32c5-368e-9346-c310d02ee023,CLOSED,CLOSED,CLOSED,0,0,0,2018-02-25T10:01:50Z,2018-02-25T10:01:50Z,2018-02-25T10:01:50Z,1,1
5fd603dd-1d6a-62be-c828-6df7293f0c0f,5fd603dd-1d6a-62be-0862-67ff6e3978b5,fbd06a20-32c5-368e-9346-c310d02ee023,df166300-5a78-3502-a46a-832842197811,,10,10,410620009,,,,,,,,,5fd603dd-1d6a-62be-6a12-2ad1eff23260,2019-03-03T09:46:50Z,2019-03-03T09:46:50Z,fbd06a20-32c5-368e-9346-c310d02ee023,CLOSED,CLOSED,CLOSED,0,0,0,2019-03-03T10:01:50Z,2019-03-03T10:01:50Z,2019-03-03T10:01:50Z,1,1
5fd603dd-1d6a-62be-29b8-8cd912bdab07,5fd603dd-1d6a-62be-0862-67ff6e3978b5,fbd06a20-32c5-368e-9346-c310d02ee023,df166300-5a78-3502-a46a-832842197811,,10,10,410620009,,,,,,,,,5fd603dd-1d6a-62be-102b-d2ec5cd75687,2020-03-08T09:46:50Z,2020-03-08T09:46:50Z,fbd06a20-32c5-368e-9346-c310d02ee023,CLOSED,CLOSED,CLOSED,0,0,0,2020-03-08T10:01:50Z,2020-03-08T10:01:50Z,2020-03-08T10:01:50Z,1,1
5fd603dd-1d6a-62be-5062-4cad484c9965,5fd603dd-1d6a-62be-0862-67ff6e3978b5,fbd06a20-32c5-368e-9346-c310d02ee023,df166300-5a78-3502-a46a-832842197811,,10,10,410620009,,,,,,,,,5fd603dd-1d6a-62be-f929-103a84825cc1,2021-03-14T09:46:50Z,2021-03-14T09:46:50Z,fbd06a20-32c5-368e-9346-c310d02ee023,CLOSED,CLOSED,CLOSED,0,0,0,2021-03-14T10:01:50Z,2021-03-14T10:01:50Z,2021-03-14T10:01:50Z,1,1
5fd603dd-1d6a-62be-1012-8119a8e9acb7,5fd603dd-1d6a-62be-0862-67ff6e3978b5,fbd06a20-32c5-368e-9346-c310d02ee023,df166300-5a78-3502-a46a-832842197811,,10,10,410620009,,,,,,,,,5fd603dd-1d6a-62be-771d-b3a07efff07d,2022-03-20T09:46:50Z,2022-03-20T09:46:50Z,fbd06a20-32c5-368e-9346-c310d02ee023,CLOSED,CLOSED,CLOSED,0,0,0,2022-03-20T10:01:50Z,2022-03-20T10:01:50Z,2022-03-20T10:01:50Z,1,1
ce44621f-406f-233d-48dc-680374f3aafc,ce44621f-406f-233d-11a3-22cdc96f9aec,85932702-486c-35c1-9e86-c34c4be05bac,b046940f-1664-3047-bca7-dfa76be352a4,,10,10,410620009,,,,,,,,,ce44621f-406f-233d-04a6-d7dd7f6a6185,2016-08-02T03:24:32Z,2016-08-02T03:24:32Z,85932702-486c-35c1-9e86-c34c4be05bac,CLOSED,CLOSED,CLOSED,0,0,0,2016-08-02T03:39:32Z,2016-08-02T03:39:32Z,2016-08-02T03:39:32Z,1,1
ce44621f-406f-233d-0173-653b98446d34,ce44621f-406f-233d-11a3-22cdc96f9aec,85932702-486c-35c1-9e86-c34c4be05bac,b046940f-1664-3047-bca7-dfa76be352a4,,10,10,410620009,,,,,,,,,ce44621f-406f-233d-8571-47f8986b035d,2017-08-08T03:24:32Z,2017-08-08T03:24:32Z,85932702-486c-35c1-9e86-c34c4be05bac,CLOSED,CLOSED,CLOSED,0,0,0,2017-08-08T03:39:32Z,2017-08-08T03:39:32Z,2017-08-08T03:39:32Z,1,1
ce44621f-406f-233d-310d-0ad449d8f9a7,ce44621f-406f-233d-11a3-22cdc96f9aec,85932702-486c-35c1-9e86-c34c4be05bac,b046940f-1664-3047-bca7-dfa76be352a4,,10,10,410620009,,,,,,,,,ce44621f-406f-233d-c9de-428d1407b451,2018-08-14T03:24:32Z,2018-08-14T03:24:32Z,85932702-486c-35c1-9e86-c34c4be05bac,CLOSED,CLOSED,CLOSED,0,0,0,2018-08-14T03:39:32Z,2018-08-14T03:39:32Z,2018-08-14T03:39:32Z,1,1
ce44621f-406f-233d-d579-4f2fa70267de,ce44621f-406f-233d-11a3-22cdc96f9aec,85932702-486c-35c1-9e86-c34c4be05bac,b046940f-1664-3047-bca7-dfa76be352a4,,10,10,410620009,,,,,,,,,ce44621f-406f-233d-eba4-75ce5c385005,2019-08-20T03:24:32Z,2019-08-20T03:24:32Z,85932702-486c-35c1-9e86-c34c4be05bac,CLOSED,CLOSED,CLOSED,0,0,0,2019-08-20T03:39:32Z,2019-08-20T03:39:32Z,2019-08-20T03:39:32Z,1,1
ce44621f-406f-233d-75d5-386908147cfb,ce44621f-406f-233d-11a3-22cdc96f9aec,85932702-486c-35c1-9e86-c34c4be05bac,b046940f-1664-3047-bca7-dfa76be352a4,,10,10,410620009,,,,,,,,,ce44621f-406f-233d-1d6f-b7473467b6a6,2020-08-25T03:24:32Z,2020-08-25T03:24:32Z,85932702-486c-35c1-9e86-c34c4be05bac,CLOSED,CLOSED,CLOSED,0,0,0,2020-08-25T03:39:32Z,2020-08-25T03:39:32Z,2020-08-25T03:39:32Z,1,1
ce44621f-406f-233d-0b35-7b3d6ab82490,ce44621f-406f-233d-11a3-22cdc96f9aec,85932702-486c-35c1-9e86-c34c4be05bac,b046940f-1664-3047-bca7-dfa76be352a4,,10,10,410620009,,,,,,,,,ce44621f-406f-233d-37a8-c93313b4c24b,2021-08-31T03:24:32Z,2021-08-31T03:24:32Z,85932702-486c-35c1-9e86-c34c4be05bac,CLOSED,CLOSED,CLOSED,0,0,0,2021-08-31T03:39:32Z,2021-08-31T03:39:32Z,2021-08-31T03:39:32Z,1,1
ce44621f-406f-233d-7f39-5d04c8eb0b8e,ce44621f-406f-233d-11a3-22cdc96f9aec,85932702-486c-35c1-9e86-c34c4be05bac,b046940f-1664-3047-bca7-dfa76be352a4,,10,10,410620009,,,,,,,,,ce44621f-406f-233d-c455-45363a9f9d80,2022-09-06T03:24:32Z,2022-09-06T03:24:32Z,85932702-486c-35c1-9e86-c34c4be05bac,CLOSED,CLOSED,CLOSED,0,0,0,2022-09-06T03:39:32Z,2022-09-06T03:39:32Z,2022-09-06T03:39:32Z,1,1
ce44621f-406f-233d-bdbe-27e8e14fc81b,ce44621f-406f-233d-11a3-22cdc96f9aec,85932702-486c-35c1-9e86-c34c4be05bac,b046940f-1664-3047-bca7-dfa76be352a4,,10,10,410620009,,,,,,,,,ce44621f-406f-233d-55a7-05ece9a0c270,2023-09-12T03:24:32Z,2023-09-12T03:24:32Z,85932702-486c-35c1-9e86-c34c4be05bac,CLOSED,CLOSED,CLOSED,0,0,0,2023-09-12T03:39:32Z,2023-09-12T03:39:32Z,2023-09-12T03:39:32Z,1,1
ce44621f-406f-233d-3467-0f339a5364ec,ce44621f-406f-233d-11a3-22cdc96f9aec,532c7d9b-da7c-3009-9e3f-bcbe7ebf3ad2,b046940f-1664-3047-bca7-dfa76be352a4,,2,2,33879002,,,,,,,,,ce44621f-406f-233d-6c6a-123fc26352bd,2024-09-10T03:24:32Z,2024-09-10T03:24:32Z,532c7d9b-da7c-3009-9e3f-bcbe7ebf3ad2,CLOSED,CLOSED,CLOSED,0,0,0,2024-09-10T03:39:32Z,2024-09-10T03:39:32Z,2024-09-10T03:39:32Z,2,2
ce44621f-406f-233d-df9e-fd533791bc7b,ce44621f-406f-233d-11a3-22cdc96f9aec,85932702-486c-35c1-9e86-c34c4be05bac,b046940f-1664-3047-bca7-dfa76be352a4,,10,10,410620009,,,,,,,,,ce44621f-406f-233d-eda2-55e674311ab5,2024-09-17T03:24:32Z,2024-09-17T03:24:32Z,85932702-486c-35c1-9e86-c34c4be05bac,CLOSED,CLOSED,CLOSED,0,0,0,2024-09-17T03:39:32Z,2024-09-17T03:39:32Z,2024-09-17T03:39:32Z,1,1
ce44621f-406f-233d-ccb3-e0bb5cc4ceb0,ce44621f-406f-233d-11a3-22cdc96f9aec,532c7d9b-da7c-3009-9e3f-bcbe7ebf3ad2,b046940f-1664-3047-bca7-dfa76be352a4,,2,2,33879002,,,,,,,,,ce44621f-406f-233d-40bb-2b215cf8d3bd,2024-10-01T03:24:32Z,2024-10-01T03:24:32Z,532c7d9b-da7c-3009-9e3f-bcbe7ebf3ad2,CLOSED,CLOSED,CLOSED,0,0,0,2024-10-01T03:39:32Z,2024-10-01T03:39:32Z,2024-10-01T03:39:32Z,2,2
9255b577-57ec-5114-d32c-53a9d798557c,9255b577-57ec-5114-269d-ae0e5e12f290,222e5181-02d7-3137-a277-bc1b0d9115a3,,,10,10,410620009,,,,,,,,,9255b577-57ec-5114-2801-903596712c8a,2017-02-17T12:21:30Z,2017-02-17T12:21:30Z,222e5181-02d7-3137-a277-bc1b0d9115a3,CLOSED,CLOSED,CLOSED,0,0,0,2017-02-17T12:36:30Z,2017-02-17T12:36:30Z,2017-02-17T12:36:30Z,1,1
ce44621f-406f-233d-886b-5c46b196e57c,ce44621f-406f-233d-11a3-22cdc96f9aec,85932702-486c-35c1-9e86-c34c4be05bac,b046940f-1664-3047-bca7-dfa76be352a4,,10,10,410620009,,,,,,,,,ce44621f-406f-233d-189c-405f2c48cddf,2025-09-23T03:24:32Z,2025-09-23T03:24:32Z,85932702-486c-35c1-9e86-c34c4be05bac,CLOSED,CLOSED,CLOSED,0,0,0,2025-09-23T03:39:32Z,2025-09-23T03:39:32Z,2025-09-23T03:39:32Z,1,1
5fd603dd-1d6a-62be-28d7-f7604da06610,5fd603dd-1d6a-62be-0862-67ff6e3978b5,fbd06a20-32c5-368e-9346-c310d02ee023,df166300-5a78-3502-a46a-832842197811,,10,10,410620009,,,,,,,,,5fd603dd-1d6a-62be-cb7b-88fc19b2c1ad,2023-03-26T09:46:50Z,2023-03-26T09:46:50Z,fbd06a20-32c5-368e-9346-c310d02ee023,CLOSED,CLOSED,CLOSED,0,0,0,2023-03-26T10:01:50Z,2023-03-26T10:01:50Z,2023-03-26T10:01:50Z,1,1
9255b577-57ec-5114-d043-d7ae599d9793,9255b577-57ec-5114-269d-ae0e5e12f290,222e5181-02d7-3137-a277-bc1b0d9115a3,,,10,10,410620009,,,,,,,,,9255b577-57ec-5114-a9a6-9c1bebaa0b63,2018-02-23T12:21:30Z,2018-02-23T12:21:30Z,222e5181-02d7-3137-a277-bc1b0d9115a3,CLOSED,CLOSED,CLOSED,0,0,0,2018-02-23T12:36:30Z,2018-02-23T12:36:30Z,2018-02-23T12:36:30Z,1,1
5fd603dd-1d6a-62be-6b35-dc4104cf2c1e,5fd603dd-1d6a-62be-0862-67ff6e3978b5,fbd06a20-32c5-368e-9346-c310d02ee023,df166300-5a78-3502-a46a-832842197811,,10,10,410620009,,,,,,,,,5fd603dd-1d6a-62be-b371-4bc3566423c0,2024-03-31T09:46:50Z,2024-03-31T09:46:50Z,fbd06a20-32c5-368e-9346-c310d02ee023,CLOSED,CLOSED,CLOSED,0,0,0,2024-03-31T10:01:50Z,2024-03-31T10:01:50Z,2024-03-31T10:01:50Z,1,1
50b95daa-11fb-fb1d-72c6-be4c8731c449,50b95daa-11fb-fb1d-f3aa-70e2d777e5ba,fb44f8a4-bb15-35ae-8926-6d2e13868572,0133f751-9229-3cfd-815f-b6d4979bdd6a,,20,20,162673000,,,,,,,,,50b95daa-11fb-fb1d-439e-3358384fc922,2016-12-18T14:43:30Z,2016-12-18T14:43:30Z,fb44f8a4-bb15-35ae-8926-6d2e13868572,CLOSED,CLOSED,CLOSED,0,0,0,2016-12-18T14:58:30Z,2016-12-18T14:58:30Z,2016-12-18T14:58:30Z,1,1
9255b577-57ec-5114-b9b8-da3bee1872b4,9255b577-57ec-5114-269d-ae0e5e12f290,222e5181-02d7-3137-a277-bc1b0d9115a3,,,10,10,410620009,,,,,,,,,9255b577-57ec-5114-9c24-a81cf314b362,2019-03-01T12:21:30Z,2019-03-01T12:21:30Z,222e5181-02d7-3137-a277-bc1b0d9115a3,CLOSED,CLOSED,CLOSED,0,0,0,2019-03-01T12:36:30Z,2019-03-01T12:36:30Z,2019-03-01T12:36:30Z,1,1
50b95daa-11fb-fb1d-f17e-5e1af741a3d2,50b95daa-11fb-fb1d-f3aa-70e2d777e5ba,fb44f8a4-bb15-35ae-8926-6d2e13868572,0133f751-9229-3cfd-815f-b6d4979bdd6a,,20,20,162673000,,,,,,,,,50b95daa-11fb-fb1d-9bd8-365de0833522,2019-12-22T14:43:30Z,2019-12-22T14:43:30Z,fb44f8a4-bb15-35ae-8926-6d2e13868572,CLOSED,CLOSED,CLOSED,0,0,0,2019-12-22T14:58:30Z,2019-12-22T14:58:30Z,2019-12-22T14:58:30Z,1,1
9255b577-57ec-5114-b1ac-84c7f826874d,9255b577-57ec-5114-269d-ae0e5e12f290,222e5181-02d7-3137-a277-bc1b0d9115a3,,,10,10,410620009,,,,,,,,,9255b577-57ec-5114-390e-b0073575e95a,2020-03-06T12:21:30Z,2020-03-06T12:21:30Z,222e5181-02d7-3137-a277-bc1b0d9115a3,CLOSED,CLOSED,CLOSED,0,0,0,2020-03-06T12:36:30Z,2020-03-06T12:36:30Z,2020-03-06T12:36:30Z,1,1
50b95daa-11fb-fb1d-a5d4-9b23d7eabe9b,50b95daa-11fb-fb1d-f3aa-70e2d777e5ba,844c652e-3602-3bdc-bb7f-7057888c1003,0133f751-9229-3cfd-815f-b6d4979bdd6a,,2,2,33879002,,,,,,,,,50b95daa-11fb-fb1d-f4fb-6d4d6b191e2b,2021-05-16T14:43:30Z,2021-05-16T14:43:30Z,844c652e-3602-3bdc-bb7f-7057888c1003,CLOSED,CLOSED,CLOSED,0,0,0,2021-05-16T14:58:30Z,2021-05-16T14:58:30Z,2021-05-16T14:58:30Z,2,2
b329ef8d-a18b-a62f-c955-742e8cee0513,b329ef8d-a18b-a62f-aa37-7b5ca4504f4b,907e2d31-3baf-3c68-a1c4-f5913db11e63,,,20,20,59621000,,,,,,,,,b329ef8d-a18b-a62f-c01a-5a976970cba2,2015-01-15T04:58:24Z,2015-01-15T04:58:24Z,907e2d31-3baf-3c68-a1c4-f5913db11e63,CLOSED,CLOSED,CLOSED,0,0,0,2015-01-15T05:13:24Z,2015-01-15T05:13:24Z,2015-01-15T05:13:24Z,2,2
b329ef8d-a18b-a62f-bddc-38b535c66f1a,b329ef8d-a18b-a62f-aa37-7b5ca4504f4b,907e2d31-3baf-3c68-a1c4-f5913db11e63,,,20,20,59621000,,,,,,,,,b329ef8d-a18b-a62f-c01a-5a976970cba2,2015-01-15T04:58:24Z,2015-01-15T04:58:24Z,907e2d31-3baf-3c68-a1c4-f5913db11e63,CLOSED,CLOSED,CLOSED,0,0,0,2015-01-15T05:13:24Z,2015-01-15T05:13:24Z,2015-01-15T05:13:24Z,2,2
9255b577-57ec-5114-bd92-84c848842005,9255b577-57ec-5114-269d-ae0e5e12f290,222e5181-02d7-3137-a277-bc1b0d9115a3,,,10,10,410620009,,,,,,,,,9255b577-57ec-5114-7fad-40ea283a58be,2021-03-12T12:21:30Z,2021-03-12T12:21:30Z,222e5181-02d7-3137-a277-bc1b0d9115a3,CLOSED,CLOSED,CLOSED,0,0,0,2021-03-12T12:36:30Z,2021-03-12T12:36:30Z,2021-03-12T12:36:30Z,1,1
9255b577-57ec-5114-9af1-e28590e579b1,9255b577-57ec-5114-269d-ae0e5e12f290,2e285af2-8cce-311b-91d3-d8024a5ed4fc,,,2,2,33879002,,,,,,,,,9255b577-57ec-5114-fa4b-bda00255e4b1,2021-11-05T12:21:30Z,2021-11-05T12:21:30Z,2e285af2-8cce-311b-91d3-d8024a5ed4fc,CLOSED,CLOSED,CLOSED,0,0,0,2021-11-05T12:36:30Z,2021-11-05T12:36:30Z,2021-11-05T12:36:30Z,2,2
9255b577-57ec-5114-d8b2-84851a65c963,9255b577-57ec-5114-269d-ae0e5e12f290,2e285af2-8cce-311b-91d3-d8024a5ed4fc,,,2,2,33879002,,,,,,,,,9255b577-57ec-5114-d3de-4ee914b25a4d,2021-12-03T12:21:30Z,2021-12-03T12:21:30Z,2e285af2-8cce-311b-91d3-d8024a5ed4fc,CLOSED,CLOSED,CLOSED,0,0,0,2021-12-03T12:36:30Z,2021-12-03T12:36:30Z,2021-12-03T12:36:30Z,2,2
9255b577-57ec-5114-b8c5-81399b23c108,9255b577-57ec-5114-269d-ae0e5e12f290,222e5181-02d7-3137-a277-bc1b0d9115a3,,,10,10,410620009,,,,,,,,,9255b577-57ec-5114-e894-392780bcd1ad,2022-03-18T12:21:30Z,2022-03-18T12:21:30Z,222e5181-02d7-3137-a277-bc1b0d9115a3,CLOSED,CLOSED,CLOSED,0,0,0,2022-03-18T12:36:30Z,2022-03-18T12:36:30Z,2022-03-18T12:36:30Z,1,1
9255b577-57ec-5114-2802-4dac53bf7d83,9255b577-57ec-5114-269d-ae0e5e12f290,222e5181-02d7-3137-a277-bc1b0d9115a3,,,10,10,410620009,,,,,,,,,9255b577-57ec-5114-6e6e-e2430432dc68,2023-03-24T12:21:30Z,2023-03-24T12:21:30Z,222e5181-02d7-3137-a277-bc1b0d9115a3,CLOSED,CLOSED,CLOSED,0,0,0,2023-03-24T12:36:30Z,2023-03-24T12:36:30Z,2023-03-24T12:36:30Z,1,1
9255b577-57ec-5114-b0a7-d46d3effbaf9,9255b577-57ec-5114-269d-ae0e5e12f290,222e5181-02d7-3137-a277-bc1b0d9115a3,,,10,10,410620009,,,,,,,,,9255b577-57ec-5114-aa6c-26e00bd60f0e,2024-03-29T12:21:30Z,2024-03-29T12:21:30Z,222e5181-02d7-3137-a277-bc1b0d9115a3,CLOSED,CLOSED,CLOSED,0,0,0,2024-03-29T12:36:30Z,2024-03-29T12:36:30Z,2024-03-29T12:36:30Z,1,1
9255b577-57ec-5114-38bc-2f3c4054f550,9255b577-57ec-5114-269d-ae0e5e12f290,222e5181-02d7-3137-a277-bc1b0d9115a3,,,20,20,162673000,,,,,,,,,9255b577-57ec-5114-9deb-302e77107157,2025-04-04T12:21:30Z,2025-04-04T12:21:30Z,222e5181-02d7-3137-a277-bc1b0d9115a3,CLOSED,CLOSED,CLOSED,0,0,0,2025-04-04T12:36:30Z,2025-04-04T12:36:30Z,2025-04-04T12:36:30Z,1,1
9255b577-57ec-5114-bfb0-3e7203200281,9255b577-57ec-5114-269d-ae0e5e12f290,222e5181-02d7-3137-a277-bc1b0d9115a3,,,20,20,162673000,,,,,,,,,9255b577-57ec-5114-2946-f5a77f73c61b,2026-04-10T12:21:30Z,2026-04-10T12:21:30Z,222e5181-02d7-3137-a277-bc1b0d9115a3,CLOSED,CLOSED,CLOSED,0,0,0,2026-04-10T12:36:30Z,2026-04-10T12:36:30Z,2026-04-10T12:36:30Z,1,1
50b95daa-11fb-fb1d-70ae-19fb09da7689,50b95daa-11fb-fb1d-f3aa-70e2d777e5ba,844c652e-3602-3bdc-bb7f-7057888c1003,0133f751-9229-3cfd-815f-b6d4979bdd6a,,2,2,33879002,,,,,,,,,50b95daa-11fb-fb1d-3cde-e7b504185ce3,2021-06-06T14:43:30Z,2021-06-06T14:43:30Z,844c652e-3602-3bdc-bb7f-7057888c1003,CLOSED,CLOSED,CLOSED,0,0,0,2021-06-06T14:58:30Z,2021-06-06T14:58:30Z,2021-06-06T14:58:30Z,2,2
50b95daa-11fb-fb1d-4ef7-7396880a0bef,50b95daa-11fb-fb1d-f3aa-70e2d777e5ba,fb44f8a4-bb15-35ae-8926-6d2e13868572,8fa6c185-e44e-3e34-8bd8-39be8694f4ce,,20,20,162673000,,,,,,,,,50b95daa-11fb-fb1d-d7f2-1d25e7bffee5,2022-12-25T14:43:30Z,2022-12-25T14:43:30Z,fb44f8a4-bb15-35ae-8926-6d2e13868572,CLOSED,CLOSED,CLOSED,0,0,0,2022-12-25T14:58:30Z,2022-12-25T14:58:30Z,2022-12-25T14:58:30Z,1,1
50b95daa-11fb-fb1d-e40d-a673a255ec41,50b95daa-11fb-fb1d-f3aa-70e2d777e5ba,fb44f8a4-bb15-35ae-8926-6d2e13868572,8fa6c185-e44e-3e34-8bd8-39be8694f4ce,,20,20,162673000,,,,,,,,,50b95daa-11fb-fb1d-5719-1de42c8e4fdc,2025-12-28T14:43:30Z,2025-12-28T14:43:30Z,fb44f8a4-bb15-35ae-8926-6d2e13868572,CLOSED,CLOSED,CLOSED,0,0,0,2025-12-28T14:58:30Z,2025-12-28T14:58:30Z,2025-12-28T14:58:30Z,1,1
9dc02e0c-624b-81c6-d309-df6f6327ba70,9dc02e0c-624b-81c6-4648-829d5074bf90,03dfce01-6bd0-35d5-8fee-a565965e5bfd,734afbd6-4794-363b-9bc0-6a3981533ed5,,20,20,162673000,,,,,,,,,9dc02e0c-624b-81c6-ae85-d99bebc9fd20,2019-03-25T08:58:23Z,2019-03-25T08:58:23Z,03dfce01-6bd0-35d5-8fee-a565965e5bfd,CLOSED,CLOSED,CLOSED,0,0,0,2019-03-25T09:13:23Z,2019-03-25T09:13:23Z,2019-03-25T09:13:23Z,1,1
9dc02e0c-624b-81c6-9e06-aec495d4701c,9dc02e0c-624b-81c6-4648-829d5074bf90,40cacc77-3aa2-3632-9859-39a44e3f75a5,0133f751-9229-3cfd-815f-b6d4979bdd6a,,2,2,33879002,,,,,,,,,9dc02e0c-624b-81c6-6745-038c8741a183,2021-08-30T08:58:23Z,2021-08-30T08:58:23Z,40cacc77-3aa2-3632-9859-39a44e3f75a5,CLOSED,CLOSED,CLOSED,0,0,0,2021-08-30T09:13:23Z,2021-08-30T09:13:23Z,2021-08-30T09:13:23Z,2,2
b329ef8d-a18b-a62f-8a54-0bd20c8b0425,b329ef8d-a18b-a62f-aa37-7b5ca4504f4b,7a6bad15-2e5a-3906-9b79-24e563647196,,,1,1,59621000,,,,,,,,,b329ef8d-a18b-a62f-4323-332cbbe395a3,2015-01-15T04:58:24Z,2015-02-14T04:58:24Z,7a6bad15-2e5a-3906-9b79-24e563647196,CLOSED,CLOSED,CLOSED,0,0,0,2015-02-14T05:13:24Z,2015-02-14T05:13:24Z,2015-02-14T05:13:24Z,2,2
5fd603dd-1d6a-62be-4169-e81c41857353,5fd603dd-1d6a-62be-0862-67ff6e3978b5,fbd06a20-32c5-368e-9346-c310d02ee023,df166300-5a78-3502-a46a-832842197811,,10,10,410620009,,,,,,,,,5fd603dd-1d6a-62be-8284-1dc4c84c6e3b,2025-04-06T09:46:50Z,2025-04-06T09:46:50Z,fbd06a20-32c5-368e-9346-c310d02ee023,CLOSED,CLOSED,CLOSED,0,0,0,2025-04-06T10:01:50Z,2025-04-06T10:01:50Z,2025-04-06T10:01:50Z,1,1
9dc02e0c-624b-81c6-bdd7-70de9b9f3195,9dc02e0c-624b-81c6-4648-829d5074bf90,40cacc77-3aa2-3632-9859-39a44e3f75a5,0133f751-9229-3cfd-815f-b6d4979bdd6a,,2,2,33879002,,,,,,,,,9dc02e0c-624b-81c6-3480-2aa03526c524,2021-09-20T08:58:23Z,2021-09-20T08:58:23Z,40cacc77-3aa2-3632-9859-39a44e3f75a5,CLOSED,CLOSED,CLOSED,0,0,0,2021-09-20T09:13:23Z,2021-09-20T09:13:23Z,2021-09-20T09:13:23Z,2,2
9dc02e0c-624b-81c6-716f-61be0fbb9e01,9dc02e0c-624b-81c6-4648-829d5074bf90,03dfce01-6bd0-35d5-8fee-a565965e5bfd,0133f751-9229-3cfd-815f-b6d4979bdd6a,,20,20,162673000,,,,,,,,,9dc02e0c-624b-81c6-bcbd-b8d1395990b3,2022-03-28T08:58:23Z,2022-03-28T08:58:23Z,03dfce01-6bd0-35d5-8fee-a565965e5bfd,CLOSED,CLOSED,CLOSED,0,0,0,2022-03-28T09:13:23Z,2022-03-28T09:13:23Z,2022-03-28T09:13:23Z,1,1
9dc02e0c-624b-81c6-69c6-915ec2597c0d,9dc02e0c-624b-81c6-4648-829d5074bf90,03dfce01-6bd0-35d5-8fee-a565965e5bfd,b046940f-1664-3047-bca7-dfa76be352a4,,20,20,162673000,,,,,,,,,9dc02e0c-624b-81c6-d533-5f0fde4e394c,2025-01-13T08:58:23Z,2025-01-13T08:58:23Z,03dfce01-6bd0-35d5-8fee-a565965e5bfd,CLOSED,CLOSED,CLOSED,0,0,0,2025-01-13T09:13:23Z,2025-01-13T09:13:23Z,2025-01-13T09:13:23Z,1,1
b329ef8d-a18b-a62f-379e-bdcacaff3042,b329ef8d-a18b-a62f-aa37-7b5ca4504f4b,7a6bad15-2e5a-3906-9b79-24e563647196,,,1,1,59621000,,,,,,,,,b329ef8d-a18b-a62f-4323-332cbbe395a3,2015-01-15T04:58:24Z,2015-02-14T04:58:24Z,7a6bad15-2e5a-3906-9b79-24e563647196,CLOSED,CLOSED,CLOSED,0,0,0,2015-02-14T05:13:24Z,2015-02-14T05:13:24Z,2015-02-14T05:13:24Z,2,2
b329ef8d-a18b-a62f-8271-67d84b4beb64,b329ef8d-a18b-a62f-aa37-7b5ca4504f4b,7a6bad15-2e5a-3906-9b79-24e563647196,,,1,1,59621000,,,,,,,,,b329ef8d-a18b-a62f-776e-00f3051e88e5,2015-01-15T04:58:24Z,2015-04-15T04:58:24Z,7a6bad15-2e5a-3906-9b79-24e563647196,CLOSED,CLOSED,CLOSED,0,0,0,2015-04-15T05:13:24Z,2015-04-15T05:13:24Z,2015-04-15T05:13:24Z,2,2
b329ef8d-a18b-a62f-d8a3-18b9b78fcbaf,b329ef8d-a18b-a62f-aa37-7b5ca4504f4b,7a6bad15-2e5a-3906-9b79-24e563647196,,,1,1,59621000,,,,,,,,,b329ef8d-a18b-a62f-776e-00f3051e88e5,2015-01-15T04:58:24Z,2015-04-15T04:58:24Z,7a6bad15-2e5a-3906-9b79-24e563647196,CLOSED,CLOSED,CLOSED,0,0,0,2015-04-15T05:13:24Z,2015-04-15T05:13:24Z,2015-04-15T05:13:24Z,2,2
b329ef8d-a18b-a62f-8930-756c1fa64bc6,b329ef8d-a18b-a62f-aa37-7b5ca4504f4b,907e2d31-3baf-3c68-a1c4-f5913db11e63,,,20,20,162673000,,,,,,,,,b329ef8d-a18b-a62f-2d96-d738836e4c71,2017-01-26T04:58:24Z,2017-01-26T04:58:24Z,907e2d31-3baf-3c68-a1c4-f5913db11e63,CLOSED,CLOSED,CLOSED,0,0,0,2017-01-26T05:13:24Z,2017-01-26T05:13:24Z,2017-01-26T05:13:24Z,2,2
b329ef8d-a18b-a62f-aa5a-e63346b24727,b329ef8d-a18b-a62f-aa37-7b5ca4504f4b,907e2d31-3baf-3c68-a1c4-f5913db11e63,,,20,20,162673000,,,,,,,,,b329ef8d-a18b-a62f-0785-488bb7c71791,2018-02-01T04:58:24Z,2018-02-01T04:58:24Z,907e2d31-3baf-3c68-a1c4-f5913db11e63,CLOSED,CLOSED,CLOSED,0,0,0,2018-02-01T05:13:24Z,2018-02-01T05:13:24Z,2018-02-01T05:13:24Z,2,2
b329ef8d-a18b-a62f-a9f8-29dd6db3bae7,b329ef8d-a18b-a62f-aa37-7b5ca4504f4b,907e2d31-3baf-3c68-a1c4-f5913db11e63,,,20,20,162673000,,,,,,,,,b329ef8d-a18b-a62f-4c80-0ed96d94cdcb,2019-02-07T04:58:24Z,2019-02-07T04:58:24Z,907e2d31-3baf-3c68-a1c4-f5913db11e63,CLOSED,CLOSED,CLOSED,0,0,0,2019-02-07T05:13:24Z,2019-02-07T05:13:24Z,2019-02-07T05:13:24Z,2,2
b329ef8d-a18b-a62f-e851-f0625716132f,b329ef8d-a18b-a62f-aa37-7b5ca4504f4b,907e2d31-3baf-3c68-a1c4-f5913db11e63,,,20,20,162673000,,,,,,,,,b329ef8d-a18b-a62f-5dcd-6bc33d8c5f8d,2020-02-13T04:58:24Z,2020-02-13T04:58:24Z,907e2d31-3baf-3c68-a1c4-f5913db11e63,CLOSED,CLOSED,CLOSED,0,0,0,2020-02-13T05:13:24Z,2020-02-13T05:13:24Z,2020-02-13T05:13:24Z,2,2
b329ef8d-a18b-a62f-bd19-88a369b13543,b329ef8d-a18b-a62f-aa37-7b5ca4504f4b,907e2d31-3baf-3c68-a1c4-f5913db11e63,,,20,20,162673000,,,,,,,,,b329ef8d-a18b-a62f-4acb-971f73a4b9fb,2021-02-18T04:58:24Z,2021-02-18T04:58:24Z,907e2d31-3baf-3c68-a1c4-f5913db11e63,CLOSED,CLOSED,CLOSED,0,0,0,2021-02-18T05:13:24Z,2021-02-18T05:13:24Z,2021-02-18T05:13:24Z,2,2
b329ef8d-a18b-a62f-7a38-add7843cf12f,b329ef8d-a18b-a62f-aa37-7b5ca4504f4b,7a6bad15-2e5a-3906-9b79-24e563647196,,,2,2,33879002,,,,,,,,,b329ef8d-a18b-a62f-aaf6-69cf657ba7d9,2021-04-15T04:58:24Z,2021-04-15T04:58:24Z,7a6bad15-2e5a-3906-9b79-24e563647196,CLOSED,CLOSED,CLOSED,0,0,0,2021-04-15T05:13:24Z,2021-04-15T05:13:24Z,2021-04-15T05:13:24Z,2,2
b329ef8d-a18b-a62f-87d1-8fbee173b132,b329ef8d-a18b-a62f-aa37-7b5ca4504f4b,7a6bad15-2e5a-3906-9b79-24e563647196,,,2,2,33879002,,,,,,,,,b329ef8d-a18b-a62f-3def-09139c97bbe0,2021-05-13T04:58:24Z,2021-05-13T04:58:24Z,7a6bad15-2e5a-3906-9b79-24e563647196,CLOSED,CLOSED,CLOSED,0,0,0,2021-05-13T05:13:24Z,2021-05-13T05:13:24Z,2021-05-13T05:13:24Z,2,2
b329ef8d-a18b-a62f-01c3-f5bdf50657fa,b329ef8d-a18b-a62f-aa37-7b5ca4504f4b,907e2d31-3baf-3c68-a1c4-f5913db11e63,,,20,20,162673000,,,,,,,,,b329ef8d-a18b-a62f-607a-22d536775dd5,2022-02-24T04:58:24Z,2022-02-24T04:58:24Z,907e2d31-3baf-3c68-a1c4-f5913db11e63,CLOSED,CLOSED,CLOSED,0,0,0,2022-02-24T05:13:24Z,2022-02-24T05:13:24Z,2022-02-24T05:13:24Z,2,2
b329ef8d-a18b-a62f-83fa-f8b7f9c39e32,b329ef8d-a18b-a62f-aa37-7b5ca4504f4b,907e2d31-3baf-3c68-a1c4-f5913db11e63,,,20,20,162673000,,,,,,,,,b329ef8d-a18b-a62f-9a58-30951fa94062,2023-03-02T04:58:24Z,2023-03-02T04:58:24Z,907e2d31-3baf-3c68-a1c4-f5913db11e63,CLOSED,CLOSED,CLOSED,0,0,0,2023-03-02T05:13:24Z,2023-03-02T05:13:24Z,2023-03-02T05:13:24Z,2,2
b329ef8d-a18b-a62f-a6e6-f06a3a4ee1b7,b329ef8d-a18b-a62f-aa37-7b5ca4504f4b,907e2d31-3baf-3c68-a1c4-f5913db11e63,,,20,20,162673000,,,,,,,,,b329ef8d-a18b-a62f-d0cf-c7f813820812,2024-03-07T04:58:24Z,2024-03-07T04:58:24Z,907e2d31-3baf-3c68-a1c4-f5913db11e63,CLOSED,CLOSED,CLOSED,0,0,0,2024-03-07T05:13:24Z,2024-03-07T05:13:24Z,2024-03-07T05:13:24Z,2,2
b329ef8d-a18b-a62f-9603-869f44531fb0,b329ef8d-a18b-a62f-aa37-7b5ca4504f4b,907e2d31-3baf-3c68-a1c4-f5913db11e63,,,20,20,162673000,,,,,,,,,b329ef8d-a18b-a62f-27d6-f39763397c0a,2025-03-13T04:58:24Z,2025-03-13T04:58:24Z,907e2d31-3baf-3c68-a1c4-f5913db11e63,CLOSED,CLOSED,CLOSED,0,0,0,2025-03-13T05:13:24Z,2025-03-13T05:13:24Z,2025-03-13T05:13:24Z,2,2
b329ef8d-a18b-a62f-c980-4fe5a2680e79,b329ef8d-a18b-a62f-aa37-7b5ca4504f4b,907e2d31-3baf-3c68-a1c4-f5913db11e63,,,20,20,162673000,,,,,,,,,b329ef8d-a18b-a62f-33e0-3e6d69bbe681,2026-03-19T04:58:24Z,2026-03-19T04:58:24Z,907e2d31-3baf-3c68-a1c4-f5913db11e63,CLOSED,CLOSED,CLOSED,0,0,0,2026-03-19T05:13:24Z,2026-03-19T05:13:24Z,2026-03-19T05:13:24Z,2,2
5fd603dd-1d6a-62be-5af4-538ca7e0bdd5,5fd603dd-1d6a-62be-0862-67ff6e3978b5,37cc49ec-81d3-3b99-8c3e-2125753db088,df166300-5a78-3502-a46a-832842197811,,2,2,33879002,,,,,,,,,5fd603dd-1d6a-62be-09a2-16483fc50a41,2025-04-27T09:46:50Z,2025-04-27T09:46:50Z,37cc49ec-81d3-3b99-8c3e-2125753db088,CLOSED,CLOSED,CLOSED,0,0,0,2025-04-27T10:01:50Z,2025-04-27T10:01:50Z,2025-04-27T10:01:50Z,2,2
5fd603dd-1d6a-62be-3d3b-66503789b18e,5fd603dd-1d6a-62be-0862-67ff6e3978b5,37cc49ec-81d3-3b99-8c3e-2125753db088,df166300-5a78-3502-a46a-832842197811,,2,2,33879002,,,,,,,,,5fd603dd-1d6a-62be-eac4-ed709cd2365d,2025-05-25T09:46:50Z,2025-05-25T09:46:50Z,37cc49ec-81d3-3b99-8c3e-2125753db088,CLOSED,CLOSED,CLOSED,0,0,0,2025-05-25T10:01:50Z,2025-05-25T10:01:50Z,2025-05-25T10:01:50Z,2,2
5fd603dd-1d6a-62be-c151-0b5bd39a2dc8,5fd603dd-1d6a-62be-0862-67ff6e3978b5,fbd06a20-32c5-368e-9346-c310d02ee023,df166300-5a78-3502-a46a-832842197811,,10,10,410620009,,,,,,,,,5fd603dd-1d6a-62be-d06a-abdfb3e8a82c,2026-04-12T09:46:50Z,2026-04-12T09:46:50Z,fbd06a20-32c5-368e-9346-c310d02ee023,CLOSED,CLOSED,CLOSED,0,0,0,2026-04-12T10:01:50Z,2026-04-12T10:01:50Z,2026-04-12T10:01:50Z,1,1
a0c03c21-c7e2-54b4-c607-ca8399562aa0,a0c03c21-c7e2-54b4-175d-a01e8ba6de7b,133d2034-28fc-32aa-988a-ad30f310b9c9,b046940f-1664-3047-bca7-dfa76be352a4,,10,10,410620009,,,,,,,,,a0c03c21-c7e2-54b4-23b5-92e0cde33ada,2017-01-21T14:44:48Z,2017-01-21T14:44:48Z,133d2034-28fc-32aa-988a-ad30f310b9c9,CLOSED,CLOSED,CLOSED,0,0,0,2017-01-21T14:59:48Z,2017-01-21T14:59:48Z,2017-01-21T14:59:48Z,1,1
a0c03c21-c7e2-54b4-4bc1-132659b9e4bc,a0c03c21-c7e2-54b4-175d-a01e8ba6de7b,133d2034-28fc-32aa-988a-ad30f310b9c9,b046940f-1664-3047-bca7-dfa76be352a4,,10,10,410620009,,,,,,,,,a0c03c21-c7e2-54b4-676a-692ce838ad9e,2018-01-27T14:44:48Z,2018-01-27T14:44:48Z,133d2034-28fc-32aa-988a-ad30f310b9c9,CLOSED,CLOSED,CLOSED,0,0,0,2018-01-27T14:59:48Z,2018-01-27T14:59:48Z,2018-01-27T14:59:48Z,1,1
a0c03c21-c7e2-54b4-7c90-94dd2912c75f,a0c03c21-c7e2-54b4-175d-a01e8ba6de7b,133d2034-28fc-32aa-988a-ad30f310b9c9,b046940f-1664-3047-bca7-dfa76be352a4,,10,10,410620009,,,,,,,,,a0c03c21-c7e2-54b4-1924-8ece4e802be0,2019-02-02T14:44:48Z,2019-02-02T14:44:48Z,133d2034-28fc-32aa-988a-ad30f310b9c9,CLOSED,CLOSED,CLOSED,0,0,0,2019-02-02T14:59:48Z,2019-02-02T14:59:48Z,2019-02-02T14:59:48Z,1,1
a0c03c21-c7e2-54b4-9a52-d4874996fc5f,a0c03c21-c7e2-54b4-175d-a01e8ba6de7b,133d2034-28fc-32aa-988a-ad30f310b9c9,b046940f-1664-3047-bca7-dfa76be352a4,,10,10,410620009,,,,,,,,,a0c03c21-c7e2-54b4-d383-e456f786ea61,2020-02-08T14:44:48Z,2020-02-08T14:44:48Z,133d2034-28fc-32aa-988a-ad30f310b9c9,CLOSED,CLOSED,CLOSED,0,0,0,2020-02-08T14:59:48Z,2020-02-08T14:59:48Z,2020-02-08T14:59:48Z,1,1
a0c03c21-c7e2-54b4-07bb-94192e408042,a0c03c21-c7e2-54b4-175d-a01e8ba6de7b,133d2034-28fc-32aa-988a-ad30f310b9c9,b046940f-1664-3047-bca7-dfa76be352a4,,10,10,410620009,,,,,,,,,a0c03c21-c7e2-54b4-6006-d2f36e3ca1a4,2021-02-13T14:44:48Z,2021-02-13T14:44:48Z,133d2034-28fc-32aa-988a-ad30f310b9c9,CLOSED,CLOSED,CLOSED,0,0,0,2021-02-13T14:59:48Z,2021-02-13T14:59:48Z,2021-02-13T14:59:48Z,1,1
a0c03c21-c7e2-54b4-2208-04e6ed0e693a,a0c03c21-c7e2-54b4-175d-a01e8ba6de7b,133d2034-28fc-32aa-988a-ad30f310b9c9,b046940f-1664-3047-bca7-dfa76be352a4,,10,10,410620009,,,,,,,,,a0c03c21-c7e2-54b4-90ed-6a09e6d2d692,2022-02-19T14:44:48Z,2022-02-19T14:44:48Z,133d2034-28fc-32aa-988a-ad30f310b9c9,CLOSED,CLOSED,CLOSED,0,0,0,2022-02-19T14:59:48Z,2022-02-19T14:59:48Z,2022-02-19T14:59:48Z,1,1
a0c03c21-c7e2-54b4-5346-3a796b94ecae,a0c03c21-c7e2-54b4-175d-a01e8ba6de7b,133d2034-28fc-32aa-988a-ad30f310b9c9,b046940f-1664-3047-bca7-dfa76be352a4,,10,10,410620009,,,,,,,,,a0c03c21-c7e2-54b4-4dd2-4c09014441b3,2023-02-25T14:44:48Z,2023-02-25T14:44:48Z,133d2034-28fc-32aa-988a-ad30f310b9c9,CLOSED,CLOSED,CLOSED,0,0,0,2023-02-25T14:59:48Z,2023-02-25T14:59:48Z,2023-02-25T14:59:48Z,1,1
a0c03c21-c7e2-54b4-2301-9eb1b4418b89,a0c03c21-c7e2-54b4-175d-a01e8ba6de7b,133d2034-28fc-32aa-988a-ad30f310b9c9,b046940f-1664-3047-bca7-dfa76be352a4,,10,10,410620009,,,,,,,,,a0c03c21-c7e2-54b4-f1e7-d2f5f8eb16d7,2024-03-02T14:44:48Z,2024-03-02T14:44:48Z,133d2034-28fc-32aa-988a-ad30f310b9c9,CLOSED,CLOSED,CLOSED,0,0,0,2024-03-02T14:59:48Z,2024-03-02T14:59:48Z,2024-03-02T14:59:48Z,1,1
a0c03c21-c7e2-54b4-65ae-773dde5570fd,a0c03c21-c7e2-54b4-175d-a01e8ba6de7b,133d2034-28fc-32aa-988a-ad30f310b9c9,b046940f-1664-3047-bca7-dfa76be352a4,,10,10,410620009,,,,,,,,,a0c03c21-c7e2-54b4-e1fa-d15dfc21bb64,2025-03-08T14:44:48Z,2025-03-08T14:44:48Z,133d2034-28fc-32aa-988a-ad30f310b9c9,CLOSED,CLOSED,CLOSED,0,0,0,2025-03-08T14:59:48Z,2025-03-08T14:59:48Z,2025-03-08T14:59:48Z,1,1
a0c03c21-c7e2-54b4-5b51-975b392c6637,a0c03c21-c7e2-54b4-175d-a01e8ba6de7b,133d2034-28fc-32aa-988a-ad30f310b9c9,b046940f-1664-3047-bca7-dfa76be352a4,,10,10,410620009,,,,,,,,,a0c03c21-c7e2-54b4-bbbf-c16e751e0cb7,2026-03-14T14:44:48Z,2026-03-14T14:44:48Z,133d2034-28fc-32aa-988a-ad30f310b9c9,CLOSED,CLOSED,CLOSED,0,0,0,2026-03-14T14:59:48Z,2026-03-14T14:59:48Z,2026-03-14T14:59:48Z,1,1
5efaa97c-4a6c-5f10-ee5e-1523e24d6720,5efaa97c-4a6c-5f10-2c9c-8ffdefa57893,7230573f-7170-3b07-8a95-0094d3441be6,0133f751-9229-3cfd-815f-b6d4979bdd6a,,20,20,59621000,,,,,,,,,5efaa97c-4a6c-5f10-436f-f46efbed2c86,2018-09-04T22:21:47Z,2018-09-04T22:21:47Z,7230573f-7170-3b07-8a95-0094d3441be6,CLOSED,CLOSED,CLOSED,0,0,0,2018-09-04T22:36:47Z,2018-09-04T22:36:47Z,2018-09-04T22:36:47Z,1,1
5efaa97c-4a6c-5f10-2c97-9a34bf55d3c0,5efaa97c-4a6c-5f10-2c9c-8ffdefa57893,7230573f-7170-3b07-8a95-0094d3441be6,0133f751-9229-3cfd-815f-b6d4979bdd6a,,20,20,59621000,,,,,,,,,5efaa97c-4a6c-5f10-436f-f46efbed2c86,2018-09-04T22:21:47Z,2018-09-04T22:21:47Z,7230573f-7170-3b07-8a95-0094d3441be6,CLOSED,CLOSED,CLOSED,0,0,0,2018-09-04T22:36:47Z,2018-09-04T22:36:47Z,2018-09-04T22:36:47Z,1,1
e89af71d-4aa4-2237-bc05-d737a8143ab9,e89af71d-4aa4-2237-e71d-6fa8e4b5af09,03a7865c-43ff-3971-9212-c6a1c5d975ec,0133f751-9229-3cfd-815f-b6d4979bdd6a,,10,10,410620009,,,,,,,,,e89af71d-4aa4-2237-8616-3d2429de6779,2017-05-08T19:52:26Z,2017-05-08T19:52:26Z,03a7865c-43ff-3971-9212-c6a1c5d975ec,CLOSED,CLOSED,CLOSED,0,0,0,2017-05-08T20:07:26Z,2017-05-08T20:07:26Z,2017-05-08T20:07:26Z,1,1
b27ee48d-2590-6e78-d66d-f6890184a638,b27ee48d-2590-6e78-ee68-28a31a2b37e1,e53dbc35-e356-3f07-84c8-edadd77e3d19,0133f751-9229-3cfd-815f-b6d4979bdd6a,,20,20,162673000,,,,,,,,,b27ee48d-2590-6e78-53a7-00894b392ed9,2017-01-17T14:54:27Z,2017-01-17T14:54:27Z,e53dbc35-e356-3f07-84c8-edadd77e3d19,CLOSED,CLOSED,CLOSED,0,0,0,2017-01-17T15:09:27Z,2017-01-17T15:09:27Z,2017-01-17T15:09:27Z,1,1
df2f3ddb-2760-b3c7-f527-429c65ba67db,df2f3ddb-2760-b3c7-40be-f2fbee474089,5f4d0e02-12fc-3322-adb3-424dc3ae8683,26aab0cd-6aba-3e1b-ac5b-05c8867e762c,,20,20,59621000,,,,,,,,,df2f3ddb-2760-b3c7-40db-0e9af862109e,2015-11-28T08:37:11Z,2015-11-28T08:37:11Z,5f4d0e02-12fc-3322-adb3-424dc3ae8683,CLOSED,CLOSED,CLOSED,0,0,0,2015-11-28T08:52:11Z,2015-11-28T08:52:11Z,2015-11-28T08:52:11Z,1,1
5efaa97c-4a6c-5f10-8e0f-df88171e0828,5efaa97c-4a6c-5f10-2c9c-8ffdefa57893,ca366103-eec5-3bee-8095-d67d4a7c4aaa,0133f751-9229-3cfd-815f-b6d4979bdd6a,,1,1,59621000,,,,,,,,,5efaa97c-4a6c-5f10-05ac-d194b4bc3b14,2018-09-04T22:21:47Z,2018-10-04T22:21:47Z,ca366103-eec5-3bee-8095-d67d4a7c4aaa,CLOSED,CLOSED,CLOSED,0,0,0,2018-10-04T22:36:47Z,2018-10-04T22:36:47Z,2018-10-04T22:36:47Z,2,2
df2f3ddb-2760-b3c7-64a9-ca638edcd41d,df2f3ddb-2760-b3c7-40be-f2fbee474089,5f4d0e02-12fc-3322-adb3-424dc3ae8683,26aab0cd-6aba-3e1b-ac5b-05c8867e762c,,20,20,59621000,,,,,,,,,df2f3ddb-2760-b3c7-40db-0e9af862109e,2015-11-28T08:37:11Z,2015-11-28T08:37:11Z,5f4d0e02-12fc-3322-adb3-424dc3ae8683,CLOSED,CLOSED,CLOSED,0,0,0,2015-11-28T08:52:11Z,2015-11-28T08:52:11Z,2015-11-28T08:52:11Z,1,1
3236b1f8-2bc1-3e38-d29b-b40e21857033,3236b1f8-2bc1-3e38-c539-a29407c6a206,0fa22d73-1b56-3754-88ec-d095920086b9,26aab0cd-6aba-3e1b-ac5b-05c8867e762c,,10,10,410620009,,,,,,,,,3236b1f8-2bc1-3e38-17f3-173a9e690bc8,2016-08-11T18:41:19Z,2016-08-11T18:41:19Z,0fa22d73-1b56-3754-88ec-d095920086b9,CLOSED,CLOSED,CLOSED,0,0,0,2016-08-11T18:56:19Z,2016-08-11T18:56:19Z,2016-08-11T18:56:19Z,1,1
5efaa97c-4a6c-5f10-ab0b-d7f6018919ea,5efaa97c-4a6c-5f10-2c9c-8ffdefa57893,ca366103-eec5-3bee-8095-d67d4a7c4aaa,0133f751-9229-3cfd-815f-b6d4979bdd6a,,1,1,59621000,,,,,,,,,5efaa97c-4a6c-5f10-22a2-a8098ac147b7,2018-09-04T22:21:47Z,2018-12-03T22:21:47Z,ca366103-eec5-3bee-8095-d67d4a7c4aaa,CLOSED,CLOSED,CLOSED,0,0,0,2018-12-03T22:36:47Z,2018-12-03T22:36:47Z,2018-12-03T22:36:47Z,2,2
5efaa97c-4a6c-5f10-3cbb-91385c1e5188,5efaa97c-4a6c-5f10-2c9c-8ffdefa57893,ca366103-eec5-3bee-8095-d67d4a7c4aaa,0133f751-9229-3cfd-815f-b6d4979bdd6a,,1,1,59621000,,,,,,,,,5efaa97c-4a6c-5f10-039d-d3268c6882de,2018-09-04T22:21:47Z,2019-02-01T22:21:47Z,ca366103-eec5-3bee-8095-d67d4a7c4aaa,CLOSED,CLOSED,CLOSED,0,0,0,2019-02-01T22:36:47Z,2019-02-01T22:36:47Z,2019-02-01T22:36:47Z,2,2
5efaa97c-4a6c-5f10-384f-966418b4d2fa,5efaa97c-4a6c-5f10-2c9c-8ffdefa57893,7230573f-7170-3b07-8a95-0094d3441be6,0133f751-9229-3cfd-815f-b6d4979bdd6a,,20,20,162673000,,,,,,,,,5efaa97c-4a6c-5f10-65c0-91f3be22fdf0,2019-09-10T22:21:47Z,2019-09-10T22:21:47Z,7230573f-7170-3b07-8a95-0094d3441be6,CLOSED,CLOSED,CLOSED,0,0,0,2019-09-10T22:36:47Z,2019-09-10T22:36:47Z,2019-09-10T22:36:47Z,1,1
e89af71d-4aa4-2237-e730-4652e42908a6,e89af71d-4aa4-2237-e71d-6fa8e4b5af09,03a7865c-43ff-3971-9212-c6a1c5d975ec,734afbd6-4794-363b-9bc0-6a3981533ed5,,10,10,410620009,,,,,,,,,e89af71d-4aa4-2237-a7c5-923e7345a6cb,2018-05-14T19:52:26Z,2018-05-14T19:52:26Z,03a7865c-43ff-3971-9212-c6a1c5d975ec,CLOSED,CLOSED,CLOSED,0,0,0,2018-05-14T20:07:26Z,2018-05-14T20:07:26Z,2018-05-14T20:07:26Z,1,1
df2f3ddb-2760-b3c7-0c12-d01adebbc9c0,df2f3ddb-2760-b3c7-40be-f2fbee474089,5f4d0e02-12fc-3322-adb3-424dc3ae8683,26aab0cd-6aba-3e1b-ac5b-05c8867e762c,,20,20,162673000,,,,,,,,,df2f3ddb-2760-b3c7-d4f2-7aaa6ce6fcd5,2016-12-03T08:37:11Z,2016-12-03T08:37:11Z,5f4d0e02-12fc-3322-adb3-424dc3ae8683,CLOSED,CLOSED,CLOSED,0,0,0,2016-12-03T08:52:11Z,2016-12-03T08:52:11Z,2016-12-03T08:52:11Z,1,1
5efaa97c-4a6c-5f10-53f5-90ccb04ca984,5efaa97c-4a6c-5f10-2c9c-8ffdefa57893,7230573f-7170-3b07-8a95-0094d3441be6,734afbd6-4794-363b-9bc0-6a3981533ed5,,20,20,162673000,,,,,,,,,5efaa97c-4a6c-5f10-4807-b97cd02f8c01,2020-09-15T22:21:47Z,2020-09-15T22:21:47Z,7230573f-7170-3b07-8a95-0094d3441be6,CLOSED,CLOSED,CLOSED,0,0,0,2020-09-15T22:36:47Z,2020-09-15T22:36:47Z,2020-09-15T22:36:47Z,1,1
5efaa97c-4a6c-5f10-ace6-2f0f236790d3,5efaa97c-4a6c-5f10-2c9c-8ffdefa57893,ca366103-eec5-3bee-8095-d67d4a7c4aaa,734afbd6-4794-363b-9bc0-6a3981533ed5,,2,2,33879002,,,,,,,,,5efaa97c-4a6c-5f10-af30-87ef476e1df8,2021-09-14T22:21:47Z,2021-09-14T22:21:47Z,ca366103-eec5-3bee-8095-d67d4a7c4aaa,CLOSED,CLOSED,CLOSED,0,0,0,2021-09-14T22:36:47Z,2021-09-14T22:36:47Z,2021-09-14T22:36:47Z,2,2
5efaa97c-4a6c-5f10-87f5-bc1dfacf3459,5efaa97c-4a6c-5f10-2c9c-8ffdefa57893,7230573f-7170-3b07-8a95-0094d3441be6,734afbd6-4794-363b-9bc0-6a3981533ed5,,20,20,162673000,,,,,,,,,5efaa97c-4a6c-5f10-3f1b-876a9e05e02b,2021-09-21T22:21:47Z,2021-09-21T22:21:47Z,7230573f-7170-3b07-8a95-0094d3441be6,CLOSED,CLOSED,CLOSED,0,0,0,2021-09-21T22:36:47Z,2021-09-21T22:36:47Z,2021-09-21T22:36:47Z,1,1
5efaa97c-4a6c-5f10-46e9-ad7c9b100da5,5efaa97c-4a6c-5f10-2c9c-8ffdefa57893,ca366103-eec5-3bee-8095-d67d4a7c4aaa,734afbd6-4794-363b-9bc0-6a3981533ed5,,2,2,33879002,,,,,,,,,5efaa97c-4a6c-5f10-125e-6a610bd275b8,2021-10-05T22:21:47Z,2021-10-05T22:21:47Z,ca366103-eec5-3bee-8095-d67d4a7c4aaa,CLOSED,CLOSED,CLOSED,0,0,0,2021-10-05T22:36:47Z,2021-10-05T22:36:47Z,2021-10-05T22:36:47Z,2,2
5efaa97c-4a6c-5f10-5929-9f13421ea5ec,5efaa97c-4a6c-5f10-2c9c-8ffdefa57893,7230573f-7170-3b07-8a95-0094d3441be6,734afbd6-4794-363b-9bc0-6a3981533ed5,,20,20,162673000,,,,,,,,,5efaa97c-4a6c-5f10-70f8-9d0c1690d859,2022-09-27T22:21:47Z,2022-09-27T22:21:47Z,7230573f-7170-3b07-8a95-0094d3441be6,CLOSED,CLOSED,CLOSED,0,0,0,2022-09-27T22:36:47Z,2022-09-27T22:36:47Z,2022-09-27T22:36:47Z,1,1
5efaa97c-4a6c-5f10-196b-a7cd05dc269d,5efaa97c-4a6c-5f10-2c9c-8ffdefa57893,7230573f-7170-3b07-8a95-0094d3441be6,734afbd6-4794-363b-9bc0-6a3981533ed5,,20,20,162673000,,,,,,,,,5efaa97c-4a6c-5f10-d81b-05b6632bbf97,2023-10-03T22:21:47Z,2023-10-03T22:21:47Z,7230573f-7170-3b07-8a95-0094d3441be6,CLOSED,CLOSED,CLOSED,0,0,0,2023-10-03T22:36:47Z,2023-10-03T22:36:47Z,2023-10-03T22:36:47Z,1,1
5efaa97c-4a6c-5f10-0c7e-c304242ace88,5efaa97c-4a6c-5f10-2c9c-8ffdefa57893,7230573f-7170-3b07-8a95-0094d3441be6,734afbd6-4794-363b-9bc0-6a3981533ed5,,20,20,162673000,,,,,,,,,5efaa97c-4a6c-5f10-ce48-c38cd37bdec7,2024-10-08T22:21:47Z,2024-10-08T22:21:47Z,7230573f-7170-3b07-8a95-0094d3441be6,CLOSED,CLOSED,CLOSED,0,0,0,2024-10-08T22:36:47Z,2024-10-08T22:36:47Z,2024-10-08T22:36:47Z,1,1
5efaa97c-4a6c-5f10-f2fb-82893dc76aab,5efaa97c-4a6c-5f10-2c9c-8ffdefa57893,7230573f-7170-3b07-8a95-0094d3441be6,734afbd6-4794-363b-9bc0-6a3981533ed5,,20,20,162673000,,,,,,,,,5efaa97c-4a6c-5f10-ecdc-8f7ecae74d88,2025-10-14T22:21:47Z,2025-10-14T22:21:47Z,7230573f-7170-3b07-8a95-0094d3441be6,CLOSED,CLOSED,CLOSED,0,0,0,2025-10-14T22:36:47Z,2025-10-14T22:36:47Z,2025-10-14T22:36:47Z,1,1
e89af71d-4aa4-2237-0f69-6a5d375303d3,e89af71d-4aa4-2237-e71d-6fa8e4b5af09,03a7865c-43ff-3971-9212-c6a1c5d975ec,8fa6c185-e44e-3e34-8bd8-39be8694f4ce,,10,10,410620009,,,,,,,,,e89af71d-4aa4-2237-8ead-82a9556ab45a,2019-05-20T19:52:26Z,2019-05-20T19:52:26Z,03a7865c-43ff-3971-9212-c6a1c5d975ec,CLOSED,CLOSED,CLOSED,0,0,0,2019-05-20T20:07:26Z,2019-05-20T20:07:26Z,2019-05-20T20:07:26Z,1,1
df2f3ddb-2760-b3c7-427f-b178addfb069,df2f3ddb-2760-b3c7-40be-f2fbee474089,5f4d0e02-12fc-3322-adb3-424dc3ae8683,26aab0cd-6aba-3e1b-ac5b-05c8867e762c,,20,20,162673000,,,,,,,,,df2f3ddb-2760-b3c7-35a4-82ea033d3f3d,2017-12-09T08:37:11Z,2017-12-09T08:37:11Z,5f4d0e02-12fc-3322-adb3-424dc3ae8683,CLOSED,CLOSED,CLOSED,0,0,0,2017-12-09T08:52:11Z,2017-12-09T08:52:11Z,2017-12-09T08:52:11Z,1,1
cf22cde5-48e9-1907-0893-517a888224ea,cf22cde5-48e9-1907-78ec-42abd6782fbe,4d668306-f926-3583-aa3a-62498e05fc52,df166300-5a78-3502-a46a-832842197811,,20,20,162673000,,,,,,,,,cf22cde5-48e9-1907-6bb4-480cd2a8761a,2016-10-05T19:46:17Z,2016-10-05T19:46:17Z,4d668306-f926-3583-aa3a-62498e05fc52,CLOSED,CLOSED,CLOSED,0,0,0,2016-10-05T20:01:17Z,2016-10-05T20:01:17Z,2016-10-05T20:01:17Z,1,1
b27ee48d-2590-6e78-b74e-a0694514035b,b27ee48d-2590-6e78-ee68-28a31a2b37e1,e53dbc35-e356-3f07-84c8-edadd77e3d19,8fa6c185-e44e-3e34-8bd8-39be8694f4ce,,20,20,162673000,,,,,,,,,b27ee48d-2590-6e78-d3b0-040a9fd83a1b,2020-01-21T14:54:27Z,2020-01-21T14:54:27Z,e53dbc35-e356-3f07-84c8-edadd77e3d19,CLOSED,CLOSED,CLOSED,0,0,0,2020-01-21T15:09:27Z,2020-01-21T15:09:27Z,2020-01-21T15:09:27Z,1,1
cf22cde5-48e9-1907-75e3-62a5acc3fcbd,cf22cde5-48e9-1907-78ec-42abd6782fbe,4d668306-f926-3583-aa3a-62498e05fc52,df166300-5a78-3502-a46a-832842197811,,20,20,162673000,,,,,,,,,cf22cde5-48e9-1907-b30e-3e8f0a3f790d,2017-10-11T19:46:17Z,2017-10-11T19:46:17Z,4d668306-f926-3583-aa3a-62498e05fc52,CLOSED,CLOSED,CLOSED,0,0,0,2017-10-11T20:01:17Z,2017-10-11T20:01:17Z,2017-10-11T20:01:17Z,1,1
e89af71d-4aa4-2237-fec7-d79591fd3d80,e89af71d-4aa4-2237-e71d-6fa8e4b5af09,03a7865c-43ff-3971-9212-c6a1c5d975ec,8fa6c185-e44e-3e34-8bd8-39be8694f4ce,,10,10,410620009,,,,,,,,,e89af71d-4aa4-2237-2e3d-59d894f71bc4,2020-05-25T19:52:26Z,2020-05-25T19:52:26Z,03a7865c-43ff-3971-9212-c6a1c5d975ec,CLOSED,CLOSED,CLOSED,0,0,0,2020-05-25T20:07:26Z,2020-05-25T20:07:26Z,2020-05-25T20:07:26Z,1,1
cf22cde5-48e9-1907-7749-70383b83dca1,cf22cde5-48e9-1907-78ec-42abd6782fbe,4d668306-f926-3583-aa3a-62498e05fc52,df166300-5a78-3502-a46a-832842197811,,20,20,162673000,,,,,,,,,cf22cde5-48e9-1907-e235-527b16d9d9e0,2020-10-14T19:46:17Z,2020-10-14T19:46:17Z,4d668306-f926-3583-aa3a-62498e05fc52,CLOSED,CLOSED,CLOSED,0,0,0,2020-10-14T20:01:17Z,2020-10-14T20:01:17Z,2020-10-14T20:01:17Z,1,1
df2f3ddb-2760-b3c7-9edb-38fb34e80fd1,df2f3ddb-2760-b3c7-40be-f2fbee474089,5f4d0e02-12fc-3322-adb3-424dc3ae8683,26aab0cd-6aba-3e1b-ac5b-05c8867e762c,,20,20,162673000,,,,,,,,,df2f3ddb-2760-b3c7-d173-7c8d5a85e1e1,2018-12-15T08:37:11Z,2018-12-15T08:37:11Z,5f4d0e02-12fc-3322-adb3-424dc3ae8683,CLOSED,CLOSED,CLOSED,0,0,0,2018-12-15T08:52:11Z,2018-12-15T08:52:11Z,2018-12-15T08:52:11Z,1,1
3236b1f8-2bc1-3e38-a8b2-129b8f82eb92,3236b1f8-2bc1-3e38-c539-a29407c6a206,0fa22d73-1b56-3754-88ec-d095920086b9,26aab0cd-6aba-3e1b-ac5b-05c8867e762c,,10,10,410620009,,,,,,,,,3236b1f8-2bc1-3e38-e84f-928a5f56313d,2017-08-17T18:41:19Z,2017-08-17T18:41:19Z,0fa22d73-1b56-3754-88ec-d095920086b9,CLOSED,CLOSED,CLOSED,0,0,0,2017-08-17T18:56:19Z,2017-08-17T18:56:19Z,2017-08-17T18:56:19Z,1,1
cf22cde5-48e9-1907-1e01-359bdbe402ce,cf22cde5-48e9-1907-78ec-42abd6782fbe,d4cd019c-151a-38b1-8a9c-5b666db595f0,df166300-5a78-3502-a46a-832842197811,,2,2,33879002,,,,,,,,,cf22cde5-48e9-1907-16f1-ef19dc6d3224,2021-03-24T19:46:17Z,2021-03-24T19:46:17Z,d4cd019c-151a-38b1-8a9c-5b666db595f0,CLOSED,CLOSED,CLOSED,0,0,0,2021-03-24T20:01:17Z,2021-03-24T20:01:17Z,2021-03-24T20:01:17Z,2,2
4e3a6f7b-ffb9-5478-f499-6aba2a812b76,4e3a6f7b-ffb9-5478-ae0f-e03a42891892,c861207f-efa4-3a0f-89c5-5835d4ad1a54,26aab0cd-6aba-3e1b-ac5b-05c8867e762c,,10,10,410620009,,,,,,,,,4e3a6f7b-ffb9-5478-48b2-855bcf9e4f87,2016-08-04T02:46:08Z,2016-08-04T02:46:08Z,c861207f-efa4-3a0f-89c5-5835d4ad1a54,CLOSED,CLOSED,CLOSED,0,0,0,2016-08-04T03:01:08Z,2016-08-04T03:01:08Z,2016-08-04T03:01:08Z,1,1
b27ee48d-2590-6e78-075e-0ee14c20ce32,b27ee48d-2590-6e78-ee68-28a31a2b37e1,19340fc4-fd1f-3490-a939-c9596a72907a,8fa6c185-e44e-3e34-8bd8-39be8694f4ce,,2,2,33879002,,,,,,,,,b27ee48d-2590-6e78-fdcd-7f244fa07122,2021-04-13T14:54:27Z,2021-04-13T14:54:27Z,19340fc4-fd1f-3490-a939-c9596a72907a,CLOSED,CLOSED,CLOSED,0,0,0,2021-04-13T15:09:27Z,2021-04-13T15:09:27Z,2021-04-13T15:09:27Z,2,2
cf22cde5-48e9-1907-20db-9cfaeb9320e1,cf22cde5-48e9-1907-78ec-42abd6782fbe,d4cd019c-151a-38b1-8a9c-5b666db595f0,df166300-5a78-3502-a46a-832842197811,,2,2,33879002,,,,,,,,,cf22cde5-48e9-1907-a4a6-d443fd7f3373,2021-04-14T19:46:17Z,2021-04-14T19:46:17Z,d4cd019c-151a-38b1-8a9c-5b666db595f0,CLOSED,CLOSED,CLOSED,0,0,0,2021-04-14T20:01:17Z,2021-04-14T20:01:17Z,2021-04-14T20:01:17Z,2,2
df2f3ddb-2760-b3c7-870c-19f620d306f9,df2f3ddb-2760-b3c7-40be-f2fbee474089,5f4d0e02-12fc-3322-adb3-424dc3ae8683,26aab0cd-6aba-3e1b-ac5b-05c8867e762c,,20,20,162673000,,,,,,,,,df2f3ddb-2760-b3c7-7624-58920cfc7d5b,2019-12-21T08:37:11Z,2019-12-21T08:37:11Z,5f4d0e02-12fc-3322-adb3-424dc3ae8683,CLOSED,CLOSED,CLOSED,0,0,0,2019-12-21T08:52:11Z,2019-12-21T08:52:11Z,2019-12-21T08:52:11Z,1,1
e89af71d-4aa4-2237-3263-89171ea94857,e89af71d-4aa4-2237-e71d-6fa8e4b5af09,03a7865c-43ff-3971-9212-c6a1c5d975ec,8fa6c185-e44e-3e34-8bd8-39be8694f4ce,,10,10,410620009,,,,,,,,,e89af71d-4aa4-2237-092f-e7658c5efd80,2021-05-31T19:52:26Z,2021-05-31T19:52:26Z,03a7865c-43ff-3971-9212-c6a1c5d975ec,CLOSED,CLOSED,CLOSED,0,0,0,2021-05-31T20:07:26Z,2021-05-31T20:07:26Z,2021-05-31T20:07:26Z,1,1
e89af71d-4aa4-2237-1331-dc33ab6af813,e89af71d-4aa4-2237-e71d-6fa8e4b5af09,c183328c-7e93-3b79-bf6a-2fb759d1178a,8fa6c185-e44e-3e34-8bd8-39be8694f4ce,,2,2,33879002,,,,,,,,,e89af71d-4aa4-2237-928b-0f674c048e99,2021-09-13T19:52:26Z,2021-09-13T19:52:26Z,c183328c-7e93-3b79-bf6a-2fb759d1178a,CLOSED,CLOSED,CLOSED,0,0,0,2021-09-13T20:07:26Z,2021-09-13T20:07:26Z,2021-09-13T20:07:26Z,2,2
e89af71d-4aa4-2237-1d7b-62255cf35549,e89af71d-4aa4-2237-e71d-6fa8e4b5af09,c183328c-7e93-3b79-bf6a-2fb759d1178a,8fa6c185-e44e-3e34-8bd8-39be8694f4ce,,2,2,33879002,,,,,,,,,e89af71d-4aa4-2237-979d-be77b5a18f06,2021-10-04T19:52:26Z,2021-10-04T19:52:26Z,c183328c-7e93-3b79-bf6a-2fb759d1178a,CLOSED,CLOSED,CLOSED,0,0,0,2021-10-04T20:07:26Z,2021-10-04T20:07:26Z,2021-10-04T20:07:26Z,2,2
3236b1f8-2bc1-3e38-200b-9c70a4b5fc0e,3236b1f8-2bc1-3e38-c539-a29407c6a206,0fa22d73-1b56-3754-88ec-d095920086b9,26aab0cd-6aba-3e1b-ac5b-05c8867e762c,,10,10,410620009,,,,,,,,,3236b1f8-2bc1-3e38-3103-87762cba5d54,2018-08-23T18:41:19Z,2018-08-23T18:41:19Z,0fa22d73-1b56-3754-88ec-d095920086b9,CLOSED,CLOSED,CLOSED,0,0,0,2018-08-23T18:56:19Z,2018-08-23T18:56:19Z,2018-08-23T18:56:19Z,1,1
e89af71d-4aa4-2237-a6d6-ff8fb6f915b2,e89af71d-4aa4-2237-e71d-6fa8e4b5af09,03a7865c-43ff-3971-9212-c6a1c5d975ec,734afbd6-4794-363b-9bc0-6a3981533ed5,,20,20,162673000,,,,,,,,,e89af71d-4aa4-2237-60ad-5189196bd2df,2022-06-06T19:52:26Z,2022-06-06T19:52:26Z,03a7865c-43ff-3971-9212-c6a1c5d975ec,CLOSED,CLOSED,CLOSED,0,0,0,2022-06-06T20:07:26Z,2022-06-06T20:07:26Z,2022-06-06T20:07:26Z,1,1
3236b1f8-2bc1-3e38-9689-f799a7ad6de8,3236b1f8-2bc1-3e38-c539-a29407c6a206,0fa22d73-1b56-3754-88ec-d095920086b9,26aab0cd-6aba-3e1b-ac5b-05c8867e762c,,10,10,410620009,,,,,,,,,3236b1f8-2bc1-3e38-c2dd-395c3754516f,2019-08-29T18:41:19Z,2019-08-29T18:41:19Z,0fa22d73-1b56-3754-88ec-d095920086b9,CLOSED,CLOSED,CLOSED,0,0,0,2019-08-29T18:56:19Z,2019-08-29T18:56:19Z,2019-08-29T18:56:19Z,1,1
3236b1f8-2bc1-3e38-05cc-36bf7847fac3,3236b1f8-2bc1-3e38-c539-a29407c6a206,0fa22d73-1b56-3754-88ec-d095920086b9,26aab0cd-6aba-3e1b-ac5b-05c8867e762c,,10,10,410620009,,,,,,,,,3236b1f8-2bc1-3e38-9482-e1a8ce218dd2,2020-09-03T18:41:19Z,2020-09-03T18:41:19Z,0fa22d73-1b56-3754-88ec-d095920086b9,CLOSED,CLOSED,CLOSED,0,0,0,2020-09-03T18:56:19Z,2020-09-03T18:56:19Z,2020-09-03T18:56:19Z,1,1
cf22cde5-48e9-1907-8fb3-47e8fb9a499e,cf22cde5-48e9-1907-78ec-42abd6782fbe,4d668306-f926-3583-aa3a-62498e05fc52,df166300-5a78-3502-a46a-832842197811,,20,20,162673000,,,,,,,,,cf22cde5-48e9-1907-32e9-02e521260fce,2023-10-18T19:46:17Z,2023-10-18T19:46:17Z,4d668306-f926-3583-aa3a-62498e05fc52,CLOSED,CLOSED,CLOSED,0,0,0,2023-10-18T20:01:17Z,2023-10-18T20:01:17Z,2023-10-18T20:01:17Z,1,1
e89af71d-4aa4-2237-b9e9-d9f561b363be,e89af71d-4aa4-2237-e71d-6fa8e4b5af09,03a7865c-43ff-3971-9212-c6a1c5d975ec,734afbd6-4794-363b-9bc0-6a3981533ed5,,20,20,162673000,,,,,,,,,e89af71d-4aa4-2237-986f-acc3c84b8981,2023-06-12T19:52:26Z,2023-06-12T19:52:26Z,03a7865c-43ff-3971-9212-c6a1c5d975ec,CLOSED,CLOSED,CLOSED,0,0,0,2023-06-12T20:07:26Z,2023-06-12T20:07:26Z,2023-06-12T20:07:26Z,1,1
3236b1f8-2bc1-3e38-16aa-daa59832caf4,3236b1f8-2bc1-3e38-c539-a29407c6a206,0fa22d73-1b56-3754-88ec-d095920086b9,26aab0cd-6aba-3e1b-ac5b-05c8867e762c,,10,10,410620009,,,,,,,,,3236b1f8-2bc1-3e38-9fcc-89352cca4c75,2021-09-09T18:41:19Z,2021-09-09T18:41:19Z,0fa22d73-1b56-3754-88ec-d095920086b9,CLOSED,CLOSED,CLOSED,0,0,0,2021-09-09T18:56:19Z,2021-09-09T18:56:19Z,2021-09-09T18:56:19Z,1,1
3236b1f8-2bc1-3e38-f18d-222f47c6a74a,3236b1f8-2bc1-3e38-c539-a29407c6a206,d4cd019c-151a-38b1-8a9c-5b666db595f0,26aab0cd-6aba-3e1b-ac5b-05c8867e762c,,2,2,33879002,,,,,,,,,3236b1f8-2bc1-3e38-b6ac-8ec431cf15ac,2021-10-14T18:41:19Z,2021-10-14T18:41:19Z,d4cd019c-151a-38b1-8a9c-5b666db595f0,CLOSED,CLOSED,CLOSED,0,0,0,2021-10-14T18:56:19Z,2021-10-14T18:56:19Z,2021-10-14T18:56:19Z,2,2
3236b1f8-2bc1-3e38-3cd1-5b041acd502d,3236b1f8-2bc1-3e38-c539-a29407c6a206,d4cd019c-151a-38b1-8a9c-5b666db595f0,26aab0cd-6aba-3e1b-ac5b-05c8867e762c,,2,2,33879002,,,,,,,,,3236b1f8-2bc1-3e38-c6c9-835d3945989d,2021-11-04T18:41:19Z,2021-11-04T18:41:19Z,d4cd019c-151a-38b1-8a9c-5b666db595f0,CLOSED,CLOSED,CLOSED,0,0,0,2021-11-04T18:56:19Z,2021-11-04T18:56:19Z,2021-11-04T18:56:19Z,2,2
4e3a6f7b-ffb9-5478-452b-bb4be85daded,4e3a6f7b-ffb9-5478-ae0f-e03a42891892,c861207f-efa4-3a0f-89c5-5835d4ad1a54,26aab0cd-6aba-3e1b-ac5b-05c8867e762c,,10,10,410620009,,,,,,,,,4e3a6f7b-ffb9-5478-6430-02c6331eb1ef,2017-08-10T02:46:08Z,2017-08-10T02:46:08Z,c861207f-efa4-3a0f-89c5-5835d4ad1a54,CLOSED,CLOSED,CLOSED,0,0,0,2017-08-10T03:01:08Z,2017-08-10T03:01:08Z,2017-08-10T03:01:08Z,1,1
b27ee48d-2590-6e78-6f7a-829817e2ca79,b27ee48d-2590-6e78-ee68-28a31a2b37e1,19340fc4-fd1f-3490-a939-c9596a72907a,8fa6c185-e44e-3e34-8bd8-39be8694f4ce,,2,2,33879002,,,,,,,,,b27ee48d-2590-6e78-770a-51d3cc4b6681,2021-05-04T14:54:27Z,2021-05-04T14:54:27Z,19340fc4-fd1f-3490-a939-c9596a72907a,CLOSED,CLOSED,CLOSED,0,0,0,2021-05-04T15:09:27Z,2021-05-04T15:09:27Z,2021-05-04T15:09:27Z,2,2
76a1559f-a83a-59b9-8e70-da4e3220c367,76a1559f-a83a-59b9-ed07-4efd4a0f1b39,2d175eca-2a94-3aa7-90a1-8e509a8f7277,8fa6c185-e44e-3e34-8bd8-39be8694f4ce,,20,20,59621000,,,,,,,,,76a1559f-a83a-59b9-51ec-8ab26c429884,2014-07-10T20:45:06Z,2014-07-10T20:45:06Z,2d175eca-2a94-3aa7-90a1-8e509a8f7277,CLOSED,CLOSED,CLOSED,0,0,0,2014-07-10T21:00:06Z,2014-07-10T21:00:06Z,2014-07-10T21:00:06Z,1,1
76a1559f-a83a-59b9-e785-eac9338963fc,76a1559f-a83a-59b9-ed07-4efd4a0f1b39,2d175eca-2a94-3aa7-90a1-8e509a8f7277,8fa6c185-e44e-3e34-8bd8-39be8694f4ce,,20,20,59621000,,,,,,,,,76a1559f-a83a-59b9-51ec-8ab26c429884,2014-07-10T20:45:06Z,2014-07-10T20:45:06Z,2d175eca-2a94-3aa7-90a1-8e509a8f7277,CLOSED,CLOSED,CLOSED,0,0,0,2014-07-10T21:00:06Z,2014-07-10T21:00:06Z,2014-07-10T21:00:06Z,1,1
4e3a6f7b-ffb9-5478-c1d7-b9371596f27f,4e3a6f7b-ffb9-5478-ae0f-e03a42891892,c861207f-efa4-3a0f-89c5-5835d4ad1a54,26aab0cd-6aba-3e1b-ac5b-05c8867e762c,,20,20,162673000,,,,,,,,,4e3a6f7b-ffb9-5478-9d76-3528ae75745f,2018-08-16T02:46:08Z,2018-08-16T02:46:08Z,c861207f-efa4-3a0f-89c5-5835d4ad1a54,CLOSED,CLOSED,CLOSED,0,0,0,2018-08-16T03:01:08Z,2018-08-16T03:01:08Z,2018-08-16T03:01:08Z,1,1
df2f3ddb-2760-b3c7-6cc6-faeb07ff5811,df2f3ddb-2760-b3c7-40be-f2fbee474089,5f4d0e02-12fc-3322-adb3-424dc3ae8683,26aab0cd-6aba-3e1b-ac5b-05c8867e762c,,20,20,162673000,,,,,,,,,df2f3ddb-2760-b3c7-5088-7ea5463cfa32,2020-12-26T08:37:11Z,2020-12-26T08:37:11Z,5f4d0e02-12fc-3322-adb3-424dc3ae8683,CLOSED,CLOSED,CLOSED,0,0,0,2020-12-26T08:52:11Z,2020-12-26T08:52:11Z,2020-12-26T08:52:11Z,1,1
e89af71d-4aa4-2237-bb78-48535314e132,e89af71d-4aa4-2237-e71d-6fa8e4b5af09,03a7865c-43ff-3971-9212-c6a1c5d975ec,8fa6c185-e44e-3e34-8bd8-39be8694f4ce,,20,20,162673000,,,,,,,,,e89af71d-4aa4-2237-c296-f97d42ac54ad,2026-06-15T19:52:26Z,2026-06-15T19:52:26Z,03a7865c-43ff-3971-9212-c6a1c5d975ec,CLOSED,CLOSED,CLOSED,0,0,0,2026-06-15T20:07:26Z,2026-06-15T20:07:26Z,2026-06-15T20:07:26Z,1,1
3236b1f8-2bc1-3e38-2d2a-d5ea183aa6e4,3236b1f8-2bc1-3e38-c539-a29407c6a206,0fa22d73-1b56-3754-88ec-d095920086b9,26aab0cd-6aba-3e1b-ac5b-05c8867e762c,,20,20,162673000,,,,,,,,,3236b1f8-2bc1-3e38-0085-996410ea6ee1,2022-09-15T18:41:19Z,2022-09-15T18:41:19Z,0fa22d73-1b56-3754-88ec-d095920086b9,CLOSED,CLOSED,CLOSED,0,0,0,2022-09-15T18:56:19Z,2022-09-15T18:56:19Z,2022-09-15T18:56:19Z,1,1
4e3a6f7b-ffb9-5478-e3bc-a6e813c9b7c8,4e3a6f7b-ffb9-5478-ae0f-e03a42891892,c861207f-efa4-3a0f-89c5-5835d4ad1a54,26aab0cd-6aba-3e1b-ac5b-05c8867e762c,,20,20,162673000,,,,,,,,,4e3a6f7b-ffb9-5478-8993-7ef192a55cc7,2019-08-22T02:46:08Z,2019-08-22T02:46:08Z,c861207f-efa4-3a0f-89c5-5835d4ad1a54,CLOSED,CLOSED,CLOSED,0,0,0,2019-08-22T03:01:08Z,2019-08-22T03:01:08Z,2019-08-22T03:01:08Z,1,1
df2f3ddb-2760-b3c7-8bc3-5a86c2a8b289,df2f3ddb-2760-b3c7-40be-f2fbee474089,f628a7fc-22b0-3e0c-a4ae-9f33518ef421,26aab0cd-6aba-3e1b-ac5b-05c8867e762c,,2,2,33879002,,,,,,,,,df2f3ddb-2760-b3c7-44df-f877846af978,2021-10-16T08:37:11Z,2021-10-16T08:37:11Z,f628a7fc-22b0-3e0c-a4ae-9f33518ef421,CLOSED,CLOSED,CLOSED,0,0,0,2021-10-16T08:52:11Z,2021-10-16T08:52:11Z,2021-10-16T08:52:11Z,2,2
76a1559f-a83a-59b9-e68b-905188e64a9f,76a1559f-a83a-59b9-ed07-4efd4a0f1b39,2d175eca-2a94-3aa7-90a1-8e509a8f7277,8fa6c185-e44e-3e34-8bd8-39be8694f4ce,,20,20,162673000,,,,,,,,,76a1559f-a83a-59b9-8981-0f954da0f3b5,2017-07-27T20:45:06Z,2017-07-27T20:45:06Z,2d175eca-2a94-3aa7-90a1-8e509a8f7277,CLOSED,CLOSED,CLOSED,0,0,0,2017-07-27T21:00:06Z,2017-07-27T21:00:06Z,2017-07-27T21:00:06Z,1,1
b27ee48d-2590-6e78-4ec5-cc0f107d5552,b27ee48d-2590-6e78-ee68-28a31a2b37e1,e53dbc35-e356-3f07-84c8-edadd77e3d19,0133f751-9229-3cfd-815f-b6d4979bdd6a,,20,20,162673000,,,,,,,,,b27ee48d-2590-6e78-d3cb-f7256a2394c9,2023-01-24T14:54:27Z,2023-01-24T14:54:27Z,e53dbc35-e356-3f07-84c8-edadd77e3d19,CLOSED,CLOSED,CLOSED,0,0,0,2023-01-24T15:09:27Z,2023-01-24T15:09:27Z,2023-01-24T15:09:27Z,1,1
df2f3ddb-2760-b3c7-7054-f9e68e0f2918,df2f3ddb-2760-b3c7-40be-f2fbee474089,f628a7fc-22b0-3e0c-a4ae-9f33518ef421,26aab0cd-6aba-3e1b-ac5b-05c8867e762c,,2,2,33879002,,,,,,,,,df2f3ddb-2760-b3c7-4560-e8a838e56367,2021-11-06T08:37:11Z,2021-11-06T08:37:11Z,f628a7fc-22b0-3e0c-a4ae-9f33518ef421,CLOSED,CLOSED,CLOSED,0,0,0,2021-11-06T08:52:11Z,2021-11-06T08:52:11Z,2021-11-06T08:52:11Z,2,2
b27ee48d-2590-6e78-1150-74f93170239e,b27ee48d-2590-6e78-ee68-28a31a2b37e1,e53dbc35-e356-3f07-84c8-edadd77e3d19,8fa6c185-e44e-3e34-8bd8-39be8694f4ce,,20,20,162673000,,,,,,,,,b27ee48d-2590-6e78-691a-fcb90311c31f,2026-01-27T14:54:27Z,2026-01-27T14:54:27Z,e53dbc35-e356-3f07-84c8-edadd77e3d19,CLOSED,CLOSED,CLOSED,0,0,0,2026-01-27T15:09:27Z,2026-01-27T15:09:27Z,2026-01-27T15:09:27Z,1,1
3236b1f8-2bc1-3e38-cd63-2ee647ac446a,3236b1f8-2bc1-3e38-c539-a29407c6a206,0fa22d73-1b56-3754-88ec-d095920086b9,26aab0cd-6aba-3e1b-ac5b-05c8867e762c,,20,20,162673000,,,,,,,,,3236b1f8-2bc1-3e38-551d-764120842306,2023-09-21T18:41:19Z,2023-09-21T18:41:19Z,0fa22d73-1b56-3754-88ec-d095920086b9,CLOSED,CLOSED,CLOSED,0,0,0,2023-09-21T18:56:19Z,2023-09-21T18:56:19Z,2023-09-21T18:56:19Z,1,1
df2f3ddb-2760-b3c7-efb6-3361fd2eefed,df2f3ddb-2760-b3c7-40be-f2fbee474089,5f4d0e02-12fc-3322-adb3-424dc3ae8683,26aab0cd-6aba-3e1b-ac5b-05c8867e762c,,20,20,162673000,,,,,,,,,df2f3ddb-2760-b3c7-57cd-66494f79e625,2022-01-01T08:37:11Z,2022-01-01T08:37:11Z,5f4d0e02-12fc-3322-adb3-424dc3ae8683,CLOSED,CLOSED,CLOSED,0,0,0,2022-01-01T08:52:11Z,2022-01-01T08:52:11Z,2022-01-01T08:52:11Z,1,1
4e3a6f7b-ffb9-5478-96d5-8ed16ef198f0,4e3a6f7b-ffb9-5478-ae0f-e03a42891892,c861207f-efa4-3a0f-89c5-5835d4ad1a54,26aab0cd-6aba-3e1b-ac5b-05c8867e762c,,20,20,162673000,,,,,,,,,4e3a6f7b-ffb9-5478-dbe2-d80ff406bbcd,2022-08-25T02:46:08Z,2022-08-25T02:46:08Z,c861207f-efa4-3a0f-89c5-5835d4ad1a54,CLOSED,CLOSED,CLOSED,0,0,0,2022-08-25T03:01:08Z,2022-08-25T03:01:08Z,2022-08-25T03:01:08Z,1,1
76a1559f-a83a-59b9-6063-08f4c61299c9,76a1559f-a83a-59b9-ed07-4efd4a0f1b39,2d175eca-2a94-3aa7-90a1-8e509a8f7277,8fa6c185-e44e-3e34-8bd8-39be8694f4ce,,20,20,162673000,,,,,,,,,76a1559f-a83a-59b9-84b2-dbc73d7c1bcc,2018-08-02T20:45:06Z,2018-08-02T20:45:06Z,2d175eca-2a94-3aa7-90a1-8e509a8f7277,CLOSED,CLOSED,CLOSED,0,0,0,2018-08-02T21:00:06Z,2018-08-02T21:00:06Z,2018-08-02T21:00:06Z,1,1
76a1559f-a83a-59b9-70c8-81a57c324c8b,76a1559f-a83a-59b9-ed07-4efd4a0f1b39,2d175eca-2a94-3aa7-90a1-8e509a8f7277,8fa6c185-e44e-3e34-8bd8-39be8694f4ce,,20,20,162673000,,,,,,,,,76a1559f-a83a-59b9-b00a-e1f5433b9f87,2019-08-08T20:45:06Z,2019-08-08T20:45:06Z,2d175eca-2a94-3aa7-90a1-8e509a8f7277,CLOSED,CLOSED,CLOSED,0,0,0,2019-08-08T21:00:06Z,2019-08-08T21:00:06Z,2019-08-08T21:00:06Z,1,1
76a1559f-a83a-59b9-f742-c7e1c91a9305,76a1559f-a83a-59b9-ed07-4efd4a0f1b39,2d175eca-2a94-3aa7-90a1-8e509a8f7277,0133f751-9229-3cfd-815f-b6d4979bdd6a,,20,20,162673000,,,,,,,,,76a1559f-a83a-59b9-4c5a-843424b224cb,2020-08-13T20:45:06Z,2020-08-13T20:45:06Z,2d175eca-2a94-3aa7-90a1-8e509a8f7277,CLOSED,CLOSED,CLOSED,0,0,0,2020-08-13T21:00:06Z,2020-08-13T21:00:06Z,2020-08-13T21:00:06Z,1,1
76a1559f-a83a-59b9-2434-a0e2f05082c9,76a1559f-a83a-59b9-ed07-4efd4a0f1b39,fcb7acd3-8e58-3fbc-849e-c66fe2a7f308,0133f751-9229-3cfd-815f-b6d4979bdd6a,,2,2,33879002,,,,,,,,,76a1559f-a83a-59b9-846f-e09fd58c49b7,2021-04-29T20:45:06Z,2021-04-29T20:45:06Z,fcb7acd3-8e58-3fbc-849e-c66fe2a7f308,CLOSED,CLOSED,CLOSED,0,0,0,2021-04-29T21:00:06Z,2021-04-29T21:00:06Z,2021-04-29T21:00:06Z,2,2
76a1559f-a83a-59b9-05cb-ffec59ddd834,76a1559f-a83a-59b9-ed07-4efd4a0f1b39,fcb7acd3-8e58-3fbc-849e-c66fe2a7f308,0133f751-9229-3cfd-815f-b6d4979bdd6a,,2,2,33879002,,,,,,,,,76a1559f-a83a-59b9-d88f-33e59f693e4c,2021-05-20T20:45:06Z,2021-05-20T20:45:06Z,fcb7acd3-8e58-3fbc-849e-c66fe2a7f308,CLOSED,CLOSED,CLOSED,0,0,0,2021-05-20T21:00:06Z,2021-05-20T21:00:06Z,2021-05-20T21:00:06Z,2,2
df2f3ddb-2760-b3c7-d00b-af8909d4cb47,df2f3ddb-2760-b3c7-40be-f2fbee474089,5f4d0e02-12fc-3322-adb3-424dc3ae8683,26aab0cd-6aba-3e1b-ac5b-05c8867e762c,,20,20,162673000,,,,,,,,,df2f3ddb-2760-b3c7-aeb4-799def512d67,2023-01-07T08:37:11Z,2023-01-07T08:37:11Z,5f4d0e02-12fc-3322-adb3-424dc3ae8683,CLOSED,CLOSED,CLOSED,0,0,0,2023-01-07T08:52:11Z,2023-01-07T08:52:11Z,2023-01-07T08:52:11Z,1,1
df2f3ddb-2760-b3c7-a2ff-d4683bb64475,df2f3ddb-2760-b3c7-40be-f2fbee474089,5f4d0e02-12fc-3322-adb3-424dc3ae8683,26aab0cd-6aba-3e1b-ac5b-05c8867e762c,,20,20,162673000,,,,,,,,,df2f3ddb-2760-b3c7-a35a-de2c3d71534c,2024-01-13T08:37:11Z,2024-01-13T08:37:11Z,5f4d0e02-12fc-3322-adb3-424dc3ae8683,CLOSED,CLOSED,CLOSED,0,0,0,2024-01-13T08:52:11Z,2024-01-13T08:52:11Z,2024-01-13T08:52:11Z,1,1
df2f3ddb-2760-b3c7-ba65-70b4f577ad74,df2f3ddb-2760-b3c7-40be-f2fbee474089,5f4d0e02-12fc-3322-adb3-424dc3ae8683,26aab0cd-6aba-3e1b-ac5b-05c8867e762c,,20,20,162673000,,,,,,,,,df2f3ddb-2760-b3c7-4077-b3a349f91da2,2025-01-18T08:37:11Z,2025-01-18T08:37:11Z,5f4d0e02-12fc-3322-adb3-424dc3ae8683,CLOSED,CLOSED,CLOSED,0,0,0,2025-01-18T08:52:11Z,2025-01-18T08:52:11Z,2025-01-18T08:52:11Z,1,1
df2f3ddb-2760-b3c7-f03c-a76cf09ef105,df2f3ddb-2760-b3c7-40be-f2fbee474089,5f4d0e02-12fc-3322-adb3-424dc3ae8683,26aab0cd-6aba-3e1b-ac5b-05c8867e762c,,20,20,162673000,,,,,,,,,df2f3ddb-2760-b3c7-6e34-99a6dde9812d,2026-01-24T08:37:11Z,2026-01-24T08:37:11Z,5f4d0e02-12fc-3322-adb3-424dc3ae8683,CLOSED,CLOSED,CLOSED,0,0,0,2026-01-24T08:52:11Z,2026-01-24T08:52:11Z,2026-01-24T08:52:11Z,1,1
4e3a6f7b-ffb9-5478-9ed9-159946f0165b,4e3a6f7b-ffb9-5478-ae0f-e03a42891892,c861207f-efa4-3a0f-89c5-5835d4ad1a54,26aab0cd-6aba-3e1b-ac5b-05c8867e762c,,20,20,162673000,,,,,,,,,4e3a6f7b-ffb9-5478-6b57-33902bd676af,2025-08-28T02:46:08Z,2025-08-28T02:46:08Z,c861207f-efa4-3a0f-89c5-5835d4ad1a54,CLOSED,CLOSED,CLOSED,0,0,0,2025-08-28T03:01:08Z,2025-08-28T03:01:08Z,2025-08-28T03:01:08Z,1,1
76a1559f-a83a-59b9-6acf-f49859c673f3,76a1559f-a83a-59b9-ed07-4efd4a0f1b39,2d175eca-2a94-3aa7-90a1-8e509a8f7277,0133f751-9229-3cfd-815f-b6d4979bdd6a,,20,20,162673000,,,,,,,,,76a1559f-a83a-59b9-7f6a-08ce4d0ce7a8,2021-08-19T20:45:06Z,2021-08-19T20:45:06Z,2d175eca-2a94-3aa7-90a1-8e509a8f7277,CLOSED,CLOSED,CLOSED,0,0,0,2021-08-19T21:00:06Z,2021-08-19T21:00:06Z,2021-08-19T21:00:06Z,1,1
76a1559f-a83a-59b9-1b2c-0e8dfb1714d7,76a1559f-a83a-59b9-ed07-4efd4a0f1b39,2d175eca-2a94-3aa7-90a1-8e509a8f7277,0133f751-9229-3cfd-815f-b6d4979bdd6a,,20,20,162673000,,,,,,,,,76a1559f-a83a-59b9-d67a-231eeda8a521,2022-08-25T20:45:06Z,2022-08-25T20:45:06Z,2d175eca-2a94-3aa7-90a1-8e509a8f7277,CLOSED,CLOSED,CLOSED,0,0,0,2022-08-25T21:00:06Z,2022-08-25T21:00:06Z,2022-08-25T21:00:06Z,1,1
76a1559f-a83a-59b9-8ad5-278a0dd53d67,76a1559f-a83a-59b9-ed07-4efd4a0f1b39,2d175eca-2a94-3aa7-90a1-8e509a8f7277,0133f751-9229-3cfd-815f-b6d4979bdd6a,,20,20,162673000,,,,,,,,,76a1559f-a83a-59b9-4424-429bd0d9f586,2023-08-31T20:45:06Z,2023-08-31T20:45:06Z,2d175eca-2a94-3aa7-90a1-8e509a8f7277,CLOSED,CLOSED,CLOSED,0,0,0,2023-08-31T21:00:06Z,2023-08-31T21:00:06Z,2023-08-31T21:00:06Z,1,1
76a1559f-a83a-59b9-7e52-e6e8634c97ae,76a1559f-a83a-59b9-ed07-4efd4a0f1b39,2d175eca-2a94-3aa7-90a1-8e509a8f7277,8fa6c185-e44e-3e34-8bd8-39be8694f4ce,,20,20,162673000,,,,,,,,,76a1559f-a83a-59b9-cd9e-c593f393bdb8,2024-09-05T20:45:06Z,2024-09-05T20:45:06Z,2d175eca-2a94-3aa7-90a1-8e509a8f7277,CLOSED,CLOSED,CLOSED,0,0,0,2024-09-05T21:00:06Z,2024-09-05T21:00:06Z,2024-09-05T21:00:06Z,1,1
76a1559f-a83a-59b9-7ea9-30c4bd51d31d,76a1559f-a83a-59b9-ed07-4efd4a0f1b39,2d175eca-2a94-3aa7-90a1-8e509a8f7277,8fa6c185-e44e-3e34-8bd8-39be8694f4ce,,20,20,162673000,,,,,,,,,76a1559f-a83a-59b9-8252-e199ea7456ad,2025-09-11T20:45:06Z,2025-09-11T20:45:06Z,2d175eca-2a94-3aa7-90a1-8e509a8f7277,CLOSED,CLOSED,CLOSED,0,0,0,2025-09-11T21:00:06Z,2025-09-11T21:00:06Z,2025-09-11T21:00:06Z,1,1
09570ca0-77fa-de46-2f38-8937f12f09db,09570ca0-77fa-de46-54b5-14ac2040a62e,03dfce01-6bd0-35d5-8fee-a565965e5bfd,26aab0cd-6aba-3e1b-ac5b-05c8867e762c,,10,10,410620009,,,,,,,,,09570ca0-77fa-de46-5e72-93d1dade7937,2017-03-08T02:02:01Z,2017-03-08T02:02:01Z,03dfce01-6bd0-35d5-8fee-a565965e5bfd,CLOSED,CLOSED,CLOSED,0,0,0,2017-03-08T02:17:01Z,2017-03-08T02:17:01Z,2017-03-08T02:17:01Z,1,1
09570ca0-77fa-de46-f821-d2e33c11b0dc,09570ca0-77fa-de46-54b5-14ac2040a62e,03dfce01-6bd0-35d5-8fee-a565965e5bfd,26aab0cd-6aba-3e1b-ac5b-05c8867e762c,,10,10,410620009,,,,,,,,,09570ca0-77fa-de46-b5a6-8a753d9ec5b6,2017-04-12T02:02:01Z,2017-04-12T02:02:01Z,03dfce01-6bd0-35d5-8fee-a565965e5bfd,CLOSED,CLOSED,CLOSED,0,0,0,2017-04-12T02:17:01Z,2017-04-12T02:17:01Z,2017-04-12T02:17:01Z,1,1
09570ca0-77fa-de46-1bec-3f7fd9c6c84c,09570ca0-77fa-de46-54b5-14ac2040a62e,03dfce01-6bd0-35d5-8fee-a565965e5bfd,26aab0cd-6aba-3e1b-ac5b-05c8867e762c,,10,10,410620009,,,,,,,,,09570ca0-77fa-de46-3f4b-6561fc8cc31e,2017-06-14T02:02:01Z,2017-06-14T02:02:01Z,03dfce01-6bd0-35d5-8fee-a565965e5bfd,CLOSED,CLOSED,CLOSED,0,0,0,2017-06-14T02:17:01Z,2017-06-14T02:17:01Z,2017-06-14T02:17:01Z,1,1
09570ca0-77fa-de46-b622-fd9ae6aa2ebb,09570ca0-77fa-de46-54b5-14ac2040a62e,03dfce01-6bd0-35d5-8fee-a565965e5bfd,26aab0cd-6aba-3e1b-ac5b-05c8867e762c,,10,10,410620009,,,,,,,,,09570ca0-77fa-de46-98d0-dc9da6819686,2017-08-16T02:02:01Z,2017-08-16T02:02:01Z,03dfce01-6bd0-35d5-8fee-a565965e5bfd,CLOSED,CLOSED,CLOSED,0,0,0,2017-08-16T02:17:01Z,2017-08-16T02:17:01Z,2017-08-16T02:17:01Z,1,1
09570ca0-77fa-de46-5d69-81aabf0914f9,09570ca0-77fa-de46-54b5-14ac2040a62e,03dfce01-6bd0-35d5-8fee-a565965e5bfd,26aab0cd-6aba-3e1b-ac5b-05c8867e762c,,10,10,410620009,,,,,,,,,09570ca0-77fa-de46-8e73-82ae1e2607d5,2017-11-15T02:02:01Z,2017-11-15T02:02:01Z,03dfce01-6bd0-35d5-8fee-a565965e5bfd,CLOSED,CLOSED,CLOSED,0,0,0,2017-11-15T02:17:01Z,2017-11-15T02:17:01Z,2017-11-15T02:17:01Z,1,1
09570ca0-77fa-de46-8a59-c302b7dbdc95,09570ca0-77fa-de46-54b5-14ac2040a62e,03dfce01-6bd0-35d5-8fee-a565965e5bfd,26aab0cd-6aba-3e1b-ac5b-05c8867e762c,,10,10,410620009,,,,,,,,,09570ca0-77fa-de46-dea6-15f98a798611,2018-02-14T02:02:01Z,2018-02-14T02:02:01Z,03dfce01-6bd0-35d5-8fee-a565965e5bfd,CLOSED,CLOSED,CLOSED,0,0,0,2018-02-14T02:17:01Z,2018-02-14T02:17:01Z,2018-02-14T02:17:01Z,1,1
09570ca0-77fa-de46-1f83-aaff68286fec,09570ca0-77fa-de46-54b5-14ac2040a62e,03dfce01-6bd0-35d5-8fee-a565965e5bfd,26aab0cd-6aba-3e1b-ac5b-05c8867e762c,,10,10,410620009,,,,,,,,,09570ca0-77fa-de46-68a2-87320dec9f7e,2018-05-16T02:02:01Z,2018-05-16T02:02:01Z,03dfce01-6bd0-35d5-8fee-a565965e5bfd,CLOSED,CLOSED,CLOSED,0,0,0,2018-05-16T02:17:01Z,2018-05-16T02:17:01Z,2018-05-16T02:17:01Z,1,1
09570ca0-77fa-de46-2a81-31d8aab6ffc9,09570ca0-77fa-de46-54b5-14ac2040a62e,03dfce01-6bd0-35d5-8fee-a565965e5bfd,26aab0cd-6aba-3e1b-ac5b-05c8867e762c,,10,10,410620009,,,,,,,,,09570ca0-77fa-de46-6013-00672391c776,2018-08-15T02:02:01Z,2018-08-15T02:02:01Z,03dfce01-6bd0-35d5-8fee-a565965e5bfd,CLOSED,CLOSED,CLOSED,0,0,0,2018-08-15T02:17:01Z,2018-08-15T02:17:01Z,2018-08-15T02:17:01Z,1,1
09570ca0-77fa-de46-ff6f-402c394a32c6,09570ca0-77fa-de46-54b5-14ac2040a62e,03dfce01-6bd0-35d5-8fee-a565965e5bfd,26aab0cd-6aba-3e1b-ac5b-05c8867e762c,,10,10,410620009,,,,,,,,,09570ca0-77fa-de46-17f3-7b677fa06e8a,2019-02-13T02:02:01Z,2019-02-13T02:02:01Z,03dfce01-6bd0-35d5-8fee-a565965e5bfd,CLOSED,CLOSED,CLOSED,0,0,0,2019-02-13T02:17:01Z,2019-02-13T02:17:01Z,2019-02-13T02:17:01Z,1,1
09570ca0-77fa-de46-b1ff-67ef2b8b9d47,09570ca0-77fa-de46-54b5-14ac2040a62e,03dfce01-6bd0-35d5-8fee-a565965e5bfd,26aab0cd-6aba-3e1b-ac5b-05c8867e762c,,10,10,410620009,,,,,,,,,09570ca0-77fa-de46-8a31-f33673b9555a,2019-08-14T02:02:01Z,2019-08-14T02:02:01Z,03dfce01-6bd0-35d5-8fee-a565965e5bfd,CLOSED,CLOSED,CLOSED,0,0,0,2019-08-14T02:17:01Z,2019-08-14T02:17:01Z,2019-08-14T02:17:01Z,1,1
09570ca0-77fa-de46-6703-b3e705527dc1,09570ca0-77fa-de46-54b5-14ac2040a62e,03dfce01-6bd0-35d5-8fee-a565965e5bfd,26aab0cd-6aba-3e1b-ac5b-05c8867e762c,,10,10,410620009,,,,,,,,,09570ca0-77fa-de46-7652-39a1fc3dbf6f,2020-02-12T02:02:01Z,2020-02-12T02:02:01Z,03dfce01-6bd0-35d5-8fee-a565965e5bfd,CLOSED,CLOSED,CLOSED,0,0,0,2020-02-12T02:17:01Z,2020-02-12T02:17:01Z,2020-02-12T02:17:01Z,1,1
09570ca0-77fa-de46-2402-e1684a04528d,09570ca0-77fa-de46-54b5-14ac2040a62e,03dfce01-6bd0-35d5-8fee-a565965e5bfd,26aab0cd-6aba-3e1b-ac5b-05c8867e762c,,10,10,410620009,,,,,,,,,09570ca0-77fa-de46-1fea-8113c51c61d8,2020-08-12T02:02:01Z,2020-08-12T02:02:01Z,03dfce01-6bd0-35d5-8fee-a565965e5bfd,CLOSED,CLOSED,CLOSED,0,0,0,2020-08-12T02:17:01Z,2020-08-12T02:17:01Z,2020-08-12T02:17:01Z,1,1
09570ca0-77fa-de46-6be2-fc34cd668796,09570ca0-77fa-de46-54b5-14ac2040a62e,03dfce01-6bd0-35d5-8fee-a565965e5bfd,26aab0cd-6aba-3e1b-ac5b-05c8867e762c,,10,10,410620009,,,,,,,,,09570ca0-77fa-de46-0669-30a80c099a4a,2021-02-10T02:02:01Z,2021-02-10T02:02:01Z,03dfce01-6bd0-35d5-8fee-a565965e5bfd,CLOSED,CLOSED,CLOSED,0,0,0,2021-02-10T02:17:01Z,2021-02-10T02:17:01Z,2021-02-10T02:17:01Z,1,1
09570ca0-77fa-de46-e0c9-19e23404ef12,09570ca0-77fa-de46-54b5-14ac2040a62e,03dfce01-6bd0-35d5-8fee-a565965e5bfd,26aab0cd-6aba-3e1b-ac5b-05c8867e762c,,10,10,410620009,,,,,,,,,09570ca0-77fa-de46-dddd-08c6f56c83fe,2022-02-16T02:02:01Z,2022-02-16T02:02:01Z,03dfce01-6bd0-35d5-8fee-a565965e5bfd,CLOSED,CLOSED,CLOSED,0,0,0,2022-02-16T02:17:01Z,2022-02-16T02:17:01Z,2022-02-16T02:17:01Z,1,1
09570ca0-77fa-de46-9ad5-cdf2cf5f95c5,09570ca0-77fa-de46-54b5-14ac2040a62e,03dfce01-6bd0-35d5-8fee-a565965e5bfd,26aab0cd-6aba-3e1b-ac5b-05c8867e762c,,10,10,410620009,,,,,,,,,09570ca0-77fa-de46-742d-2e3194bf18c2,2023-02-22T02:02:01Z,2023-02-22T02:02:01Z,03dfce01-6bd0-35d5-8fee-a565965e5bfd,CLOSED,CLOSED,CLOSED,0,0,0,2023-02-22T02:17:01Z,2023-02-22T02:17:01Z,2023-02-22T02:17:01Z,1,1
09570ca0-77fa-de46-3a58-cce8749a293d,09570ca0-77fa-de46-54b5-14ac2040a62e,03dfce01-6bd0-35d5-8fee-a565965e5bfd,26aab0cd-6aba-3e1b-ac5b-05c8867e762c,,10,10,410620009,,,,,,,,,09570ca0-77fa-de46-adf1-5e27459f21fc,2024-02-28T02:02:01Z,2024-02-28T02:02:01Z,03dfce01-6bd0-35d5-8fee-a565965e5bfd,CLOSED,CLOSED,CLOSED,0,0,0,2024-02-28T02:17:01Z,2024-02-28T02:17:01Z,2024-02-28T02:17:01Z,1,1
09570ca0-77fa-de46-c34f-9945ecc3b153,09570ca0-77fa-de46-54b5-14ac2040a62e,03dfce01-6bd0-35d5-8fee-a565965e5bfd,26aab0cd-6aba-3e1b-ac5b-05c8867e762c,,10,10,410620009,,,,,,,,,09570ca0-77fa-de46-e7f9-064e7eb3800e,2025-03-05T02:02:01Z,2025-03-05T02:02:01Z,03dfce01-6bd0-35d5-8fee-a565965e5bfd,CLOSED,CLOSED,CLOSED,0,0,0,2025-03-05T02:17:01Z,2025-03-05T02:17:01Z,2025-03-05T02:17:01Z,1,1
09570ca0-77fa-de46-e18b-fa1a28ecb89a,09570ca0-77fa-de46-54b5-14ac2040a62e,03dfce01-6bd0-35d5-8fee-a565965e5bfd,26aab0cd-6aba-3e1b-ac5b-05c8867e762c,,10,10,410620009,,,,,,,,,09570ca0-77fa-de46-9949-87424c28ecdc,2026-03-11T02:02:01Z,2026-03-11T02:02:01Z,03dfce01-6bd0-35d5-8fee-a565965e5bfd,CLOSED,CLOSED,CLOSED,0,0,0,2026-03-11T02:17:01Z,2026-03-11T02:17:01Z,2026-03-11T02:17:01Z,1,1
8a378120-cbc8-8dc0-763a-d65b6d923a45,8a378120-cbc8-8dc0-04be-44a8c807932f,6099c65e-7bd4-34ae-8d4e-7fe7992e116f,26aab0cd-6aba-3e1b-ac5b-05c8867e762c,,20,20,162673000,,,,,,,,,8a378120-cbc8-8dc0-1cd9-989805c8de86,2017-10-07T08:10:26Z,2017-10-07T08:10:26Z,6099c65e-7bd4-34ae-8d4e-7fe7992e116f,CLOSED,CLOSED,CLOSED,0,0,0,2017-10-07T08:25:26Z,2017-10-07T08:25:26Z,2017-10-07T08:25:26Z,1,1
8a378120-cbc8-8dc0-0bb3-b1ecd13bcb76,8a378120-cbc8-8dc0-04be-44a8c807932f,6099c65e-7bd4-34ae-8d4e-7fe7992e116f,26aab0cd-6aba-3e1b-ac5b-05c8867e762c,,20,20,162673000,,,,,,,,,8a378120-cbc8-8dc0-aa45-8e7b9b11e28c,2019-10-12T08:10:26Z,2019-10-12T08:10:26Z,6099c65e-7bd4-34ae-8d4e-7fe7992e116f,CLOSED,CLOSED,CLOSED,0,0,0,2019-10-12T08:25:26Z,2019-10-12T08:25:26Z,2019-10-12T08:25:26Z,1,1
8a378120-cbc8-8dc0-a8f1-3ef59ac040f1,8a378120-cbc8-8dc0-04be-44a8c807932f,2efb9db5-c314-35ed-ab94-39071261dddd,26aab0cd-6aba-3e1b-ac5b-05c8867e762c,,2,2,33879002,,,,,,,,,8a378120-cbc8-8dc0-8946-f4b1430739a9,2021-03-20T08:10:26Z,2021-03-20T08:10:26Z,2efb9db5-c314-35ed-ab94-39071261dddd,CLOSED,CLOSED,CLOSED,0,0,0,2021-03-20T08:25:26Z,2021-03-20T08:25:26Z,2021-03-20T08:25:26Z,2,2
7bdd30f5-7598-e44a-b63f-d2c3354b9d87,7bdd30f5-7598-e44a-c32c-f928becb9d5e,827f247e-e919-31c9-becc-a616f2796524,d31fccc3-1767-390d-966a-22a5156f4219,,10,10,410620009,,,,,,,,,7bdd30f5-7598-e44a-9d85-057344ee63e9,2017-05-22T01:27:40Z,2017-05-22T01:27:40Z,827f247e-e919-31c9-becc-a616f2796524,CLOSED,CLOSED,CLOSED,0,0,0,2017-05-22T01:42:40Z,2017-05-22T01:42:40Z,2017-05-22T01:42:40Z,1,1
8a378120-cbc8-8dc0-f2f1-9e89033faccf,8a378120-cbc8-8dc0-04be-44a8c807932f,2efb9db5-c314-35ed-ab94-39071261dddd,26aab0cd-6aba-3e1b-ac5b-05c8867e762c,,2,2,33879002,,,,,,,,,8a378120-cbc8-8dc0-1c96-f48ee5c444ed,2021-04-10T08:10:26Z,2021-04-10T08:10:26Z,2efb9db5-c314-35ed-ab94-39071261dddd,CLOSED,CLOSED,CLOSED,0,0,0,2021-04-10T08:25:26Z,2021-04-10T08:25:26Z,2021-04-10T08:25:26Z,2,2
7f50d0ba-ca6b-eaa7-a508-b6719c4d164b,7f50d0ba-ca6b-eaa7-d4f7-50dc977f2e50,007d0841-5d4a-38d0-abc1-d4b4aa094b1d,d31fccc3-1767-390d-966a-22a5156f4219,,10,10,410620009,,,,,,,,,7f50d0ba-ca6b-eaa7-c1d1-4ba467a56713,2016-12-06T04:34:25Z,2016-12-06T04:34:25Z,007d0841-5d4a-38d0-abc1-d4b4aa094b1d,CLOSED,CLOSED,CLOSED,0,0,0,2016-12-06T04:49:25Z,2016-12-06T04:49:25Z,2016-12-06T04:49:25Z,1,1
7bdd30f5-7598-e44a-1ec3-2f6634b9a556,7bdd30f5-7598-e44a-c32c-f928becb9d5e,827f247e-e919-31c9-becc-a616f2796524,d31fccc3-1767-390d-966a-22a5156f4219,,10,10,410620009,,,,,,,,,7bdd30f5-7598-e44a-0732-2997cd6a213f,2018-05-28T01:27:40Z,2018-05-28T01:27:40Z,827f247e-e919-31c9-becc-a616f2796524,CLOSED,CLOSED,CLOSED,0,0,0,2018-05-28T01:42:40Z,2018-05-28T01:42:40Z,2018-05-28T01:42:40Z,1,1
7bdd30f5-7598-e44a-361d-690501d0f7b6,7bdd30f5-7598-e44a-c32c-f928becb9d5e,827f247e-e919-31c9-becc-a616f2796524,d31fccc3-1767-390d-966a-22a5156f4219,,10,10,410620009,,,,,,,,,7bdd30f5-7598-e44a-04f4-a8cffaf997c7,2019-06-03T01:27:40Z,2019-06-03T01:27:40Z,827f247e-e919-31c9-becc-a616f2796524,CLOSED,CLOSED,CLOSED,0,0,0,2019-06-03T01:42:40Z,2019-06-03T01:42:40Z,2019-06-03T01:42:40Z,1,1
7bdd30f5-7598-e44a-e2a4-027bba918e2c,7bdd30f5-7598-e44a-c32c-f928becb9d5e,827f247e-e919-31c9-becc-a616f2796524,d31fccc3-1767-390d-966a-22a5156f4219,,10,10,410620009,,,,,,,,,7bdd30f5-7598-e44a-b408-5fcd491cf214,2020-06-08T01:27:40Z,2020-06-08T01:27:40Z,827f247e-e919-31c9-becc-a616f2796524,CLOSED,CLOSED,CLOSED,0,0,0,2020-06-08T01:42:40Z,2020-06-08T01:42:40Z,2020-06-08T01:42:40Z,1,1
7bdd30f5-7598-e44a-3ed7-01aa5f09b35a,7bdd30f5-7598-e44a-c32c-f928becb9d5e,cdc74d9d-1053-3923-a0e0-92217f4d5006,d31fccc3-1767-390d-966a-22a5156f4219,,2,2,33879002,,,,,,,,,7bdd30f5-7598-e44a-a528-479f4eeeefcd,2021-06-07T01:27:40Z,2021-06-07T01:27:40Z,cdc74d9d-1053-3923-a0e0-92217f4d5006,CLOSED,CLOSED,CLOSED,0,0,0,2021-06-07T01:42:40Z,2021-06-07T01:42:40Z,2021-06-07T01:42:40Z,2,2
8a378120-cbc8-8dc0-caf3-0090f6729f13,8a378120-cbc8-8dc0-04be-44a8c807932f,6099c65e-7bd4-34ae-8d4e-7fe7992e116f,26aab0cd-6aba-3e1b-ac5b-05c8867e762c,,20,20,162673000,,,,,,,,,8a378120-cbc8-8dc0-664a-5ea680995205,2021-09-18T08:10:26Z,2021-09-18T08:10:26Z,6099c65e-7bd4-34ae-8d4e-7fe7992e116f,CLOSED,CLOSED,CLOSED,0,0,0,2021-09-18T08:25:26Z,2021-09-18T08:25:26Z,2021-09-18T08:25:26Z,1,1
7f50d0ba-ca6b-eaa7-7b8a-2f58bf88fec5,7f50d0ba-ca6b-eaa7-d4f7-50dc977f2e50,007d0841-5d4a-38d0-abc1-d4b4aa094b1d,d31fccc3-1767-390d-966a-22a5156f4219,,10,10,410620009,,,,,,,,,7f50d0ba-ca6b-eaa7-a7ea-7face2dc22f0,2017-12-12T04:34:25Z,2017-12-12T04:34:25Z,007d0841-5d4a-38d0-abc1-d4b4aa094b1d,CLOSED,CLOSED,CLOSED,0,0,0,2017-12-12T04:49:25Z,2017-12-12T04:49:25Z,2017-12-12T04:49:25Z,1,1
7f50d0ba-ca6b-eaa7-9909-b55490c19623,7f50d0ba-ca6b-eaa7-d4f7-50dc977f2e50,007d0841-5d4a-38d0-abc1-d4b4aa094b1d,d31fccc3-1767-390d-966a-22a5156f4219,,10,10,410620009,,,,,,,,,7f50d0ba-ca6b-eaa7-8572-4feddc6cac08,2018-12-18T04:34:25Z,2018-12-18T04:34:25Z,007d0841-5d4a-38d0-abc1-d4b4aa094b1d,CLOSED,CLOSED,CLOSED,0,0,0,2018-12-18T04:49:25Z,2018-12-18T04:49:25Z,2018-12-18T04:49:25Z,1,1
7f50d0ba-ca6b-eaa7-6cf9-3df42b7c4410,7f50d0ba-ca6b-eaa7-d4f7-50dc977f2e50,007d0841-5d4a-38d0-abc1-d4b4aa094b1d,d31fccc3-1767-390d-966a-22a5156f4219,,10,10,410620009,,,,,,,,,7f50d0ba-ca6b-eaa7-a83b-47c6f8eb928e,2019-12-24T04:34:25Z,2019-12-24T04:34:25Z,007d0841-5d4a-38d0-abc1-d4b4aa094b1d,CLOSED,CLOSED,CLOSED,0,0,0,2019-12-24T04:49:25Z,2019-12-24T04:49:25Z,2019-12-24T04:49:25Z,1,1
7f50d0ba-ca6b-eaa7-5327-5f974398c7b0,7f50d0ba-ca6b-eaa7-d4f7-50dc977f2e50,007d0841-5d4a-38d0-abc1-d4b4aa094b1d,d31fccc3-1767-390d-966a-22a5156f4219,,20,20,162673000,,,,,,,,,7f50d0ba-ca6b-eaa7-ebdf-8a10a3ac8c90,2020-12-29T04:34:25Z,2020-12-29T04:34:25Z,007d0841-5d4a-38d0-abc1-d4b4aa094b1d,CLOSED,CLOSED,CLOSED,0,0,0,2020-12-29T04:49:25Z,2020-12-29T04:49:25Z,2020-12-29T04:49:25Z,1,1
7f50d0ba-ca6b-eaa7-5658-fe2f60202dae,7f50d0ba-ca6b-eaa7-d4f7-50dc977f2e50,c183328c-7e93-3b79-bf6a-2fb759d1178a,d31fccc3-1767-390d-966a-22a5156f4219,,2,2,33879002,,,,,,,,,7f50d0ba-ca6b-eaa7-ced8-de0b3096236b,2021-04-13T04:34:25Z,2021-04-13T04:34:25Z,c183328c-7e93-3b79-bf6a-2fb759d1178a,CLOSED,CLOSED,CLOSED,0,0,0,2021-04-13T04:49:25Z,2021-04-13T04:49:25Z,2021-04-13T04:49:25Z,2,2
7f50d0ba-ca6b-eaa7-fc9f-71bcec7eec1a,7f50d0ba-ca6b-eaa7-d4f7-50dc977f2e50,c183328c-7e93-3b79-bf6a-2fb759d1178a,d31fccc3-1767-390d-966a-22a5156f4219,,2,2,33879002,,,,,,,,,7f50d0ba-ca6b-eaa7-47dc-0b32c1c0269e,2021-05-11T04:34:25Z,2021-05-11T04:34:25Z,c183328c-7e93-3b79-bf6a-2fb759d1178a,CLOSED,CLOSED,CLOSED,0,0,0,2021-05-11T04:49:25Z,2021-05-11T04:49:25Z,2021-05-11T04:49:25Z,2,2
7f50d0ba-ca6b-eaa7-7a5b-3adc5379c01e,7f50d0ba-ca6b-eaa7-d4f7-50dc977f2e50,007d0841-5d4a-38d0-abc1-d4b4aa094b1d,d31fccc3-1767-390d-966a-22a5156f4219,,20,20,162673000,,,,,,,,,7f50d0ba-ca6b-eaa7-aa73-a2e4e7945ed0,2022-01-04T04:34:25Z,2022-01-04T04:34:25Z,007d0841-5d4a-38d0-abc1-d4b4aa094b1d,CLOSED,CLOSED,CLOSED,0,0,0,2022-01-04T04:49:25Z,2022-01-04T04:49:25Z,2022-01-04T04:49:25Z,1,1
7f50d0ba-ca6b-eaa7-f78d-1008f1c42dc6,7f50d0ba-ca6b-eaa7-d4f7-50dc977f2e50,007d0841-5d4a-38d0-abc1-d4b4aa094b1d,d31fccc3-1767-390d-966a-22a5156f4219,,20,20,162673000,,,,,,,,,7f50d0ba-ca6b-eaa7-13a6-239c3cc55c30,2025-01-07T04:34:25Z,2025-01-07T04:34:25Z,007d0841-5d4a-38d0-abc1-d4b4aa094b1d,CLOSED,CLOSED,CLOSED,0,0,0,2025-01-07T04:49:25Z,2025-01-07T04:49:25Z,2025-01-07T04:49:25Z,1,1
7bdd30f5-7598-e44a-ff6a-2d5b9eed09f0,7bdd30f5-7598-e44a-c32c-f928becb9d5e,827f247e-e919-31c9-becc-a616f2796524,d31fccc3-1767-390d-966a-22a5156f4219,,10,10,410620009,,,,,,,,,7bdd30f5-7598-e44a-fba1-990e2e979245,2021-06-14T01:27:40Z,2021-06-14T01:27:40Z,827f247e-e919-31c9-becc-a616f2796524,CLOSED,CLOSED,CLOSED,0,0,0,2021-06-14T01:42:40Z,2021-06-14T01:42:40Z,2021-06-14T01:42:40Z,1,1
8a378120-cbc8-8dc0-08e2-313b935d8f6a,8a378120-cbc8-8dc0-04be-44a8c807932f,6099c65e-7bd4-34ae-8d4e-7fe7992e116f,26aab0cd-6aba-3e1b-ac5b-05c8867e762c,,20,20,162673000,,,,,,,,,8a378120-cbc8-8dc0-b279-c51b8aa6cf61,2022-09-24T08:10:26Z,2022-09-24T08:10:26Z,6099c65e-7bd4-34ae-8d4e-7fe7992e116f,CLOSED,CLOSED,CLOSED,0,0,0,2022-09-24T08:25:26Z,2022-09-24T08:25:26Z,2022-09-24T08:25:26Z,1,1
8a378120-cbc8-8dc0-c609-1a6e7e4cee0a,8a378120-cbc8-8dc0-04be-44a8c807932f,6099c65e-7bd4-34ae-8d4e-7fe7992e116f,26aab0cd-6aba-3e1b-ac5b-05c8867e762c,,20,20,162673000,,,,,,,,,8a378120-cbc8-8dc0-3cd0-af5ce5ec7e21,2023-09-30T08:10:26Z,2023-09-30T08:10:26Z,6099c65e-7bd4-34ae-8d4e-7fe7992e116f,CLOSED,CLOSED,CLOSED,0,0,0,2023-09-30T08:25:26Z,2023-09-30T08:25:26Z,2023-09-30T08:25:26Z,1,1
8a378120-cbc8-8dc0-3968-275f04eb7255,8a378120-cbc8-8dc0-04be-44a8c807932f,6099c65e-7bd4-34ae-8d4e-7fe7992e116f,26aab0cd-6aba-3e1b-ac5b-05c8867e762c,,20,20,162673000,,,,,,,,,8a378120-cbc8-8dc0-6d66-43d5cfadfff4,2024-10-05T08:10:26Z,2024-10-05T08:10:26Z,6099c65e-7bd4-34ae-8d4e-7fe7992e116f,CLOSED,CLOSED,CLOSED,0,0,0,2024-10-05T08:25:26Z,2024-10-05T08:25:26Z,2024-10-05T08:25:26Z,1,1
8a378120-cbc8-8dc0-aa99-ccccfeeb8836,8a378120-cbc8-8dc0-04be-44a8c807932f,6099c65e-7bd4-34ae-8d4e-7fe7992e116f,26aab0cd-6aba-3e1b-ac5b-05c8867e762c,,20,20,162673000,,,,,,,,,8a378120-cbc8-8dc0-38d6-20e1f423166e,2025-10-11T08:10:26Z,2025-10-11T08:10:26Z,6099c65e-7bd4-34ae-8d4e-7fe7992e116f,CLOSED,CLOSED,CLOSED,0,0,0,2025-10-11T08:25:26Z,2025-10-11T08:25:26Z,2025-10-11T08:25:26Z,1,1
7bdd30f5-7598-e44a-fc7c-ced36525bfb7,7bdd30f5-7598-e44a-c32c-f928becb9d5e,cdc74d9d-1053-3923-a0e0-92217f4d5006,d31fccc3-1767-390d-966a-22a5156f4219,,2,2,33879002,,,,,,,,,7bdd30f5-7598-e44a-1679-19ac991c5da5,2021-07-05T01:27:40Z,2021-07-05T01:27:40Z,cdc74d9d-1053-3923-a0e0-92217f4d5006,CLOSED,CLOSED,CLOSED,0,0,0,2021-07-05T01:42:40Z,2021-07-05T01:42:40Z,2021-07-05T01:42:40Z,2,2
7bdd30f5-7598-e44a-3af2-48a1c7d7c9c4,7bdd30f5-7598-e44a-c32c-f928becb9d5e,827f247e-e919-31c9-becc-a616f2796524,d31fccc3-1767-390d-966a-22a5156f4219,,10,10,410620009,,,,,,,,,7bdd30f5-7598-e44a-b7df-d00855445e1f,2022-06-20T01:27:40Z,2022-06-20T01:27:40Z,827f247e-e919-31c9-becc-a616f2796524,CLOSED,CLOSED,CLOSED,0,0,0,2022-06-20T01:42:40Z,2022-06-20T01:42:40Z,2022-06-20T01:42:40Z,1,1
7bdd30f5-7598-e44a-af76-b0dbe35eb232,7bdd30f5-7598-e44a-c32c-f928becb9d5e,827f247e-e919-31c9-becc-a616f2796524,d31fccc3-1767-390d-966a-22a5156f4219,,10,10,410620009,,,,,,,,,7bdd30f5-7598-e44a-dabb-ea614d6dda0c,2023-06-26T01:27:40Z,2023-06-26T01:27:40Z,827f247e-e919-31c9-becc-a616f2796524,CLOSED,CLOSED,CLOSED,0,0,0,2023-06-26T01:42:40Z,2023-06-26T01:42:40Z,2023-06-26T01:42:40Z,1,1
7bdd30f5-7598-e44a-ef03-b4959cc7a024,7bdd30f5-7598-e44a-c32c-f928becb9d5e,827f247e-e919-31c9-becc-a616f2796524,d31fccc3-1767-390d-966a-22a5156f4219,,10,10,410620009,,,,,,,,,7bdd30f5-7598-e44a-615c-feff1e17858d,2024-07-01T01:27:40Z,2024-07-01T01:27:40Z,827f247e-e919-31c9-becc-a616f2796524,CLOSED,CLOSED,CLOSED,0,0,0,2024-07-01T01:42:40Z,2024-07-01T01:42:40Z,2024-07-01T01:42:40Z,1,1
7bdd30f5-7598-e44a-a3ac-9d7816621f37,7bdd30f5-7598-e44a-c32c-f928becb9d5e,827f247e-e919-31c9-becc-a616f2796524,d31fccc3-1767-390d-966a-22a5156f4219,,10,10,410620009,,,,,,,,,7bdd30f5-7598-e44a-c2e1-1d6a14e2ba38,2025-07-07T01:27:40Z,2025-07-07T01:27:40Z,827f247e-e919-31c9-becc-a616f2796524,CLOSED,CLOSED,CLOSED,0,0,0,2025-07-07T01:42:40Z,2025-07-07T01:42:40Z,2025-07-07T01:42:40Z,1,1
7bdd30f5-7598-e44a-8a6a-6c4d6260769c,7bdd30f5-7598-e44a-c32c-f928becb9d5e,827f247e-e919-31c9-becc-a616f2796524,d31fccc3-1767-390d-966a-22a5156f4219,,10,10,410620009,,,,,,,,,7bdd30f5-7598-e44a-d20a-cd2f627410a1,2026-07-13T01:27:40Z,2026-07-13T01:27:40Z,827f247e-e919-31c9-becc-a616f2796524,CLOSED,CLOSED,CLOSED,0,0,0,2026-07-13T01:42:40Z,2026-07-13T01:42:40Z,2026-07-13T01:42:40Z,1,1
a296a2ba-b1ad-a3c5-3dcf-38157cf145e2,a296a2ba-b1ad-a3c5-d172-aa3dfdbcdab9,7041a5e6-9ce6-3c22-a0c2-0ff199c3e556,df166300-5a78-3502-a46a-832842197811,,20,20,162673000,,,,,,,,,a296a2ba-b1ad-a3c5-fd47-b28d934d5025,2018-04-15T13:25:58Z,2018-04-15T13:25:58Z,7041a5e6-9ce6-3c22-a0c2-0ff199c3e556,CLOSED,CLOSED,CLOSED,0,0,0,2018-04-15T13:40:58Z,2018-04-15T13:40:58Z,2018-04-15T13:40:58Z,1,1
6550f07d-78c7-bd66-a013-63a886f7634f,6550f07d-78c7-bd66-5faa-a6aa4604e490,b16eb4e7-43ac-34ef-b6e6-ff7dd93209c8,8fa6c185-e44e-3e34-8bd8-39be8694f4ce,,10,10,410620009,,,,,,,,,6550f07d-78c7-bd66-6710-d9f7bd15b901,2017-02-07T11:36:14Z,2017-02-07T11:36:14Z,b16eb4e7-43ac-34ef-b6e6-ff7dd93209c8,CLOSED,CLOSED,CLOSED,0,0,0,2017-02-07T11:51:14Z,2017-02-07T11:51:14Z,2017-02-07T11:51:14Z,1,1
20526ee7-17ba-b863-77c6-bc06baba67b3,20526ee7-17ba-b863-b5f1-776defcde2e6,ea6f89f8-e990-36f2-81ef-dcf6ff3dd456,b046940f-1664-3047-bca7-dfa76be352a4,,20,20,162673000,,,,,,,,,20526ee7-17ba-b863-d52e-9ae00f995390,2016-08-29T13:32:35Z,2016-08-29T13:32:35Z,ea6f89f8-e990-36f2-81ef-dcf6ff3dd456,CLOSED,CLOSED,CLOSED,0,0,0,2016-08-29T13:47:35Z,2016-08-29T13:47:35Z,2016-08-29T13:47:35Z,1,1
a296a2ba-b1ad-a3c5-f642-866beae06ba6,a296a2ba-b1ad-a3c5-d172-aa3dfdbcdab9,6a1b52d6-feb0-31e9-a291-7e8dd8de0198,df166300-5a78-3502-a46a-832842197811,,2,2,33879002,,,,,,,,,a296a2ba-b1ad-a3c5-741f-a83874597a2d,2021-04-11T13:25:58Z,2021-04-11T13:25:58Z,6a1b52d6-feb0-31e9-a291-7e8dd8de0198,CLOSED,CLOSED,CLOSED,0,0,0,2021-04-11T13:40:58Z,2021-04-11T13:40:58Z,2021-04-11T13:40:58Z,2,2
a296a2ba-b1ad-a3c5-c281-e5c9dfabcdfb,a296a2ba-b1ad-a3c5-d172-aa3dfdbcdab9,7041a5e6-9ce6-3c22-a0c2-0ff199c3e556,df166300-5a78-3502-a46a-832842197811,,20,20,162673000,,,,,,,,,a296a2ba-b1ad-a3c5-40bc-981a67b83ed7,2021-04-18T13:25:58Z,2021-04-18T13:25:58Z,7041a5e6-9ce6-3c22-a0c2-0ff199c3e556,CLOSED,CLOSED,CLOSED,0,0,0,2021-04-18T13:40:58Z,2021-04-18T13:40:58Z,2021-04-18T13:40:58Z,1,1
a296a2ba-b1ad-a3c5-a95a-5a20fa400cf9,a296a2ba-b1ad-a3c5-d172-aa3dfdbcdab9,6a1b52d6-feb0-31e9-a291-7e8dd8de0198,df166300-5a78-3502-a46a-832842197811,,2,2,33879002,,,,,,,,,a296a2ba-b1ad-a3c5-2d59-62fb1cbc4080,2021-05-02T13:25:58Z,2021-05-02T13:25:58Z,6a1b52d6-feb0-31e9-a291-7e8dd8de0198,CLOSED,CLOSED,CLOSED,0,0,0,2021-05-02T13:40:58Z,2021-05-02T13:40:58Z,2021-05-02T13:40:58Z,2,2
a296a2ba-b1ad-a3c5-2b9a-f3b1473c347e,a296a2ba-b1ad-a3c5-d172-aa3dfdbcdab9,7041a5e6-9ce6-3c22-a0c2-0ff199c3e556,df166300-5a78-3502-a46a-832842197811,,20,20,59621000,,,,,,,,,a296a2ba-b1ad-a3c5-0397-bc4eacd8ee12,2024-04-21T13:25:58Z,2024-04-21T13:25:58Z,7041a5e6-9ce6-3c22-a0c2-0ff199c3e556,CLOSED,CLOSED,CLOSED,0,0,0,2024-04-21T13:40:58Z,2024-04-21T13:40:58Z,2024-04-21T13:40:58Z,1,1
a296a2ba-b1ad-a3c5-cac9-0847642e0305,a296a2ba-b1ad-a3c5-d172-aa3dfdbcdab9,7041a5e6-9ce6-3c22-a0c2-0ff199c3e556,df166300-5a78-3502-a46a-832842197811,,20,20,59621000,,,,,,,,,a296a2ba-b1ad-a3c5-0397-bc4eacd8ee12,2024-04-21T13:25:58Z,2024-04-21T13:25:58Z,7041a5e6-9ce6-3c22-a0c2-0ff199c3e556,CLOSED,CLOSED,CLOSED,0,0,0,2024-04-21T13:40:58Z,2024-04-21T13:40:58Z,2024-04-21T13:40:58Z,1,1
a296a2ba-b1ad-a3c5-f05a-160674bf02e6,a296a2ba-b1ad-a3c5-d172-aa3dfdbcdab9,92406174-9b60-3bf5-8585-77e72b00aa30,df166300-5a78-3502-a46a-832842197811,,1,1,59621000,,,,,,,,,a296a2ba-b1ad-a3c5-9bd9-6a332d455d0d,2024-04-21T13:25:58Z,2024-05-21T13:25:58Z,92406174-9b60-3bf5-8585-77e72b00aa30,CLOSED,CLOSED,CLOSED,0,0,0,2024-05-21T13:40:58Z,2024-05-21T13:40:58Z,2024-05-21T13:40:58Z,2,2
a296a2ba-b1ad-a3c5-2c33-4a466ce0c545,a296a2ba-b1ad-a3c5-d172-aa3dfdbcdab9,92406174-9b60-3bf5-8585-77e72b00aa30,df166300-5a78-3502-a46a-832842197811,,1,1,59621000,,,,,,,,,a296a2ba-b1ad-a3c5-9bd9-6a332d455d0d,2024-04-21T13:25:58Z,2024-05-21T13:25:58Z,92406174-9b60-3bf5-8585-77e72b00aa30,CLOSED,CLOSED,CLOSED,0,0,0,2024-05-21T13:40:58Z,2024-05-21T13:40:58Z,2024-05-21T13:40:58Z,2,2
a296a2ba-b1ad-a3c5-415a-5331bca32a43,a296a2ba-b1ad-a3c5-d172-aa3dfdbcdab9,92406174-9b60-3bf5-8585-77e72b00aa30,df166300-5a78-3502-a46a-832842197811,,1,1,59621000,,,,,,,,,a296a2ba-b1ad-a3c5-7c12-2b23fe22ce4d,2024-04-21T13:25:58Z,2024-07-20T13:25:58Z,92406174-9b60-3bf5-8585-77e72b00aa30,CLOSED,CLOSED,CLOSED,0,0,0,2024-07-20T13:40:58Z,2024-07-20T13:40:58Z,2024-07-20T13:40:58Z,2,2
a296a2ba-b1ad-a3c5-4fbb-8c72fdb72e6f,a296a2ba-b1ad-a3c5-d172-aa3dfdbcdab9,92406174-9b60-3bf5-8585-77e72b00aa30,df166300-5a78-3502-a46a-832842197811,,1,1,59621000,,,,,,,,,a296a2ba-b1ad-a3c5-7c12-2b23fe22ce4d,2024-04-21T13:25:58Z,2024-07-20T13:25:58Z,92406174-9b60-3bf5-8585-77e72b00aa30,CLOSED,CLOSED,CLOSED,0,0,0,2024-07-20T13:40:58Z,2024-07-20T13:40:58Z,2024-07-20T13:40:58Z,2,2
a296a2ba-b1ad-a3c5-d95b-a083d70e57ac,a296a2ba-b1ad-a3c5-d172-aa3dfdbcdab9,92406174-9b60-3bf5-8585-77e72b00aa30,df166300-5a78-3502-a46a-832842197811,,1,1,59621000,,,,,,,,,a296a2ba-b1ad-a3c5-3068-cd9fe7fbe846,2024-04-21T13:25:58Z,2024-09-18T13:25:58Z,92406174-9b60-3bf5-8585-77e72b00aa30,CLOSED,CLOSED,CLOSED,0,0,0,2024-09-18T13:40:58Z,2024-09-18T13:40:58Z,2024-09-18T13:40:58Z,2,2
a296a2ba-b1ad-a3c5-794a-148e35c698aa,a296a2ba-b1ad-a3c5-d172-aa3dfdbcdab9,7041a5e6-9ce6-3c22-a0c2-0ff199c3e556,df166300-5a78-3502-a46a-832842197811,,20,20,162673000,,,,,,,,,a296a2ba-b1ad-a3c5-3393-ae6fdb8952e1,2025-04-27T13:25:58Z,2025-04-27T13:25:58Z,7041a5e6-9ce6-3c22-a0c2-0ff199c3e556,CLOSED,CLOSED,CLOSED,0,0,0,2025-04-27T13:40:58Z,2025-04-27T13:40:58Z,2025-04-27T13:40:58Z,1,1
a296a2ba-b1ad-a3c5-8d22-282b628fe26b,a296a2ba-b1ad-a3c5-d172-aa3dfdbcdab9,7041a5e6-9ce6-3c22-a0c2-0ff199c3e556,df166300-5a78-3502-a46a-832842197811,,20,20,162673000,,,,,,,,,a296a2ba-b1ad-a3c5-b44d-c5a6a1eed45e,2026-05-03T13:25:58Z,2026-05-03T13:25:58Z,7041a5e6-9ce6-3c22-a0c2-0ff199c3e556,CLOSED,CLOSED,CLOSED,0,0,0,2026-05-03T13:40:58Z,2026-05-03T13:40:58Z,2026-05-03T13:40:58Z,1,1
06fe0fa1-aba9-b4f6-7393-2e71fd120915,06fe0fa1-aba9-b4f6-6231-5f41bd42492d,b96b671d-7c4b-3575-bcf9-28d32da05516,0133f751-9229-3cfd-815f-b6d4979bdd6a,,20,20,162673000,,,,,,,,,06fe0fa1-aba9-b4f6-59fe-41e17eeb89bf,2017-07-27T22:07:11Z,2017-07-27T22:07:11Z,b96b671d-7c4b-3575-bcf9-28d32da05516,CLOSED,CLOSED,CLOSED,0,0,0,2017-07-27T22:22:11Z,2017-07-27T22:22:11Z,2017-07-27T22:22:11Z,1,1
6275db11-d13f-3576-3491-9830b1a919ee,6275db11-d13f-3576-ca29-c3f6247ac2dc,b8738f92-00ef-32ed-8fb5-475f62649858,b046940f-1664-3047-bca7-dfa76be352a4,,10,10,410620009,,,,,,,,,6275db11-d13f-3576-23cb-98a02815cea9,2016-12-30T06:47:26Z,2016-12-30T06:47:26Z,b8738f92-00ef-32ed-8fb5-475f62649858,CLOSED,CLOSED,CLOSED,0,0,0,2016-12-30T07:02:26Z,2016-12-30T07:02:26Z,2016-12-30T07:02:26Z,1,1
6275db11-d13f-3576-f555-93c157af3e2f,6275db11-d13f-3576-ca29-c3f6247ac2dc,b8738f92-00ef-32ed-8fb5-475f62649858,b046940f-1664-3047-bca7-dfa76be352a4,,10,10,410620009,,,,,,,,,6275db11-d13f-3576-5715-d742a753b69f,2018-01-05T06:47:26Z,2018-01-05T06:47:26Z,b8738f92-00ef-32ed-8fb5-475f62649858,CLOSED,CLOSED,CLOSED,0,0,0,2018-01-05T07:02:26Z,2018-01-05T07:02:26Z,2018-01-05T07:02:26Z,1,1
6275db11-d13f-3576-64d1-2f2918302318,6275db11-d13f-3576-ca29-c3f6247ac2dc,b8738f92-00ef-32ed-8fb5-475f62649858,b046940f-1664-3047-bca7-dfa76be352a4,,10,10,410620009,,,,,,,,,6275db11-d13f-3576-8f5f-2adc890b81b9,2019-01-11T06:47:26Z,2019-01-11T06:47:26Z,b8738f92-00ef-32ed-8fb5-475f62649858,CLOSED,CLOSED,CLOSED,0,0,0,2019-01-11T07:02:26Z,2019-01-11T07:02:26Z,2019-01-11T07:02:26Z,1,1
06fe0fa1-aba9-b4f6-ede0-a2f4b52b8353,06fe0fa1-aba9-b4f6-6231-5f41bd42492d,b96b671d-7c4b-3575-bcf9-28d32da05516,0133f751-9229-3cfd-815f-b6d4979bdd6a,,20,20,162673000,,,,,,,,,06fe0fa1-aba9-b4f6-fa85-2b73a40cfc58,2018-08-02T22:07:11Z,2018-08-02T22:07:11Z,b96b671d-7c4b-3575-bcf9-28d32da05516,CLOSED,CLOSED,CLOSED,0,0,0,2018-08-02T22:22:11Z,2018-08-02T22:22:11Z,2018-08-02T22:22:11Z,1,1
20526ee7-17ba-b863-bfeb-e359500dc2e0,20526ee7-17ba-b863-b5f1-776defcde2e6,ea6f89f8-e990-36f2-81ef-dcf6ff3dd456,b046940f-1664-3047-bca7-dfa76be352a4,,20,20,162673000,,,,,,,,,20526ee7-17ba-b863-ccf1-708ac515d392,2018-09-03T13:32:35Z,2018-09-03T13:32:35Z,ea6f89f8-e990-36f2-81ef-dcf6ff3dd456,CLOSED,CLOSED,CLOSED,0,0,0,2018-09-03T13:47:35Z,2018-09-03T13:47:35Z,2018-09-03T13:47:35Z,1,1
6275db11-d13f-3576-a624-4b6e57c79a72,6275db11-d13f-3576-ca29-c3f6247ac2dc,b8738f92-00ef-32ed-8fb5-475f62649858,b046940f-1664-3047-bca7-dfa76be352a4,,10,10,410620009,,,,,,,,,6275db11-d13f-3576-ab5d-7bb461d540ac,2020-01-17T06:47:26Z,2020-01-17T06:47:26Z,b8738f92-00ef-32ed-8fb5-475f62649858,CLOSED,CLOSED,CLOSED,0,0,0,2020-01-17T07:02:26Z,2020-01-17T07:02:26Z,2020-01-17T07:02:26Z,1,1
20526ee7-17ba-b863-35fc-d6c6d7bfe58d,20526ee7-17ba-b863-b5f1-776defcde2e6,ea6f89f8-e990-36f2-81ef-dcf6ff3dd456,b046940f-1664-3047-bca7-dfa76be352a4,,20,20,162673000,,,,,,,,,20526ee7-17ba-b863-7477-739deafc3566,2020-09-07T13:32:35Z,2020-09-07T13:32:35Z,ea6f89f8-e990-36f2-81ef-dcf6ff3dd456,CLOSED,CLOSED,CLOSED,0,0,0,2020-09-07T13:47:35Z,2020-09-07T13:47:35Z,2020-09-07T13:47:35Z,1,1
06fe0fa1-aba9-b4f6-6429-14bff9a14917,06fe0fa1-aba9-b4f6-6231-5f41bd42492d,b96b671d-7c4b-3575-bcf9-28d32da05516,0133f751-9229-3cfd-815f-b6d4979bdd6a,,20,20,162673000,,,,,,,,,06fe0fa1-aba9-b4f6-51e4-fba3df3c54c3,2019-08-08T22:07:11Z,2019-08-08T22:07:11Z,b96b671d-7c4b-3575-bcf9-28d32da05516,CLOSED,CLOSED,CLOSED,0,0,0,2019-08-08T22:22:11Z,2019-08-08T22:22:11Z,2019-08-08T22:22:11Z,1,1
6275db11-d13f-3576-b382-98adfea533db,6275db11-d13f-3576-ca29-c3f6247ac2dc,b8738f92-00ef-32ed-8fb5-475f62649858,b046940f-1664-3047-bca7-dfa76be352a4,,10,10,410620009,,,,,,,,,6275db11-d13f-3576-3e6d-60b8fec724f5,2021-01-22T06:47:26Z,2021-01-22T06:47:26Z,b8738f92-00ef-32ed-8fb5-475f62649858,CLOSED,CLOSED,CLOSED,0,0,0,2021-01-22T07:02:26Z,2021-01-22T07:02:26Z,2021-01-22T07:02:26Z,1,1
20526ee7-17ba-b863-887a-f1ccba9f4f5b,20526ee7-17ba-b863-b5f1-776defcde2e6,b353183b-13ca-3024-bb27-57533efad851,b046940f-1664-3047-bca7-dfa76be352a4,,2,2,33879002,,,,,,,,,20526ee7-17ba-b863-91aa-63ea60d5a71f,2021-03-29T13:32:35Z,2021-03-29T13:32:35Z,b353183b-13ca-3024-bb27-57533efad851,CLOSED,CLOSED,CLOSED,0,0,0,2021-03-29T13:47:35Z,2021-03-29T13:47:35Z,2021-03-29T13:47:35Z,2,2
6550f07d-78c7-bd66-f52c-9ff84dd20a1b,6550f07d-78c7-bd66-5faa-a6aa4604e490,b16eb4e7-43ac-34ef-b6e6-ff7dd93209c8,8fa6c185-e44e-3e34-8bd8-39be8694f4ce,,10,10,410620009,,,,,,,,,6550f07d-78c7-bd66-7178-809d52862d97,2018-02-13T11:36:14Z,2018-02-13T11:36:14Z,b16eb4e7-43ac-34ef-b6e6-ff7dd93209c8,CLOSED,CLOSED,CLOSED,0,0,0,2018-02-13T11:51:14Z,2018-02-13T11:51:14Z,2018-02-13T11:51:14Z,1,1
06fe0fa1-aba9-b4f6-ea09-6d62169518ab,06fe0fa1-aba9-b4f6-6231-5f41bd42492d,b96b671d-7c4b-3575-bcf9-28d32da05516,0133f751-9229-3cfd-815f-b6d4979bdd6a,,20,20,162673000,,,,,,,,,06fe0fa1-aba9-b4f6-3826-8f300521fa6e,2020-08-13T22:07:11Z,2020-08-13T22:07:11Z,b96b671d-7c4b-3575-bcf9-28d32da05516,CLOSED,CLOSED,CLOSED,0,0,0,2020-08-13T22:22:11Z,2020-08-13T22:22:11Z,2020-08-13T22:22:11Z,1,1
6550f07d-78c7-bd66-f549-59a4ed600196,6550f07d-78c7-bd66-5faa-a6aa4604e490,b16eb4e7-43ac-34ef-b6e6-ff7dd93209c8,8fa6c185-e44e-3e34-8bd8-39be8694f4ce,,10,10,410620009,,,,,,,,,6550f07d-78c7-bd66-314a-790bfeafbcae,2019-02-19T11:36:14Z,2019-02-19T11:36:14Z,b16eb4e7-43ac-34ef-b6e6-ff7dd93209c8,CLOSED,CLOSED,CLOSED,0,0,0,2019-02-19T11:51:14Z,2019-02-19T11:51:14Z,2019-02-19T11:51:14Z,1,1
20526ee7-17ba-b863-b7bd-7a14012cc3a4,20526ee7-17ba-b863-b5f1-776defcde2e6,b353183b-13ca-3024-bb27-57533efad851,b046940f-1664-3047-bca7-dfa76be352a4,,2,2,33879002,,,,,,,,,20526ee7-17ba-b863-2bb2-5705202f5445,2021-04-19T13:32:35Z,2021-04-19T13:32:35Z,b353183b-13ca-3024-bb27-57533efad851,CLOSED,CLOSED,CLOSED,0,0,0,2021-04-19T13:47:35Z,2021-04-19T13:47:35Z,2021-04-19T13:47:35Z,2,2
20526ee7-17ba-b863-0185-b7d39a76893b,20526ee7-17ba-b863-b5f1-776defcde2e6,ea6f89f8-e990-36f2-81ef-dcf6ff3dd456,b046940f-1664-3047-bca7-dfa76be352a4,,20,20,162673000,,,,,,,,,20526ee7-17ba-b863-e439-59ee39db669e,2022-08-15T13:32:35Z,2022-08-15T13:32:35Z,ea6f89f8-e990-36f2-81ef-dcf6ff3dd456,CLOSED,CLOSED,CLOSED,0,0,0,2022-08-15T13:47:35Z,2022-08-15T13:47:35Z,2022-08-15T13:47:35Z,1,1
6550f07d-78c7-bd66-b766-692a19b570b4,6550f07d-78c7-bd66-5faa-a6aa4604e490,b16eb4e7-43ac-34ef-b6e6-ff7dd93209c8,8fa6c185-e44e-3e34-8bd8-39be8694f4ce,,10,10,410620009,,,,,,,,,6550f07d-78c7-bd66-2896-1c98b14de725,2020-02-25T11:36:14Z,2020-02-25T11:36:14Z,b16eb4e7-43ac-34ef-b6e6-ff7dd93209c8,CLOSED,CLOSED,CLOSED,0,0,0,2020-02-25T11:51:14Z,2020-02-25T11:51:14Z,2020-02-25T11:51:14Z,1,1
6550f07d-78c7-bd66-acd4-e4ed9ab568f1,6550f07d-78c7-bd66-5faa-a6aa4604e490,b16eb4e7-43ac-34ef-b6e6-ff7dd93209c8,8fa6c185-e44e-3e34-8bd8-39be8694f4ce,,10,10,410620009,,,,,,,,,6550f07d-78c7-bd66-a60f-0ee7486fb307,2021-03-02T11:36:14Z,2021-03-02T11:36:14Z,b16eb4e7-43ac-34ef-b6e6-ff7dd93209c8,CLOSED,CLOSED,CLOSED,0,0,0,2021-03-02T11:51:14Z,2021-03-02T11:51:14Z,2021-03-02T11:51:14Z,1,1
6550f07d-78c7-bd66-2f5f-e5ef77f6fc68,6550f07d-78c7-bd66-5faa-a6aa4604e490,eca4d02a-a9a4-307c-b4e7-b0ec03d47db7,8fa6c185-e44e-3e34-8bd8-39be8694f4ce,,2,2,33879002,,,,,,,,,6550f07d-78c7-bd66-f95c-a912058e34b5,2021-10-19T11:36:14Z,2021-10-19T11:36:14Z,eca4d02a-a9a4-307c-b4e7-b0ec03d47db7,CLOSED,CLOSED,CLOSED,0,0,0,2021-10-19T11:51:14Z,2021-10-19T11:51:14Z,2021-10-19T11:51:14Z,2,2
6550f07d-78c7-bd66-89c3-b283f726296b,6550f07d-78c7-bd66-5faa-a6aa4604e490,eca4d02a-a9a4-307c-b4e7-b0ec03d47db7,8fa6c185-e44e-3e34-8bd8-39be8694f4ce,,2,2,33879002,,,,,,,,,6550f07d-78c7-bd66-3605-8d82c30a4eb4,2021-11-16T11:36:14Z,2021-11-16T11:36:14Z,eca4d02a-a9a4-307c-b4e7-b0ec03d47db7,CLOSED,CLOSED,CLOSED,0,0,0,2021-11-16T11:51:14Z,2021-11-16T11:51:14Z,2021-11-16T11:51:14Z,2,2
6550f07d-78c7-bd66-a750-1c5f698e3df2,6550f07d-78c7-bd66-5faa-a6aa4604e490,b16eb4e7-43ac-34ef-b6e6-ff7dd93209c8,0133f751-9229-3cfd-815f-b6d4979bdd6a,,10,10,410620009,,,,,,,,,6550f07d-78c7-bd66-7db3-2719ba8a6ea9,2022-03-08T11:36:14Z,2022-03-08T11:36:14Z,b16eb4e7-43ac-34ef-b6e6-ff7dd93209c8,CLOSED,CLOSED,CLOSED,0,0,0,2022-03-08T11:51:14Z,2022-03-08T11:51:14Z,2022-03-08T11:51:14Z,1,1
6550f07d-78c7-bd66-b567-112d9572cb5b,6550f07d-78c7-bd66-5faa-a6aa4604e490,b16eb4e7-43ac-34ef-b6e6-ff7dd93209c8,734afbd6-4794-363b-9bc0-6a3981533ed5,,10,10,410620009,,,,,,,,,6550f07d-78c7-bd66-0f65-4dc6f592cd0c,2023-03-14T11:36:14Z,2023-03-14T11:36:14Z,b16eb4e7-43ac-34ef-b6e6-ff7dd93209c8,CLOSED,CLOSED,CLOSED,0,0,0,2023-03-14T11:51:14Z,2023-03-14T11:51:14Z,2023-03-14T11:51:14Z,1,1
06fe0fa1-aba9-b4f6-b931-77b73f7d5059,06fe0fa1-aba9-b4f6-6231-5f41bd42492d,b96b671d-7c4b-3575-bcf9-28d32da05516,0133f751-9229-3cfd-815f-b6d4979bdd6a,,20,20,162673000,,,,,,,,,06fe0fa1-aba9-b4f6-982f-27dc25bf0891,2021-08-19T22:07:11Z,2021-08-19T22:07:11Z,b96b671d-7c4b-3575-bcf9-28d32da05516,CLOSED,CLOSED,CLOSED,0,0,0,2021-08-19T22:22:11Z,2021-08-19T22:22:11Z,2021-08-19T22:22:11Z,1,1
6275db11-d13f-3576-feef-4db2d4542b48,6275db11-d13f-3576-ca29-c3f6247ac2dc,b8738f92-00ef-32ed-8fb5-475f62649858,b046940f-1664-3047-bca7-dfa76be352a4,,10,10,410620009,,,,,,,,,6275db11-d13f-3576-c9ce-89ee54fa63c4,2022-01-28T06:47:26Z,2022-01-28T06:47:26Z,b8738f92-00ef-32ed-8fb5-475f62649858,CLOSED,CLOSED,CLOSED,0,0,0,2022-01-28T07:02:26Z,2022-01-28T07:02:26Z,2022-01-28T07:02:26Z,1,1
06fe0fa1-aba9-b4f6-f61c-f4219f3a6c4d,06fe0fa1-aba9-b4f6-6231-5f41bd42492d,4541ab1d-cd49-3554-b6b9-58722b446788,0133f751-9229-3cfd-815f-b6d4979bdd6a,,2,2,33879002,,,,,,,,,06fe0fa1-aba9-b4f6-1662-f0248bec3517,2021-09-09T22:07:11Z,2021-09-09T22:07:11Z,4541ab1d-cd49-3554-b6b9-58722b446788,CLOSED,CLOSED,CLOSED,0,0,0,2021-09-09T22:22:11Z,2021-09-09T22:22:11Z,2021-09-09T22:22:11Z,2,2
6550f07d-78c7-bd66-f12b-58c960503abe,6550f07d-78c7-bd66-5faa-a6aa4604e490,b16eb4e7-43ac-34ef-b6e6-ff7dd93209c8,734afbd6-4794-363b-9bc0-6a3981533ed5,,20,20,162673000,,,,,,,,,6550f07d-78c7-bd66-78c4-ee5807555c31,2024-03-19T11:36:14Z,2024-03-19T11:36:14Z,b16eb4e7-43ac-34ef-b6e6-ff7dd93209c8,CLOSED,CLOSED,CLOSED,0,0,0,2024-03-19T11:51:14Z,2024-03-19T11:51:14Z,2024-03-19T11:51:14Z,1,1
06fe0fa1-aba9-b4f6-cef2-f84ce4f70292,06fe0fa1-aba9-b4f6-6231-5f41bd42492d,b96b671d-7c4b-3575-bcf9-28d32da05516,0133f751-9229-3cfd-815f-b6d4979bdd6a,,20,20,162673000,,,,,,,,,06fe0fa1-aba9-b4f6-68d3-832a62edc698,2022-08-25T22:07:11Z,2022-08-25T22:07:11Z,b96b671d-7c4b-3575-bcf9-28d32da05516,CLOSED,CLOSED,CLOSED,0,0,0,2022-08-25T22:22:11Z,2022-08-25T22:22:11Z,2022-08-25T22:22:11Z,1,1
6275db11-d13f-3576-d37f-c19b171b34f8,6275db11-d13f-3576-ca29-c3f6247ac2dc,b8738f92-00ef-32ed-8fb5-475f62649858,b046940f-1664-3047-bca7-dfa76be352a4,,10,10,410620009,,,,,,,,,6275db11-d13f-3576-5d8f-9dfbf4b9d45c,2023-02-03T06:47:26Z,2023-02-03T06:47:26Z,b8738f92-00ef-32ed-8fb5-475f62649858,CLOSED,CLOSED,CLOSED,0,0,0,2023-02-03T07:02:26Z,2023-02-03T07:02:26Z,2023-02-03T07:02:26Z,1,1
06fe0fa1-aba9-b4f6-d3f2-a8ad9d59b487,06fe0fa1-aba9-b4f6-6231-5f41bd42492d,b96b671d-7c4b-3575-bcf9-28d32da05516,0133f751-9229-3cfd-815f-b6d4979bdd6a,,20,20,162673000,,,,,,,,,06fe0fa1-aba9-b4f6-45ac-e406237419fb,2023-08-31T22:07:11Z,2023-08-31T22:07:11Z,b96b671d-7c4b-3575-bcf9-28d32da05516,CLOSED,CLOSED,CLOSED,0,0,0,2023-08-31T22:22:11Z,2023-08-31T22:22:11Z,2023-08-31T22:22:11Z,1,1
6275db11-d13f-3576-a31f-8817bda909ae,6275db11-d13f-3576-ca29-c3f6247ac2dc,b8738f92-00ef-32ed-8fb5-475f62649858,b046940f-1664-3047-bca7-dfa76be352a4,,10,10,410620009,,,,,,,,,6275db11-d13f-3576-21ae-6c7a5121a005,2024-02-09T06:47:26Z,2024-02-09T06:47:26Z,b8738f92-00ef-32ed-8fb5-475f62649858,CLOSED,CLOSED,CLOSED,0,0,0,2024-02-09T07:02:26Z,2024-02-09T07:02:26Z,2024-02-09T07:02:26Z,1,1
6550f07d-78c7-bd66-78e4-4c58511980c3,6550f07d-78c7-bd66-5faa-a6aa4604e490,b16eb4e7-43ac-34ef-b6e6-ff7dd93209c8,734afbd6-4794-363b-9bc0-6a3981533ed5,,20,20,162673000,,,,,,,,,6550f07d-78c7-bd66-221f-1ec0d4c7f9d7,2025-03-25T11:36:14Z,2025-03-25T11:36:14Z,b16eb4e7-43ac-34ef-b6e6-ff7dd93209c8,CLOSED,CLOSED,CLOSED,0,0,0,2025-03-25T11:51:14Z,2025-03-25T11:51:14Z,2025-03-25T11:51:14Z,1,1
06fe0fa1-aba9-b4f6-f84b-8eb44d6e68a9,06fe0fa1-aba9-b4f6-6231-5f41bd42492d,b96b671d-7c4b-3575-bcf9-28d32da05516,734afbd6-4794-363b-9bc0-6a3981533ed5,,20,20,162673000,,,,,,,,,06fe0fa1-aba9-b4f6-c642-adb87e19421b,2024-09-05T22:07:11Z,2024-09-05T22:07:11Z,b96b671d-7c4b-3575-bcf9-28d32da05516,CLOSED,CLOSED,CLOSED,0,0,0,2024-09-05T22:22:11Z,2024-09-05T22:22:11Z,2024-09-05T22:22:11Z,1,1
20526ee7-17ba-b863-56aa-ef278fa5a0b6,20526ee7-17ba-b863-b5f1-776defcde2e6,ea6f89f8-e990-36f2-81ef-dcf6ff3dd456,b046940f-1664-3047-bca7-dfa76be352a4,,20,20,162673000,,,,,,,,,20526ee7-17ba-b863-70f9-3fcedd82a7a0,2023-08-21T13:32:35Z,2023-08-21T13:32:35Z,ea6f89f8-e990-36f2-81ef-dcf6ff3dd456,CLOSED,CLOSED,CLOSED,0,0,0,2023-08-21T13:47:35Z,2023-08-21T13:47:35Z,2023-08-21T13:47:35Z,1,1
20526ee7-17ba-b863-c1d5-0d2f4424a741,20526ee7-17ba-b863-b5f1-776defcde2e6,ea6f89f8-e990-36f2-81ef-dcf6ff3dd456,b046940f-1664-3047-bca7-dfa76be352a4,,20,20,162673000,,,,,,,,,20526ee7-17ba-b863-afb8-acb909a502f8,2024-08-26T13:32:35Z,2024-08-26T13:32:35Z,ea6f89f8-e990-36f2-81ef-dcf6ff3dd456,CLOSED,CLOSED,CLOSED,0,0,0,2024-08-26T13:47:35Z,2024-08-26T13:47:35Z,2024-08-26T13:47:35Z,1,1
06fe0fa1-aba9-b4f6-abc5-57b88accf3a2,06fe0fa1-aba9-b4f6-6231-5f41bd42492d,b96b671d-7c4b-3575-bcf9-28d32da05516,734afbd6-4794-363b-9bc0-6a3981533ed5,,20,20,162673000,,,,,,,,,06fe0fa1-aba9-b4f6-8efe-37995ab0ed14,2025-09-11T22:07:11Z,2025-09-11T22:07:11Z,b96b671d-7c4b-3575-bcf9-28d32da05516,CLOSED,CLOSED,CLOSED,0,0,0,2025-09-11T22:22:11Z,2025-09-11T22:22:11Z,2025-09-11T22:22:11Z,1,1
6275db11-d13f-3576-a8ab-33b2c64f5332,6275db11-d13f-3576-ca29-c3f6247ac2dc,b8738f92-00ef-32ed-8fb5-475f62649858,b046940f-1664-3047-bca7-dfa76be352a4,,10,10,410620009,,,,,,,,,6275db11-d13f-3576-d25d-24404f40bb2d,2025-02-14T06:47:26Z,2025-02-14T06:47:26Z,b8738f92-00ef-32ed-8fb5-475f62649858,CLOSED,CLOSED,CLOSED,0,0,0,2025-02-14T07:02:26Z,2025-02-14T07:02:26Z,2025-02-14T07:02:26Z,1,1
20526ee7-17ba-b863-0c3c-d2b4dae71c6e,20526ee7-17ba-b863-b5f1-776defcde2e6,ea6f89f8-e990-36f2-81ef-dcf6ff3dd456,b046940f-1664-3047-bca7-dfa76be352a4,,20,20,162673000,,,,,,,,,20526ee7-17ba-b863-8bb5-0a00b8ce8689,2025-09-01T13:32:35Z,2025-09-01T13:32:35Z,ea6f89f8-e990-36f2-81ef-dcf6ff3dd456,CLOSED,CLOSED,CLOSED,0,0,0,2025-09-01T13:47:35Z,2025-09-01T13:47:35Z,2025-09-01T13:47:35Z,1,1
c53d3c4b-b3b9-3303-5e43-d6ad2449a926,c53d3c4b-b3b9-3303-5a5b-ee949726f4ca,d4c39c92-2a94-3eed-99e5-e6c2b3c5d2fd,b046940f-1664-3047-bca7-dfa76be352a4,,10,10,410620009,,,,,,,,,c53d3c4b-b3b9-3303-2895-9e018322499f,2017-03-30T05:15:56Z,2017-03-30T05:15:56Z,d4c39c92-2a94-3eed-99e5-e6c2b3c5d2fd,CLOSED,CLOSED,CLOSED,0,0,0,2017-03-30T05:30:56Z,2017-03-30T05:30:56Z,2017-03-30T05:30:56Z,1,1
6275db11-d13f-3576-a1c2-e0bc401016b6,6275db11-d13f-3576-ca29-c3f6247ac2dc,b8738f92-00ef-32ed-8fb5-475f62649858,b046940f-1664-3047-bca7-dfa76be352a4,,20,20,162673000,,,,,,,,,6275db11-d13f-3576-d57a-93ea7391b92b,2026-02-20T06:47:26Z,2026-02-20T06:47:26Z,b8738f92-00ef-32ed-8fb5-475f62649858,CLOSED,CLOSED,CLOSED,0,0,0,2026-02-20T07:02:26Z,2026-02-20T07:02:26Z,2026-02-20T07:02:26Z,1,1
a56f7570-fa42-cebe-d406-44d3dcf51ead,a56f7570-fa42-cebe-bded-330118a4268c,41031eb1-a880-3326-a6ef-c4d72d3dba3a,0133f751-9229-3cfd-815f-b6d4979bdd6a,,10,10,410620009,,,,,,,,,a56f7570-fa42-cebe-fa25-10fc18a4f6b3,2017-03-19T23:02:48Z,2017-03-19T23:02:48Z,41031eb1-a880-3326-a6ef-c4d72d3dba3a,CLOSED,CLOSED,CLOSED,0,0,0,2017-03-19T23:17:48Z,2017-03-19T23:17:48Z,2017-03-19T23:17:48Z,1,1
a56f7570-fa42-cebe-08a7-585de84ee8fa,a56f7570-fa42-cebe-bded-330118a4268c,41031eb1-a880-3326-a6ef-c4d72d3dba3a,0133f751-9229-3cfd-815f-b6d4979bdd6a,,10,10,410620009,,,,,,,,,a56f7570-fa42-cebe-ea71-bcdfa1378ce6,2018-03-25T23:02:48Z,2018-03-25T23:02:48Z,41031eb1-a880-3326-a6ef-c4d72d3dba3a,CLOSED,CLOSED,CLOSED,0,0,0,2018-03-25T23:17:48Z,2018-03-25T23:17:48Z,2018-03-25T23:17:48Z,1,1
a56f7570-fa42-cebe-fa22-c7d86bd00c54,a56f7570-fa42-cebe-bded-330118a4268c,41031eb1-a880-3326-a6ef-c4d72d3dba3a,0133f751-9229-3cfd-815f-b6d4979bdd6a,,10,10,410620009,,,,,,,,,a56f7570-fa42-cebe-bae4-ff27e8f643d9,2019-03-31T23:02:48Z,2019-03-31T23:02:48Z,41031eb1-a880-3326-a6ef-c4d72d3dba3a,CLOSED,CLOSED,CLOSED,0,0,0,2019-03-31T23:17:48Z,2019-03-31T23:17:48Z,2019-03-31T23:17:48Z,1,1
a56f7570-fa42-cebe-db59-574f1b3e7165,a56f7570-fa42-cebe-bded-330118a4268c,41031eb1-a880-3326-a6ef-c4d72d3dba3a,0133f751-9229-3cfd-815f-b6d4979bdd6a,,10,10,410620009,,,,,,,,,a56f7570-fa42-cebe-74a8-39bc1f8df25a,2020-04-05T23:02:48Z,2020-04-05T23:02:48Z,41031eb1-a880-3326-a6ef-c4d72d3dba3a,CLOSED,CLOSED,CLOSED,0,0,0,2020-04-05T23:17:48Z,2020-04-05T23:17:48Z,2020-04-05T23:17:48Z,1,1
a56f7570-fa42-cebe-8a8f-31fe3f43d2bb,a56f7570-fa42-cebe-bded-330118a4268c,41031eb1-a880-3326-a6ef-c4d72d3dba3a,0133f751-9229-3cfd-815f-b6d4979bdd6a,,10,10,410620009,,,,,,,,,a56f7570-fa42-cebe-2f53-a4ae1ebc93f1,2021-04-11T23:02:48Z,2021-04-11T23:02:48Z,41031eb1-a880-3326-a6ef-c4d72d3dba3a,CLOSED,CLOSED,CLOSED,0,0,0,2021-04-11T23:17:48Z,2021-04-11T23:17:48Z,2021-04-11T23:17:48Z,1,1
a56f7570-fa42-cebe-ce26-0fbc9a7b1cc8,a56f7570-fa42-cebe-bded-330118a4268c,187e82f8-1c02-3409-bb85-9a280e257ade,0133f751-9229-3cfd-815f-b6d4979bdd6a,,2,2,33879002,,,,,,,,,a56f7570-fa42-cebe-7d8e-7fdf88a11de6,2021-05-09T23:02:48Z,2021-05-09T23:02:48Z,187e82f8-1c02-3409-bb85-9a280e257ade,CLOSED,CLOSED,CLOSED,0,0,0,2021-05-09T23:17:48Z,2021-05-09T23:17:48Z,2021-05-09T23:17:48Z,2,2
a56f7570-fa42-cebe-85d6-8a26b9a3badb,a56f7570-fa42-cebe-bded-330118a4268c,187e82f8-1c02-3409-bb85-9a280e257ade,0133f751-9229-3cfd-815f-b6d4979bdd6a,,2,2,33879002,,,,,,,,,a56f7570-fa42-cebe-9046-c68e5d1e893d,2021-05-30T23:02:48Z,2021-05-30T23:02:48Z,187e82f8-1c02-3409-bb85-9a280e257ade,CLOSED,CLOSED,CLOSED,0,0,0,2021-05-30T23:17:48Z,2021-05-30T23:17:48Z,2021-05-30T23:17:48Z,2,2
a56f7570-fa42-cebe-dad7-5fda95a4d857,a56f7570-fa42-cebe-bded-330118a4268c,41031eb1-a880-3326-a6ef-c4d72d3dba3a,0133f751-9229-3cfd-815f-b6d4979bdd6a,,20,20,162673000,,,,,,,,,a56f7570-fa42-cebe-8c33-c7dd26e7d78b,2022-04-17T23:02:48Z,2022-04-17T23:02:48Z,41031eb1-a880-3326-a6ef-c4d72d3dba3a,CLOSED,CLOSED,CLOSED,0,0,0,2022-04-17T23:17:48Z,2022-04-17T23:17:48Z,2022-04-17T23:17:48Z,1,1
a56f7570-fa42-cebe-448c-0144cd1755cc,a56f7570-fa42-cebe-bded-330118a4268c,41031eb1-a880-3326-a6ef-c4d72d3dba3a,0133f751-9229-3cfd-815f-b6d4979bdd6a,,20,20,162673000,,,,,,,,,a56f7570-fa42-cebe-f675-d96c49a68dce,2023-04-23T23:02:48Z,2023-04-23T23:02:48Z,41031eb1-a880-3326-a6ef-c4d72d3dba3a,CLOSED,CLOSED,CLOSED,0,0,0,2023-04-23T23:17:48Z,2023-04-23T23:17:48Z,2023-04-23T23:17:48Z,1,1
a56f7570-fa42-cebe-efa0-b0624d750fbd,a56f7570-fa42-cebe-bded-330118a4268c,41031eb1-a880-3326-a6ef-c4d72d3dba3a,0133f751-9229-3cfd-815f-b6d4979bdd6a,,20,20,162673000,,,,,,,,,a56f7570-fa42-cebe-41b3-d9eb8f4a571b,2026-04-26T23:02:48Z,2026-04-26T23:02:48Z,41031eb1-a880-3326-a6ef-c4d72d3dba3a,CLOSED,CLOSED,CLOSED,0,0,0,2026-04-26T23:17:48Z,2026-04-26T23:17:48Z,2026-04-26T23:17:48Z,1,1
a7b1943e-4400-ed7b-47e6-253f4312654a,a7b1943e-4400-ed7b-2b1f-67b40f8f36e2,9d6729ad-1114-3064-bdcf-f093d18c1867,b046940f-1664-3047-bca7-dfa76be352a4,,20,20,59621000,,,,,,,,,a7b1943e-4400-ed7b-3c61-8a8c5c954cd5,2010-09-24T07:31:29Z,2010-09-24T07:31:29Z,9d6729ad-1114-3064-bdcf-f093d18c1867,CLOSED,CLOSED,CLOSED,0,0,0,2010-09-24T07:46:29Z,2010-09-24T07:46:29Z,2010-09-24T07:46:29Z,1,1
c53d3c4b-b3b9-3303-ecb2-f990216e1ca0,c53d3c4b-b3b9-3303-5a5b-ee949726f4ca,d4c39c92-2a94-3eed-99e5-e6c2b3c5d2fd,b046940f-1664-3047-bca7-dfa76be352a4,,10,10,410620009,,,,,,,,,c53d3c4b-b3b9-3303-9c87-635b44c6ec75,2018-04-05T05:15:56Z,2018-04-05T05:15:56Z,d4c39c92-2a94-3eed-99e5-e6c2b3c5d2fd,CLOSED,CLOSED,CLOSED,0,0,0,2018-04-05T05:30:56Z,2018-04-05T05:30:56Z,2018-04-05T05:30:56Z,1,1
c53d3c4b-b3b9-3303-9778-b1a70ccb0ff6,c53d3c4b-b3b9-3303-5a5b-ee949726f4ca,d4c39c92-2a94-3eed-99e5-e6c2b3c5d2fd,b046940f-1664-3047-bca7-dfa76be352a4,,10,10,410620009,,,,,,,,,c53d3c4b-b3b9-3303-dde2-45b86fddab69,2019-04-11T05:15:56Z,2019-04-11T05:15:56Z,d4c39c92-2a94-3eed-99e5-e6c2b3c5d2fd,CLOSED,CLOSED,CLOSED,0,0,0,2019-04-11T05:30:56Z,2019-04-11T05:30:56Z,2019-04-11T05:30:56Z,1,1
c53d3c4b-b3b9-3303-e872-de985ea22176,c53d3c4b-b3b9-3303-5a5b-ee949726f4ca,d4c39c92-2a94-3eed-99e5-e6c2b3c5d2fd,b046940f-1664-3047-bca7-dfa76be352a4,,10,10,410620009,,,,,,,,,c53d3c4b-b3b9-3303-8c20-2ad1ce270942,2020-04-16T05:15:56Z,2020-04-16T05:15:56Z,d4c39c92-2a94-3eed-99e5-e6c2b3c5d2fd,CLOSED,CLOSED,CLOSED,0,0,0,2020-04-16T05:30:56Z,2020-04-16T05:30:56Z,2020-04-16T05:30:56Z,1,1
c53d3c4b-b3b9-3303-4e24-caaaa7f970de,c53d3c4b-b3b9-3303-5a5b-ee949726f4ca,d4c39c92-2a94-3eed-99e5-e6c2b3c5d2fd,b046940f-1664-3047-bca7-dfa76be352a4,,10,10,410620009,,,,,,,,,c53d3c4b-b3b9-3303-5e3e-fb39f05c96e8,2021-04-22T05:15:56Z,2021-04-22T05:15:56Z,d4c39c92-2a94-3eed-99e5-e6c2b3c5d2fd,CLOSED,CLOSED,CLOSED,0,0,0,2021-04-22T05:30:56Z,2021-04-22T05:30:56Z,2021-04-22T05:30:56Z,1,1
c53d3c4b-b3b9-3303-70e8-ecb043f5de67,c53d3c4b-b3b9-3303-5a5b-ee949726f4ca,a5c93d85-e66f-3c1e-b28c-fb9f96d9a9d4,b046940f-1664-3047-bca7-dfa76be352a4,,2,2,33879002,,,,,,,,,c53d3c4b-b3b9-3303-6a2e-aad4f824c360,2022-04-21T05:15:56Z,2022-04-21T05:15:56Z,a5c93d85-e66f-3c1e-b28c-fb9f96d9a9d4,CLOSED,CLOSED,CLOSED,0,0,0,2022-04-21T05:30:56Z,2022-04-21T05:30:56Z,2022-04-21T05:30:56Z,2,2
c53d3c4b-b3b9-3303-b2df-6d1286f5240b,c53d3c4b-b3b9-3303-5a5b-ee949726f4ca,d4c39c92-2a94-3eed-99e5-e6c2b3c5d2fd,b046940f-1664-3047-bca7-dfa76be352a4,,10,10,410620009,,,,,,,,,c53d3c4b-b3b9-3303-4ac1-687667f84ca5,2022-04-28T05:15:56Z,2022-04-28T05:15:56Z,d4c39c92-2a94-3eed-99e5-e6c2b3c5d2fd,CLOSED,CLOSED,CLOSED,0,0,0,2022-04-28T05:30:56Z,2022-04-28T05:30:56Z,2022-04-28T05:30:56Z,1,1
c53d3c4b-b3b9-3303-a051-04be8ff82cc2,c53d3c4b-b3b9-3303-5a5b-ee949726f4ca,d4c39c92-2a94-3eed-99e5-e6c2b3c5d2fd,b046940f-1664-3047-bca7-dfa76be352a4,,10,10,410620009,,,,,,,,,c53d3c4b-b3b9-3303-ceac-8274a62ff35b,2023-05-04T05:15:56Z,2023-05-04T05:15:56Z,d4c39c92-2a94-3eed-99e5-e6c2b3c5d2fd,CLOSED,CLOSED,CLOSED,0,0,0,2023-05-04T05:30:56Z,2023-05-04T05:30:56Z,2023-05-04T05:30:56Z,1,1
c53d3c4b-b3b9-3303-a995-e6e212fee12f,c53d3c4b-b3b9-3303-5a5b-ee949726f4ca,d4c39c92-2a94-3eed-99e5-e6c2b3c5d2fd,b046940f-1664-3047-bca7-dfa76be352a4,,10,10,410620009,,,,,,,,,c53d3c4b-b3b9-3303-935f-cf6733e8575b,2024-05-09T05:15:56Z,2024-05-09T05:15:56Z,d4c39c92-2a94-3eed-99e5-e6c2b3c5d2fd,CLOSED,CLOSED,CLOSED,0,0,0,2024-05-09T05:30:56Z,2024-05-09T05:30:56Z,2024-05-09T05:30:56Z,1,1
a7b1943e-4400-ed7b-ad3c-95a2a6d2a460,a7b1943e-4400-ed7b-2b1f-67b40f8f36e2,9d6729ad-1114-3064-bdcf-f093d18c1867,b046940f-1664-3047-bca7-dfa76be352a4,,20,20,59621000,,,,,,,,,a7b1943e-4400-ed7b-3c61-8a8c5c954cd5,2010-09-24T07:31:29Z,2010-09-24T07:31:29Z,9d6729ad-1114-3064-bdcf-f093d18c1867,CLOSED,CLOSED,CLOSED,0,0,0,2010-09-24T07:46:29Z,2010-09-24T07:46:29Z,2010-09-24T07:46:29Z,1,1
a7b1943e-4400-ed7b-99c2-e79e4755f912,a7b1943e-4400-ed7b-2b1f-67b40f8f36e2,9d6729ad-1114-3064-bdcf-f093d18c1867,b046940f-1664-3047-bca7-dfa76be352a4,,20,20,162673000,,,,,,,,,a7b1943e-4400-ed7b-52b7-1e54f2c94ace,2016-10-28T07:31:29Z,2016-10-28T07:31:29Z,9d6729ad-1114-3064-bdcf-f093d18c1867,CLOSED,CLOSED,CLOSED,0,0,0,2016-10-28T07:46:29Z,2016-10-28T07:46:29Z,2016-10-28T07:46:29Z,1,1
a7b1943e-4400-ed7b-ddce-0f9427ae49df,a7b1943e-4400-ed7b-2b1f-67b40f8f36e2,9d6729ad-1114-3064-bdcf-f093d18c1867,b046940f-1664-3047-bca7-dfa76be352a4,,20,20,162673000,,,,,,,,,a7b1943e-4400-ed7b-00a2-845a23a7f027,2017-11-03T07:31:29Z,2017-11-03T07:31:29Z,9d6729ad-1114-3064-bdcf-f093d18c1867,CLOSED,CLOSED,CLOSED,0,0,0,2017-11-03T07:46:29Z,2017-11-03T07:46:29Z,2017-11-03T07:46:29Z,1,1
c53d3c4b-b3b9-3303-9dc2-093c4ef25139,c53d3c4b-b3b9-3303-5a5b-ee949726f4ca,d4c39c92-2a94-3eed-99e5-e6c2b3c5d2fd,b046940f-1664-3047-bca7-dfa76be352a4,,10,10,410620009,,,,,,,,,c53d3c4b-b3b9-3303-11db-61891f300074,2025-05-15T05:15:56Z,2025-05-15T05:15:56Z,d4c39c92-2a94-3eed-99e5-e6c2b3c5d2fd,CLOSED,CLOSED,CLOSED,0,0,0,2025-05-15T05:30:56Z,2025-05-15T05:30:56Z,2025-05-15T05:30:56Z,1,1
c53d3c4b-b3b9-3303-f33d-24a69c33e9be,c53d3c4b-b3b9-3303-5a5b-ee949726f4ca,d4c39c92-2a94-3eed-99e5-e6c2b3c5d2fd,b046940f-1664-3047-bca7-dfa76be352a4,,10,10,410620009,,,,,,,,,c53d3c4b-b3b9-3303-4e5d-a9485c36bcae,2026-05-21T05:15:56Z,2026-05-21T05:15:56Z,d4c39c92-2a94-3eed-99e5-e6c2b3c5d2fd,CLOSED,CLOSED,CLOSED,0,0,0,2026-05-21T05:30:56Z,2026-05-21T05:30:56Z,2026-05-21T05:30:56Z,1,1
e4dffd18-650e-d1a9-dee6-352529322d6e,e4dffd18-650e-d1a9-f0bb-df102547605e,3274af2d-5091-3dc2-947e-a94a54569938,d31fccc3-1767-390d-966a-22a5156f4219,,20,20,162673000,,,,,,,,,e4dffd18-650e-d1a9-0f0d-68526a91c410,2019-07-17T13:56:29Z,2019-07-17T13:56:29Z,3274af2d-5091-3dc2-947e-a94a54569938,CLOSED,CLOSED,CLOSED,0,0,0,2019-07-17T14:11:29Z,2019-07-17T14:11:29Z,2019-07-17T14:11:29Z,1,1
e4dffd18-650e-d1a9-6f4c-fdbbfbc4ab5f,e4dffd18-650e-d1a9-f0bb-df102547605e,3274af2d-5091-3dc2-947e-a94a54569938,d31fccc3-1767-390d-966a-22a5156f4219,,20,20,162673000,,,,,,,,,e4dffd18-650e-d1a9-1595-d430854e900f,2022-07-20T13:56:29Z,2022-07-20T13:56:29Z,3274af2d-5091-3dc2-947e-a94a54569938,CLOSED,CLOSED,CLOSED,0,0,0,2022-07-20T14:11:29Z,2022-07-20T14:11:29Z,2022-07-20T14:11:29Z,1,1
e4dffd18-650e-d1a9-e529-2aa829dbd546,e4dffd18-650e-d1a9-f0bb-df102547605e,3274af2d-5091-3dc2-947e-a94a54569938,d31fccc3-1767-390d-966a-22a5156f4219,,20,20,162673000,,,,,,,,,e4dffd18-650e-d1a9-ddc5-0fe11d548824,2025-07-23T13:56:29Z,2025-07-23T13:56:29Z,3274af2d-5091-3dc2-947e-a94a54569938,CLOSED,CLOSED,CLOSED,0,0,0,2025-07-23T14:11:29Z,2025-07-23T14:11:29Z,2025-07-23T14:11:29Z,1,1
a7b1943e-4400-ed7b-c273-e4f7ad17c9e5,a7b1943e-4400-ed7b-2b1f-67b40f8f36e2,9d6729ad-1114-3064-bdcf-f093d18c1867,b046940f-1664-3047-bca7-dfa76be352a4,,20,20,162673000,,,,,,,,,a7b1943e-4400-ed7b-b57f-390dd02111ba,2018-11-09T07:31:29Z,2018-11-09T07:31:29Z,9d6729ad-1114-3064-bdcf-f093d18c1867,CLOSED,CLOSED,CLOSED,0,0,0,2018-11-09T07:46:29Z,2018-11-09T07:46:29Z,2018-11-09T07:46:29Z,1,1
a7b1943e-4400-ed7b-adae-3b7e89d55e22,a7b1943e-4400-ed7b-2b1f-67b40f8f36e2,9d6729ad-1114-3064-bdcf-f093d18c1867,b046940f-1664-3047-bca7-dfa76be352a4,,20,20,162673000,,,,,,,,,a7b1943e-4400-ed7b-24a6-0c820694390f,2019-11-15T07:31:29Z,2019-11-15T07:31:29Z,9d6729ad-1114-3064-bdcf-f093d18c1867,CLOSED,CLOSED,CLOSED,0,0,0,2019-11-15T07:46:29Z,2019-11-15T07:46:29Z,2019-11-15T07:46:29Z,1,1
a7b1943e-4400-ed7b-868c-7d37cf6e224c,a7b1943e-4400-ed7b-2b1f-67b40f8f36e2,9d6729ad-1114-3064-bdcf-f093d18c1867,b046940f-1664-3047-bca7-dfa76be352a4,,20,20,162673000,,,,,,,,,a7b1943e-4400-ed7b-95a7-dc7106e2f7a9,2020-11-20T07:31:29Z,2020-11-20T07:31:29Z,9d6729ad-1114-3064-bdcf-f093d18c1867,CLOSED,CLOSED,CLOSED,0,0,0,2020-11-20T07:46:29Z,2020-11-20T07:46:29Z,2020-11-20T07:46:29Z,1,1
a7b1943e-4400-ed7b-b0f4-e02282850cec,a7b1943e-4400-ed7b-2b1f-67b40f8f36e2,395fd8ca-73b3-31fe-b30d-ec19a1a39c2b,b046940f-1664-3047-bca7-dfa76be352a4,,2,2,33879002,,,,,,,,,a7b1943e-4400-ed7b-609b-f9049d627ddb,2021-04-30T07:31:29Z,2021-04-30T07:31:29Z,395fd8ca-73b3-31fe-b30d-ec19a1a39c2b,CLOSED,CLOSED,CLOSED,0,0,0,2021-04-30T07:46:29Z,2021-04-30T07:46:29Z,2021-04-30T07:46:29Z,2,2
a7b1943e-4400-ed7b-f9aa-9b2d0b209cb2,a7b1943e-4400-ed7b-2b1f-67b40f8f36e2,395fd8ca-73b3-31fe-b30d-ec19a1a39c2b,b046940f-1664-3047-bca7-dfa76be352a4,,2,2,33879002,,,,,,,,,a7b1943e-4400-ed7b-5e70-e74c9c0979b3,2021-05-21T07:31:29Z,2021-05-21T07:31:29Z,395fd8ca-73b3-31fe-b30d-ec19a1a39c2b,CLOSED,CLOSED,CLOSED,0,0,0,2021-05-21T07:46:29Z,2021-05-21T07:46:29Z,2021-05-21T07:46:29Z,2,2
a7b1943e-4400-ed7b-b3fe-112fa176c90d,a7b1943e-4400-ed7b-2b1f-67b40f8f36e2,9d6729ad-1114-3064-bdcf-f093d18c1867,b046940f-1664-3047-bca7-dfa76be352a4,,20,20,162673000,,,,,,,,,a7b1943e-4400-ed7b-62c3-b27802860e47,2021-11-26T07:31:29Z,2021-11-26T07:31:29Z,9d6729ad-1114-3064-bdcf-f093d18c1867,CLOSED,CLOSED,CLOSED,0,0,0,2021-11-26T07:46:29Z,2021-11-26T07:46:29Z,2021-11-26T07:46:29Z,1,1
a7b1943e-4400-ed7b-15a7-1f56f149e678,a7b1943e-4400-ed7b-2b1f-67b40f8f36e2,9d6729ad-1114-3064-bdcf-f093d18c1867,b046940f-1664-3047-bca7-dfa76be352a4,,20,20,162673000,,,,,,,,,a7b1943e-4400-ed7b-a9cd-b9b8cf54c4f6,2022-12-02T07:31:29Z,2022-12-02T07:31:29Z,9d6729ad-1114-3064-bdcf-f093d18c1867,CLOSED,CLOSED,CLOSED,0,0,0,2022-12-02T07:46:29Z,2022-12-02T07:46:29Z,2022-12-02T07:46:29Z,1,1
a7b1943e-4400-ed7b-7765-1341e734ad16,a7b1943e-4400-ed7b-2b1f-67b40f8f36e2,9d6729ad-1114-3064-bdcf-f093d18c1867,b046940f-1664-3047-bca7-dfa76be352a4,,20,20,162673000,,,,,,,,,a7b1943e-4400-ed7b-1f87-8c6ef50297e5,2023-12-08T07:31:29Z,2023-12-08T07:31:29Z,9d6729ad-1114-3064-bdcf-f093d18c1867,CLOSED,CLOSED,CLOSED,0,0,0,2023-12-08T07:46:29Z,2023-12-08T07:46:29Z,2023-12-08T07:46:29Z,1,1
a7b1943e-4400-ed7b-0dbc-85b84d33865b,a7b1943e-4400-ed7b-2b1f-67b40f8f36e2,9d6729ad-1114-3064-bdcf-f093d18c1867,b046940f-1664-3047-bca7-dfa76be352a4,,20,20,162673000,,,,,,,,,a7b1943e-4400-ed7b-f36d-537d8502ebd5,2024-12-13T07:31:29Z,2024-12-13T07:31:29Z,9d6729ad-1114-3064-bdcf-f093d18c1867,CLOSED,CLOSED,CLOSED,0,0,0,2024-12-13T07:46:29Z,2024-12-13T07:46:29Z,2024-12-13T07:46:29Z,1,1
a7b1943e-4400-ed7b-d075-f164b3d47ee4,a7b1943e-4400-ed7b-2b1f-67b40f8f36e2,9d6729ad-1114-3064-bdcf-f093d18c1867,b046940f-1664-3047-bca7-dfa76be352a4,,20,20,162673000,,,,,,,,,a7b1943e-4400-ed7b-6bf6-0c39a7f7dadb,2025-12-19T07:31:29Z,2025-12-19T07:31:29Z,9d6729ad-1114-3064-bdcf-f093d18c1867,CLOSED,CLOSED,CLOSED,0,0,0,2025-12-19T07:46:29Z,2025-12-19T07:46:29Z,2025-12-19T07:46:29Z,1,1
5fb3b9bc-eba6-e693-d44e-05f99e406100,5fb3b9bc-eba6-e693-4e05-6bd91dbea56b,5c931ece-9ee8-388b-a177-1922aca7c0a9,,,10,10,410620009,,,,,,,,,5fb3b9bc-eba6-e693-31f8-f9511e9d8247,2018-01-24T10:44:57Z,2018-01-24T10:44:57Z,5c931ece-9ee8-388b-a177-1922aca7c0a9,CLOSED,CLOSED,CLOSED,0,0,0,2018-01-24T10:59:57Z,2018-01-24T10:59:57Z,2018-01-24T10:59:57Z,1,1
5fb3b9bc-eba6-e693-125b-f513f1676788,5fb3b9bc-eba6-e693-4e05-6bd91dbea56b,5c931ece-9ee8-388b-a177-1922aca7c0a9,,,10,10,410620009,,,,,,,,,5fb3b9bc-eba6-e693-07b0-ad85a45481a7,2018-02-28T10:44:57Z,2018-02-28T10:44:57Z,5c931ece-9ee8-388b-a177-1922aca7c0a9,CLOSED,CLOSED,CLOSED,0,0,0,2018-02-28T10:59:57Z,2018-02-28T10:59:57Z,2018-02-28T10:59:57Z,1,1
5fb3b9bc-eba6-e693-81cd-3fcde79e953c,5fb3b9bc-eba6-e693-4e05-6bd91dbea56b,5c931ece-9ee8-388b-a177-1922aca7c0a9,,,10,10,410620009,,,,,,,,,5fb3b9bc-eba6-e693-36cf-5d1e6791d4a9,2018-05-02T10:44:57Z,2018-05-02T10:44:57Z,5c931ece-9ee8-388b-a177-1922aca7c0a9,CLOSED,CLOSED,CLOSED,0,0,0,2018-05-02T10:59:57Z,2018-05-02T10:59:57Z,2018-05-02T10:59:57Z,1,1
5fb3b9bc-eba6-e693-6407-e69ef1e70fd5,5fb3b9bc-eba6-e693-4e05-6bd91dbea56b,5c931ece-9ee8-388b-a177-1922aca7c0a9,,,10,10,410620009,,,,,,,,,5fb3b9bc-eba6-e693-fe35-f85da7b6baa4,2018-07-04T10:44:57Z,2018-07-04T10:44:57Z,5c931ece-9ee8-388b-a177-1922aca7c0a9,CLOSED,CLOSED,CLOSED,0,0,0,2018-07-04T10:59:57Z,2018-07-04T10:59:57Z,2018-07-04T10:59:57Z,1,1
5fb3b9bc-eba6-e693-9903-00b7b29da645,5fb3b9bc-eba6-e693-4e05-6bd91dbea56b,5c931ece-9ee8-388b-a177-1922aca7c0a9,,,10,10,410620009,,,,,,,,,5fb3b9bc-eba6-e693-bc1a-ae0041153cec,2018-10-03T10:44:57Z,2018-10-03T10:44:57Z,5c931ece-9ee8-388b-a177-1922aca7c0a9,CLOSED,CLOSED,CLOSED,0,0,0,2018-10-03T10:59:57Z,2018-10-03T10:59:57Z,2018-10-03T10:59:57Z,1,1
5fb3b9bc-eba6-e693-ad33-f8a59bb1c624,5fb3b9bc-eba6-e693-4e05-6bd91dbea56b,5c931ece-9ee8-388b-a177-1922aca7c0a9,,,10,10,410620009,,,,,,,,,5fb3b9bc-eba6-e693-dfcb-c1229ebe7f27,2019-01-02T10:44:57Z,2019-01-02T10:44:57Z,5c931ece-9ee8-388b-a177-1922aca7c0a9,CLOSED,CLOSED,CLOSED,0,0,0,2019-01-02T10:59:57Z,2019-01-02T10:59:57Z,2019-01-02T10:59:57Z,1,1
5fb3b9bc-eba6-e693-3bf0-80d9855d6085,5fb3b9bc-eba6-e693-4e05-6bd91dbea56b,5c931ece-9ee8-388b-a177-1922aca7c0a9,,,10,10,410620009,,,,,,,,,5fb3b9bc-eba6-e693-5d2d-0d48e6fdad49,2019-04-03T10:44:57Z,2019-04-03T10:44:57Z,5c931ece-9ee8-388b-a177-1922aca7c0a9,CLOSED,CLOSED,CLOSED,0,0,0,2019-04-03T10:59:57Z,2019-04-03T10:59:57Z,2019-04-03T10:59:57Z,1,1
5fb3b9bc-eba6-e693-6847-0f1f822206c0,5fb3b9bc-eba6-e693-4e05-6bd91dbea56b,5c931ece-9ee8-388b-a177-1922aca7c0a9,,,10,10,410620009,,,,,,,,,5fb3b9bc-eba6-e693-9fe3-8160200907a7,2019-07-03T10:44:57Z,2019-07-03T10:44:57Z,5c931ece-9ee8-388b-a177-1922aca7c0a9,CLOSED,CLOSED,CLOSED,0,0,0,2019-07-03T10:59:57Z,2019-07-03T10:59:57Z,2019-07-03T10:59:57Z,1,1
5fb3b9bc-eba6-e693-8fc0-dc8929958da4,5fb3b9bc-eba6-e693-4e05-6bd91dbea56b,5c931ece-9ee8-388b-a177-1922aca7c0a9,,,10,10,410620009,,,,,,,,,5fb3b9bc-eba6-e693-bb80-d60d9e27a779,2020-01-01T10:44:57Z,2020-01-01T10:44:57Z,5c931ece-9ee8-388b-a177-1922aca7c0a9,CLOSED,CLOSED,CLOSED,0,0,0,2020-01-01T10:59:57Z,2020-01-01T10:59:57Z,2020-01-01T10:59:57Z,1,1
5fb3b9bc-eba6-e693-de83-1a57ead51420,5fb3b9bc-eba6-e693-4e05-6bd91dbea56b,5c931ece-9ee8-388b-a177-1922aca7c0a9,,,10,10,410620009,,,,,,,,,5fb3b9bc-eba6-e693-0ede-258e80f694db,2020-07-01T10:44:57Z,2020-07-01T10:44:57Z,5c931ece-9ee8-388b-a177-1922aca7c0a9,CLOSED,CLOSED,CLOSED,0,0,0,2020-07-01T10:59:57Z,2020-07-01T10:59:57Z,2020-07-01T10:59:57Z,1,1
5fb3b9bc-eba6-e693-2f8c-4ab491711d5b,5fb3b9bc-eba6-e693-4e05-6bd91dbea56b,5c931ece-9ee8-388b-a177-1922aca7c0a9,,,10,10,410620009,,,,,,,,,5fb3b9bc-eba6-e693-4432-12664874a13e,2020-12-30T10:44:57Z,2020-12-30T10:44:57Z,5c931ece-9ee8-388b-a177-1922aca7c0a9,CLOSED,CLOSED,CLOSED,0,0,0,2020-12-30T10:59:57Z,2020-12-30T10:59:57Z,2020-12-30T10:59:57Z,1,1
f9dd6522-9d7a-93cd-f418-b6fd6b073226,f9dd6522-9d7a-93cd-c9c9-4fe118627441,8f0363a4-a601-37ee-8c1a-d8ff18914295,b046940f-1664-3047-bca7-dfa76be352a4,,20,20,162673000,,,,,,,,,f9dd6522-9d7a-93cd-2aac-2b80dbb4332d,2017-01-02T22:11:11Z,2017-01-02T22:11:11Z,8f0363a4-a601-37ee-8c1a-d8ff18914295,CLOSED,CLOSED,CLOSED,0,0,0,2017-01-02T22:26:11Z,2017-01-02T22:26:11Z,2017-01-02T22:26:11Z,1,1
f9dd6522-9d7a-93cd-673e-39aa4c21c932,f9dd6522-9d7a-93cd-c9c9-4fe118627441,8f0363a4-a601-37ee-8c1a-d8ff18914295,b046940f-1664-3047-bca7-dfa76be352a4,,20,20,162673000,,,,,,,,,f9dd6522-9d7a-93cd-6843-bae12038d2b9,2020-01-06T22:11:11Z,2020-01-06T22:11:11Z,8f0363a4-a601-37ee-8c1a-d8ff18914295,CLOSED,CLOSED,CLOSED,0,0,0,2020-01-06T22:26:11Z,2020-01-06T22:26:11Z,2020-01-06T22:26:11Z,1,1
f9dd6522-9d7a-93cd-2d0d-c254220252bd,f9dd6522-9d7a-93cd-c9c9-4fe118627441,8f0363a4-a601-37ee-8c1a-d8ff18914295,b046940f-1664-3047-bca7-dfa76be352a4,,20,20,59621000,,,,,,,,,f9dd6522-9d7a-93cd-fcf8-93c384cecd41,2023-01-09T22:11:11Z,2023-01-09T22:11:11Z,8f0363a4-a601-37ee-8c1a-d8ff18914295,CLOSED,CLOSED,CLOSED,0,0,0,2023-01-09T22:26:11Z,2023-01-09T22:26:11Z,2023-01-09T22:26:11Z,1,1
f9dd6522-9d7a-93cd-fbbe-c28dbd5dd51a,f9dd6522-9d7a-93cd-c9c9-4fe118627441,8f0363a4-a601-37ee-8c1a-d8ff18914295,b046940f-1664-3047-bca7-dfa76be352a4,,20,20,59621000,,,,,,,,,f9dd6522-9d7a-93cd-fcf8-93c384cecd41,2023-01-09T22:11:11Z,2023-01-09T22:11:11Z,8f0363a4-a601-37ee-8c1a-d8ff18914295,CLOSED,CLOSED,CLOSED,0,0,0,2023-01-09T22:26:11Z,2023-01-09T22:26:11Z,2023-01-09T22:26:11Z,1,1
f9dd6522-9d7a-93cd-3643-ed8d125323e3,f9dd6522-9d7a-93cd-c9c9-4fe118627441,6e8e7403-1e26-3d2e-9847-df4675887b95,b046940f-1664-3047-bca7-dfa76be352a4,,1,1,59621000,,,,,,,,,f9dd6522-9d7a-93cd-5d17-e120e8629007,2023-01-09T22:11:11Z,2023-02-08T22:11:11Z,6e8e7403-1e26-3d2e-9847-df4675887b95,CLOSED,CLOSED,CLOSED,0,0,0,2023-02-08T22:26:11Z,2023-02-08T22:26:11Z,2023-02-08T22:26:11Z,2,2
f9dd6522-9d7a-93cd-8ab2-ffe4c1e784f8,f9dd6522-9d7a-93cd-c9c9-4fe118627441,6e8e7403-1e26-3d2e-9847-df4675887b95,b046940f-1664-3047-bca7-dfa76be352a4,,1,1,59621000,,,,,,,,,f9dd6522-9d7a-93cd-9e47-756bd5f61f0d,2023-01-09T22:11:11Z,2023-04-09T22:11:11Z,6e8e7403-1e26-3d2e-9847-df4675887b95,CLOSED,CLOSED,CLOSED,0,0,0,2023-04-09T22:26:11Z,2023-04-09T22:26:11Z,2023-04-09T22:26:11Z,2,2
f9dd6522-9d7a-93cd-2c60-6acbd7ba66c8,f9dd6522-9d7a-93cd-c9c9-4fe118627441,6e8e7403-1e26-3d2e-9847-df4675887b95,b046940f-1664-3047-bca7-dfa76be352a4,,1,1,59621000,,,,,,,,,f9dd6522-9d7a-93cd-0e26-9fb9427025c1,2023-01-09T22:11:11Z,2023-06-08T22:11:11Z,6e8e7403-1e26-3d2e-9847-df4675887b95,CLOSED,CLOSED,CLOSED,0,0,0,2023-06-08T22:26:11Z,2023-06-08T22:26:11Z,2023-06-08T22:26:11Z,2,2
f9dd6522-9d7a-93cd-e526-57fee14f5f3b,f9dd6522-9d7a-93cd-c9c9-4fe118627441,8f0363a4-a601-37ee-8c1a-d8ff18914295,b046940f-1664-3047-bca7-dfa76be352a4,,20,20,162673000,,,,,,,,,f9dd6522-9d7a-93cd-b496-3cc4738bf6f9,2024-01-15T22:11:11Z,2024-01-15T22:11:11Z,8f0363a4-a601-37ee-8c1a-d8ff18914295,CLOSED,CLOSED,CLOSED,0,0,0,2024-01-15T22:26:11Z,2024-01-15T22:26:11Z,2024-01-15T22:26:11Z,1,1
f9dd6522-9d7a-93cd-8204-660fc0bb78f8,f9dd6522-9d7a-93cd-c9c9-4fe118627441,8f0363a4-a601-37ee-8c1a-d8ff18914295,b046940f-1664-3047-bca7-dfa76be352a4,,20,20,162673000,,,,,,,,,f9dd6522-9d7a-93cd-8a1a-e9ff805d9bac,2025-01-20T22:11:11Z,2025-01-20T22:11:11Z,8f0363a4-a601-37ee-8c1a-d8ff18914295,CLOSED,CLOSED,CLOSED,0,0,0,2025-01-20T22:26:11Z,2025-01-20T22:26:11Z,2025-01-20T22:26:11Z,1,1
f9dd6522-9d7a-93cd-aef4-95f2aa8fe214,f9dd6522-9d7a-93cd-c9c9-4fe118627441,8f0363a4-a601-37ee-8c1a-d8ff18914295,b046940f-1664-3047-bca7-dfa76be352a4,,20,20,162673000,,,,,,,,,f9dd6522-9d7a-93cd-25d8-5452f29c9d31,2026-01-26T22:11:11Z,2026-01-26T22:11:11Z,8f0363a4-a601-37ee-8c1a-d8ff18914295,CLOSED,CLOSED,CLOSED,0,0,0,2026-01-26T22:26:11Z,2026-01-26T22:26:11Z,2026-01-26T22:26:11Z,1,1
f0af24ba-22df-a2a6-2272-e6612c723f2b,f0af24ba-22df-a2a6-ca80-9814fb6febff,9bc3a64f-a5c5-3597-a3e4-9bff7e8f1f1a,,,20,20,162673000,,,,,,,,,f0af24ba-22df-a2a6-f08b-af8745cc0787,2018-02-02T00:38:03Z,2018-02-02T00:38:03Z,9bc3a64f-a5c5-3597-a3e4-9bff7e8f1f1a,CLOSED,CLOSED,CLOSED,0,0,0,2018-02-02T00:53:03Z,2018-02-02T00:53:03Z,2018-02-02T00:53:03Z,1,1
5fb3b9bc-eba6-e693-8c1e-cd438f01506d,5fb3b9bc-eba6-e693-4e05-6bd91dbea56b,5c931ece-9ee8-388b-a177-1922aca7c0a9,,,10,10,410620009,,,,,,,,,5fb3b9bc-eba6-e693-a142-66b2b01ff9c3,2021-06-30T10:44:57Z,2021-06-30T10:44:57Z,5c931ece-9ee8-388b-a177-1922aca7c0a9,CLOSED,CLOSED,CLOSED,0,0,0,2021-06-30T10:59:57Z,2021-06-30T10:59:57Z,2021-06-30T10:59:57Z,1,1
13bbd9ac-5c42-f173-cb2d-13b63f016efc,13bbd9ac-5c42-f173-5411-4e30e7da9e8d,8f0363a4-a601-37ee-8c1a-d8ff18914295,df166300-5a78-3502-a46a-832842197811,,20,20,162673000,,,,,,,,,13bbd9ac-5c42-f173-7e21-28deab6c2644,2017-05-30T20:26:23Z,2017-05-30T20:26:23Z,8f0363a4-a601-37ee-8c1a-d8ff18914295,CLOSED,CLOSED,CLOSED,0,0,0,2017-05-30T20:41:23Z,2017-05-30T20:41:23Z,2017-05-30T20:41:23Z,1,1
13bbd9ac-5c42-f173-0158-214701805136,13bbd9ac-5c42-f173-5411-4e30e7da9e8d,8f0363a4-a601-37ee-8c1a-d8ff18914295,df166300-5a78-3502-a46a-832842197811,,20,20,162673000,,,,,,,,,13bbd9ac-5c42-f173-1b5b-d94da3a54a08,2018-06-05T20:26:23Z,2018-06-05T20:26:23Z,8f0363a4-a601-37ee-8c1a-d8ff18914295,CLOSED,CLOSED,CLOSED,0,0,0,2018-06-05T20:41:23Z,2018-06-05T20:41:23Z,2018-06-05T20:41:23Z,1,1
13bbd9ac-5c42-f173-4f8a-2e1ed610a2d1,13bbd9ac-5c42-f173-5411-4e30e7da9e8d,8f0363a4-a601-37ee-8c1a-d8ff18914295,df166300-5a78-3502-a46a-832842197811,,20,20,162673000,,,,,,,,,13bbd9ac-5c42-f173-000e-ace2a1eb12fd,2019-06-11T20:26:23Z,2019-06-11T20:26:23Z,8f0363a4-a601-37ee-8c1a-d8ff18914295,CLOSED,CLOSED,CLOSED,0,0,0,2019-06-11T20:41:23Z,2019-06-11T20:41:23Z,2019-06-11T20:41:23Z,1,1
f0af24ba-22df-a2a6-afc9-5278ad714aec,f0af24ba-22df-a2a6-ca80-9814fb6febff,9bc3a64f-a5c5-3597-a3e4-9bff7e8f1f1a,,,20,20,162673000,,,,,,,,,f0af24ba-22df-a2a6-8112-b799cf954bec,2020-11-20T00:38:03Z,2020-11-20T00:38:03Z,9bc3a64f-a5c5-3597-a3e4-9bff7e8f1f1a,CLOSED,CLOSED,CLOSED,0,0,0,2020-11-20T00:53:03Z,2020-11-20T00:53:03Z,2020-11-20T00:53:03Z,1,1
f0af24ba-22df-a2a6-036d-4998601e9a97,f0af24ba-22df-a2a6-ca80-9814fb6febff,bc4898f3-117d-3fec-9149-5312dfcdb610,,,2,2,33879002,,,,,,,,,f0af24ba-22df-a2a6-5350-ad01c9a1fab5,2021-04-30T00:38:03Z,2021-04-30T00:38:03Z,bc4898f3-117d-3fec-9149-5312dfcdb610,CLOSED,CLOSED,CLOSED,0,0,0,2021-04-30T00:53:03Z,2021-04-30T00:53:03Z,2021-04-30T00:53:03Z,2,2
f0af24ba-22df-a2a6-1103-c4ff3c85e2f2,f0af24ba-22df-a2a6-ca80-9814fb6febff,bc4898f3-117d-3fec-9149-5312dfcdb610,,,2,2,33879002,,,,,,,,,f0af24ba-22df-a2a6-1343-abcf8b3c2c22,2021-05-21T00:38:03Z,2021-05-21T00:38:03Z,bc4898f3-117d-3fec-9149-5312dfcdb610,CLOSED,CLOSED,CLOSED,0,0,0,2021-05-21T00:53:03Z,2021-05-21T00:53:03Z,2021-05-21T00:53:03Z,2,2
f0af24ba-22df-a2a6-4887-22ee674a9cc0,f0af24ba-22df-a2a6-ca80-9814fb6febff,9bc3a64f-a5c5-3597-a3e4-9bff7e8f1f1a,,,20,20,162673000,,,,,,,,,f0af24ba-22df-a2a6-f9a0-86dcc65d7985,2022-11-25T00:38:03Z,2022-11-25T00:38:03Z,9bc3a64f-a5c5-3597-a3e4-9bff7e8f1f1a,CLOSED,CLOSED,CLOSED,0,0,0,2022-11-25T00:53:03Z,2022-11-25T00:53:03Z,2022-11-25T00:53:03Z,1,1
f0af24ba-22df-a2a6-b615-2da35e91e523,f0af24ba-22df-a2a6-ca80-9814fb6febff,9bc3a64f-a5c5-3597-a3e4-9bff7e8f1f1a,,,20,20,162673000,,,,,,,,,f0af24ba-22df-a2a6-7a96-05722edb2c87,2024-11-29T00:38:03Z,2024-11-29T00:38:03Z,9bc3a64f-a5c5-3597-a3e4-9bff7e8f1f1a,CLOSED,CLOSED,CLOSED,0,0,0,2024-11-29T00:53:03Z,2024-11-29T00:53:03Z,2024-11-29T00:53:03Z,1,1
13bbd9ac-5c42-f173-a585-40e1341be5db,13bbd9ac-5c42-f173-5411-4e30e7da9e8d,8f0363a4-a601-37ee-8c1a-d8ff18914295,df166300-5a78-3502-a46a-832842197811,,20,20,162673000,,,,,,,,,13bbd9ac-5c42-f173-80df-1d876952cc33,2020-06-16T20:26:23Z,2020-06-16T20:26:23Z,8f0363a4-a601-37ee-8c1a-d8ff18914295,CLOSED,CLOSED,CLOSED,0,0,0,2020-06-16T20:41:23Z,2020-06-16T20:41:23Z,2020-06-16T20:41:23Z,1,1
13bbd9ac-5c42-f173-4683-d38874466132,13bbd9ac-5c42-f173-5411-4e30e7da9e8d,6e8e7403-1e26-3d2e-9847-df4675887b95,df166300-5a78-3502-a46a-832842197811,,2,2,33879002,,,,,,,,,13bbd9ac-5c42-f173-89a4-fd63999e0d42,2021-04-13T20:26:23Z,2021-04-13T20:26:23Z,6e8e7403-1e26-3d2e-9847-df4675887b95,CLOSED,CLOSED,CLOSED,0,0,0,2021-04-13T20:41:23Z,2021-04-13T20:41:23Z,2021-04-13T20:41:23Z,2,2
13bbd9ac-5c42-f173-d36a-1b5b742d2334,13bbd9ac-5c42-f173-5411-4e30e7da9e8d,6e8e7403-1e26-3d2e-9847-df4675887b95,df166300-5a78-3502-a46a-832842197811,,2,2,33879002,,,,,,,,,13bbd9ac-5c42-f173-3f35-fa1bcc0c8d1d,2021-05-04T20:26:23Z,2021-05-04T20:26:23Z,6e8e7403-1e26-3d2e-9847-df4675887b95,CLOSED,CLOSED,CLOSED,0,0,0,2021-05-04T20:41:23Z,2021-05-04T20:41:23Z,2021-05-04T20:41:23Z,2,2
13bbd9ac-5c42-f173-c212-5059cd4c1c1c,13bbd9ac-5c42-f173-5411-4e30e7da9e8d,8f0363a4-a601-37ee-8c1a-d8ff18914295,df166300-5a78-3502-a46a-832842197811,,20,20,162673000,,,,,,,,,13bbd9ac-5c42-f173-755e-acb123a07714,2021-06-22T20:26:23Z,2021-06-22T20:26:23Z,8f0363a4-a601-37ee-8c1a-d8ff18914295,CLOSED,CLOSED,CLOSED,0,0,0,2021-06-22T20:41:23Z,2021-06-22T20:41:23Z,2021-06-22T20:41:23Z,1,1
13bbd9ac-5c42-f173-55cb-cb77daf19bf7,13bbd9ac-5c42-f173-5411-4e30e7da9e8d,8f0363a4-a601-37ee-8c1a-d8ff18914295,df166300-5a78-3502-a46a-832842197811,,20,20,162673000,,,,,,,,,13bbd9ac-5c42-f173-2bb8-ac33fa34a181,2022-06-28T20:26:23Z,2022-06-28T20:26:23Z,8f0363a4-a601-37ee-8c1a-d8ff18914295,CLOSED,CLOSED,CLOSED,0,0,0,2022-06-28T20:41:23Z,2022-06-28T20:41:23Z,2022-06-28T20:41:23Z,1,1
13bbd9ac-5c42-f173-2854-796625d18502,13bbd9ac-5c42-f173-5411-4e30e7da9e8d,8f0363a4-a601-37ee-8c1a-d8ff18914295,df166300-5a78-3502-a46a-832842197811,,20,20,162673000,,,,,,,,,13bbd9ac-5c42-f173-1f76-6e8d58e0a241,2023-07-04T20:26:23Z,2023-07-04T20:26:23Z,8f0363a4-a601-37ee-8c1a-d8ff18914295,CLOSED,CLOSED,CLOSED,0,0,0,2023-07-04T20:41:23Z,2023-07-04T20:41:23Z,2023-07-04T20:41:23Z,1,1
13bbd9ac-5c42-f173-2ca1-bc7ad81ecdb2,13bbd9ac-5c42-f173-5411-4e30e7da9e8d,8f0363a4-a601-37ee-8c1a-d8ff18914295,df166300-5a78-3502-a46a-832842197811,,20,20,162673000,,,,,,,,,13bbd9ac-5c42-f173-7ced-32b94f324ad6,2024-07-09T20:26:23Z,2024-07-09T20:26:23Z,8f0363a4-a601-37ee-8c1a-d8ff18914295,CLOSED,CLOSED,CLOSED,0,0,0,2024-07-09T20:41:23Z,2024-07-09T20:41:23Z,2024-07-09T20:41:23Z,1,1
13bbd9ac-5c42-f173-17c7-c43468f12325,13bbd9ac-5c42-f173-5411-4e30e7da9e8d,8f0363a4-a601-37ee-8c1a-d8ff18914295,df166300-5a78-3502-a46a-832842197811,,20,20,162673000,,,,,,,,,13bbd9ac-5c42-f173-34b0-c480b7bcf02e,2025-07-15T20:26:23Z,2025-07-15T20:26:23Z,8f0363a4-a601-37ee-8c1a-d8ff18914295,CLOSED,CLOSED,CLOSED,0,0,0,2025-07-15T20:41:23Z,2025-07-15T20:41:23Z,2025-07-15T20:41:23Z,1,1
5fb3b9bc-eba6-e693-7e13-b3d6465c5ea9,5fb3b9bc-eba6-e693-4e05-6bd91dbea56b,5c931ece-9ee8-388b-a177-1922aca7c0a9,,,10,10,410620009,,,,,,,,,5fb3b9bc-eba6-e693-7cc6-767b263041d5,2021-12-29T10:44:57Z,2021-12-29T10:44:57Z,5c931ece-9ee8-388b-a177-1922aca7c0a9,CLOSED,CLOSED,CLOSED,0,0,0,2021-12-29T10:59:57Z,2021-12-29T10:59:57Z,2021-12-29T10:59:57Z,1,1
5fb3b9bc-eba6-e693-ae11-0cf42ec82d20,5fb3b9bc-eba6-e693-4e05-6bd91dbea56b,5c931ece-9ee8-388b-a177-1922aca7c0a9,,,10,10,410620009,,,,,,,,,5fb3b9bc-eba6-e693-f725-39ffab636733,2023-01-04T10:44:57Z,2023-01-04T10:44:57Z,5c931ece-9ee8-388b-a177-1922aca7c0a9,CLOSED,CLOSED,CLOSED,0,0,0,2023-01-04T10:59:57Z,2023-01-04T10:59:57Z,2023-01-04T10:59:57Z,1,1
5fb3b9bc-eba6-e693-fb3e-b0fc82c64838,5fb3b9bc-eba6-e693-4e05-6bd91dbea56b,5c931ece-9ee8-388b-a177-1922aca7c0a9,,,10,10,410620009,,,,,,,,,5fb3b9bc-eba6-e693-c73b-a015052f9d84,2024-01-10T10:44:57Z,2024-01-10T10:44:57Z,5c931ece-9ee8-388b-a177-1922aca7c0a9,CLOSED,CLOSED,CLOSED,0,0,0,2024-01-10T10:59:57Z,2024-01-10T10:59:57Z,2024-01-10T10:59:57Z,1,1
5fb3b9bc-eba6-e693-3751-fbb6edc965e1,5fb3b9bc-eba6-e693-4e05-6bd91dbea56b,5c931ece-9ee8-388b-a177-1922aca7c0a9,,,10,10,410620009,,,,,,,,,5fb3b9bc-eba6-e693-bfab-d7dc8f9851bf,2025-01-15T10:44:57Z,2025-01-15T10:44:57Z,5c931ece-9ee8-388b-a177-1922aca7c0a9,CLOSED,CLOSED,CLOSED,0,0,0,2025-01-15T10:59:57Z,2025-01-15T10:59:57Z,2025-01-15T10:59:57Z,1,1
5fb3b9bc-eba6-e693-bcfe-dc94de98d334,5fb3b9bc-eba6-e693-4e05-6bd91dbea56b,5c931ece-9ee8-388b-a177-1922aca7c0a9,,,10,10,410620009,,,,,,,,,5fb3b9bc-eba6-e693-3618-01ec714cdc50,2026-01-21T10:44:57Z,2026-01-21T10:44:57Z,5c931ece-9ee8-388b-a177-1922aca7c0a9,CLOSED,CLOSED,CLOSED,0,0,0,2026-01-21T10:59:57Z,2026-01-21T10:59:57Z,2026-01-21T10:59:57Z,1,1
50ad813c-cbc2-47aa-f2b9-dfa2f53c5b60,50ad813c-cbc2-47aa-eaaa-8694cbcd66c9,67d682aa-2e5d-3e7b-9a4b-d9ee477b244b,df166300-5a78-3502-a46a-832842197811,,10,10,410620009,,,,,,,,,50ad813c-cbc2-47aa-0065-cb21f150ca11,2022-11-18T23:55:19Z,2022-11-18T23:55:19Z,67d682aa-2e5d-3e7b-9a4b-d9ee477b244b,CLOSED,CLOSED,CLOSED,0,0,0,2022-11-19T00:10:19Z,2022-11-19T00:10:19Z,2022-11-19T00:10:19Z,1,1
50ad813c-cbc2-47aa-5903-f8c63af7ab98,50ad813c-cbc2-47aa-eaaa-8694cbcd66c9,67d682aa-2e5d-3e7b-9a4b-d9ee477b244b,df166300-5a78-3502-a46a-832842197811,,10,10,410620009,,,,,,,,,50ad813c-cbc2-47aa-1310-a1ee7eb4128c,2022-12-23T23:55:19Z,2022-12-23T23:55:19Z,67d682aa-2e5d-3e7b-9a4b-d9ee477b244b,CLOSED,CLOSED,CLOSED,0,0,0,2022-12-24T00:10:19Z,2022-12-24T00:10:19Z,2022-12-24T00:10:19Z,1,1
50ad813c-cbc2-47aa-300a-91f941fa2fb0,50ad813c-cbc2-47aa-eaaa-8694cbcd66c9,67d682aa-2e5d-3e7b-9a4b-d9ee477b244b,df166300-5a78-3502-a46a-832842197811,,10,10,410620009,,,,,,,,,50ad813c-cbc2-47aa-2eb0-f23a9c196505,2023-02-24T23:55:19Z,2023-02-24T23:55:19Z,67d682aa-2e5d-3e7b-9a4b-d9ee477b244b,CLOSED,CLOSED,CLOSED,0,0,0,2023-02-25T00:10:19Z,2023-02-25T00:10:19Z,2023-02-25T00:10:19Z,1,1
50ad813c-cbc2-47aa-31fd-756d64caef01,50ad813c-cbc2-47aa-eaaa-8694cbcd66c9,67d682aa-2e5d-3e7b-9a4b-d9ee477b244b,df166300-5a78-3502-a46a-832842197811,,10,10,410620009,,,,,,,,,50ad813c-cbc2-47aa-b1d0-6fe84c0b9655,2023-04-28T23:55:19Z,2023-04-28T23:55:19Z,67d682aa-2e5d-3e7b-9a4b-d9ee477b244b,CLOSED,CLOSED,CLOSED,0,0,0,2023-04-29T00:10:19Z,2023-04-29T00:10:19Z,2023-04-29T00:10:19Z,1,1
50ad813c-cbc2-47aa-a6ca-ddb5956ecc10,50ad813c-cbc2-47aa-eaaa-8694cbcd66c9,67d682aa-2e5d-3e7b-9a4b-d9ee477b244b,df166300-5a78-3502-a46a-832842197811,,10,10,410620009,,,,,,,,,50ad813c-cbc2-47aa-7715-35459ced66a2,2023-07-28T23:55:19Z,2023-07-28T23:55:19Z,67d682aa-2e5d-3e7b-9a4b-d9ee477b244b,CLOSED,CLOSED,CLOSED,0,0,0,2023-07-29T00:10:19Z,2023-07-29T00:10:19Z,2023-07-29T00:10:19Z,1,1
50ad813c-cbc2-47aa-8062-b5bfaa4a3e07,50ad813c-cbc2-47aa-eaaa-8694cbcd66c9,67d682aa-2e5d-3e7b-9a4b-d9ee477b244b,df166300-5a78-3502-a46a-832842197811,,10,10,410620009,,,,,,,,,50ad813c-cbc2-47aa-2164-3b6c8179dee6,2023-10-27T23:55:19Z,2023-10-27T23:55:19Z,67d682aa-2e5d-3e7b-9a4b-d9ee477b244b,CLOSED,CLOSED,CLOSED,0,0,0,2023-10-28T00:10:19Z,2023-10-28T00:10:19Z,2023-10-28T00:10:19Z,1,1
50ad813c-cbc2-47aa-c0f3-db63f030762e,50ad813c-cbc2-47aa-eaaa-8694cbcd66c9,67d682aa-2e5d-3e7b-9a4b-d9ee477b244b,df166300-5a78-3502-a46a-832842197811,,10,10,410620009,,,,,,,,,50ad813c-cbc2-47aa-dc55-0b38a7011d71,2024-01-26T23:55:19Z,2024-01-26T23:55:19Z,67d682aa-2e5d-3e7b-9a4b-d9ee477b244b,CLOSED,CLOSED,CLOSED,0,0,0,2024-01-27T00:10:19Z,2024-01-27T00:10:19Z,2024-01-27T00:10:19Z,1,1
50ad813c-cbc2-47aa-35a5-bf6027b78e40,50ad813c-cbc2-47aa-eaaa-8694cbcd66c9,67d682aa-2e5d-3e7b-9a4b-d9ee477b244b,df166300-5a78-3502-a46a-832842197811,,10,10,410620009,,,,,,,,,50ad813c-cbc2-47aa-01dc-8e0c82371ddc,2024-04-26T23:55:19Z,2024-04-26T23:55:19Z,67d682aa-2e5d-3e7b-9a4b-d9ee477b244b,CLOSED,CLOSED,CLOSED,0,0,0,2024-04-27T00:10:19Z,2024-04-27T00:10:19Z,2024-04-27T00:10:19Z,1,1
50ad813c-cbc2-47aa-361d-10ae55e89ebf,50ad813c-cbc2-47aa-eaaa-8694cbcd66c9,67d682aa-2e5d-3e7b-9a4b-d9ee477b244b,df166300-5a78-3502-a46a-832842197811,,10,10,410620009,,,,,,,,,50ad813c-cbc2-47aa-1efc-41ef7ddf96cb,2024-10-25T23:55:19Z,2024-10-25T23:55:19Z,67d682aa-2e5d-3e7b-9a4b-d9ee477b244b,CLOSED,CLOSED,CLOSED,0,0,0,2024-10-26T00:10:19Z,2024-10-26T00:10:19Z,2024-10-26T00:10:19Z,1,1
50ad813c-cbc2-47aa-8685-98e0e6e16a21,50ad813c-cbc2-47aa-eaaa-8694cbcd66c9,67d682aa-2e5d-3e7b-9a4b-d9ee477b244b,df166300-5a78-3502-a46a-832842197811,,10,10,410620009,,,,,,,,,50ad813c-cbc2-47aa-33d1-22ef3dfb4f61,2025-04-25T23:55:19Z,2025-04-25T23:55:19Z,67d682aa-2e5d-3e7b-9a4b-d9ee477b244b,CLOSED,CLOSED,CLOSED,0,0,0,2025-04-26T00:10:19Z,2025-04-26T00:10:19Z,2025-04-26T00:10:19Z,1,1
50ad813c-cbc2-47aa-9dc6-b2d3ce2f84a0,50ad813c-cbc2-47aa-eaaa-8694cbcd66c9,67d682aa-2e5d-3e7b-9a4b-d9ee477b244b,df166300-5a78-3502-a46a-832842197811,,10,10,410620009,,,,,,,,,50ad813c-cbc2-47aa-0029-4ea84f895a74,2025-10-24T23:55:19Z,2025-10-24T23:55:19Z,67d682aa-2e5d-3e7b-9a4b-d9ee477b244b,CLOSED,CLOSED,CLOSED,0,0,0,2025-10-25T00:10:19Z,2025-10-25T00:10:19Z,2025-10-25T00:10:19Z,1,1
50ad813c-cbc2-47aa-1d34-f75c8d11d8c4,50ad813c-cbc2-47aa-eaaa-8694cbcd66c9,67d682aa-2e5d-3e7b-9a4b-d9ee477b244b,df166300-5a78-3502-a46a-832842197811,,10,10,410620009,,,,,,,,,50ad813c-cbc2-47aa-5e37-adec566eca80,2026-04-24T23:55:19Z,2026-04-24T23:55:19Z,67d682aa-2e5d-3e7b-9a4b-d9ee477b244b,CLOSED,CLOSED,CLOSED,0,0,0,2026-04-25T00:10:19Z,2026-04-25T00:10:19Z,2026-04-25T00:10:19Z,1,1
c66e4f6a-5dd7-04e6-eae3-7b7903299e62,c66e4f6a-5dd7-04e6-a6c2-b9f4122446d2,b16eb4e7-43ac-34ef-b6e6-ff7dd93209c8,df166300-5a78-3502-a46a-832842197811,,20,20,59621000,,,,,,,,,c66e4f6a-5dd7-04e6-c39d-b17100afed1d,2010-09-17T22:53:13Z,2010-09-17T22:53:13Z,b16eb4e7-43ac-34ef-b6e6-ff7dd93209c8,CLOSED,CLOSED,CLOSED,0,0,0,2010-09-17T23:08:13Z,2010-09-17T23:08:13Z,2010-09-17T23:08:13Z,1,1
c66e4f6a-5dd7-04e6-a4c6-a2fdb7112dc4,c66e4f6a-5dd7-04e6-a6c2-b9f4122446d2,b16eb4e7-43ac-34ef-b6e6-ff7dd93209c8,df166300-5a78-3502-a46a-832842197811,,20,20,59621000,,,,,,,,,c66e4f6a-5dd7-04e6-c39d-b17100afed1d,2010-09-17T22:53:13Z,2010-09-17T22:53:13Z,b16eb4e7-43ac-34ef-b6e6-ff7dd93209c8,CLOSED,CLOSED,CLOSED,0,0,0,2010-09-17T23:08:13Z,2010-09-17T23:08:13Z,2010-09-17T23:08:13Z,1,1
c66e4f6a-5dd7-04e6-3951-767d6202594b,c66e4f6a-5dd7-04e6-a6c2-b9f4122446d2,b16eb4e7-43ac-34ef-b6e6-ff7dd93209c8,df166300-5a78-3502-a46a-832842197811,,20,20,162673000,,,,,,,,,c66e4f6a-5dd7-04e6-8296-a70d8bead6ae,2016-10-21T22:53:13Z,2016-10-21T22:53:13Z,b16eb4e7-43ac-34ef-b6e6-ff7dd93209c8,CLOSED,CLOSED,CLOSED,0,0,0,2016-10-21T23:08:13Z,2016-10-21T23:08:13Z,2016-10-21T23:08:13Z,1,1
c66e4f6a-5dd7-04e6-6b4c-f57fc7805bd9,c66e4f6a-5dd7-04e6-a6c2-b9f4122446d2,b16eb4e7-43ac-34ef-b6e6-ff7dd93209c8,df166300-5a78-3502-a46a-832842197811,,20,20,162673000,,,,,,,,,c66e4f6a-5dd7-04e6-1d27-62aee216dde8,2017-10-27T22:53:13Z,2017-10-27T22:53:13Z,b16eb4e7-43ac-34ef-b6e6-ff7dd93209c8,CLOSED,CLOSED,CLOSED,0,0,0,2017-10-27T23:08:13Z,2017-10-27T23:08:13Z,2017-10-27T23:08:13Z,1,1
c66e4f6a-5dd7-04e6-5af1-1bcf0f612d31,c66e4f6a-5dd7-04e6-a6c2-b9f4122446d2,b16eb4e7-43ac-34ef-b6e6-ff7dd93209c8,df166300-5a78-3502-a46a-832842197811,,20,20,162673000,,,,,,,,,c66e4f6a-5dd7-04e6-d90c-ed2ff1ea5f98,2018-11-02T22:53:13Z,2018-11-02T22:53:13Z,b16eb4e7-43ac-34ef-b6e6-ff7dd93209c8,CLOSED,CLOSED,CLOSED,0,0,0,2018-11-02T23:08:13Z,2018-11-02T23:08:13Z,2018-11-02T23:08:13Z,1,1
c66e4f6a-5dd7-04e6-3478-4b0d121e1ff2,c66e4f6a-5dd7-04e6-a6c2-b9f4122446d2,b16eb4e7-43ac-34ef-b6e6-ff7dd93209c8,df166300-5a78-3502-a46a-832842197811,,20,20,162673000,,,,,,,,,c66e4f6a-5dd7-04e6-0c81-59970ec07be8,2019-11-08T22:53:13Z,2019-11-08T22:53:13Z,b16eb4e7-43ac-34ef-b6e6-ff7dd93209c8,CLOSED,CLOSED,CLOSED,0,0,0,2019-11-08T23:08:13Z,2019-11-08T23:08:13Z,2019-11-08T23:08:13Z,1,1
c66e4f6a-5dd7-04e6-75a5-c4a9b39c9df2,c66e4f6a-5dd7-04e6-a6c2-b9f4122446d2,b16eb4e7-43ac-34ef-b6e6-ff7dd93209c8,df166300-5a78-3502-a46a-832842197811,,20,20,162673000,,,,,,,,,c66e4f6a-5dd7-04e6-acb5-4023a8822abd,2020-11-13T22:53:13Z,2020-11-13T22:53:13Z,b16eb4e7-43ac-34ef-b6e6-ff7dd93209c8,CLOSED,CLOSED,CLOSED,0,0,0,2020-11-13T23:08:13Z,2020-11-13T23:08:13Z,2020-11-13T23:08:13Z,1,1
c66e4f6a-5dd7-04e6-725c-54bdf6eebf3c,c66e4f6a-5dd7-04e6-a6c2-b9f4122446d2,eca4d02a-a9a4-307c-b4e7-b0ec03d47db7,df166300-5a78-3502-a46a-832842197811,,2,2,33879002,,,,,,,,,c66e4f6a-5dd7-04e6-1512-7481dca0090f,2021-05-21T22:53:13Z,2021-05-21T22:53:13Z,eca4d02a-a9a4-307c-b4e7-b0ec03d47db7,CLOSED,CLOSED,CLOSED,0,0,0,2021-05-21T23:08:13Z,2021-05-21T23:08:13Z,2021-05-21T23:08:13Z,2,2
c66e4f6a-5dd7-04e6-892d-bd19158ee3f3,c66e4f6a-5dd7-04e6-a6c2-b9f4122446d2,eca4d02a-a9a4-307c-b4e7-b0ec03d47db7,df166300-5a78-3502-a46a-832842197811,,2,2,33879002,,,,,,,,,c66e4f6a-5dd7-04e6-ee66-3fde95553d0d,2021-06-11T22:53:13Z,2021-06-11T22:53:13Z,eca4d02a-a9a4-307c-b4e7-b0ec03d47db7,CLOSED,CLOSED,CLOSED,0,0,0,2021-06-11T23:08:13Z,2021-06-11T23:08:13Z,2021-06-11T23:08:13Z,2,2
c66e4f6a-5dd7-04e6-03ab-dd0e284756ff,c66e4f6a-5dd7-04e6-a6c2-b9f4122446d2,b16eb4e7-43ac-34ef-b6e6-ff7dd93209c8,d18ef2e6-ef40-324c-be54-34a5ee865625,,20,20,162673000,,,,,,,,,c66e4f6a-5dd7-04e6-225e-df82a00b0781,2021-11-19T22:53:13Z,2021-11-19T22:53:13Z,b16eb4e7-43ac-34ef-b6e6-ff7dd93209c8,CLOSED,CLOSED,CLOSED,0,0,0,2021-11-19T23:08:13Z,2021-11-19T23:08:13Z,2021-11-19T23:08:13Z,1,1
c66e4f6a-5dd7-04e6-c1f2-57fb2a9c5dbd,c66e4f6a-5dd7-04e6-a6c2-b9f4122446d2,b16eb4e7-43ac-34ef-b6e6-ff7dd93209c8,d18ef2e6-ef40-324c-be54-34a5ee865625,,20,20,162673000,,,,,,,,,c66e4f6a-5dd7-04e6-ef6f-8c2a3dc953ae,2022-11-25T22:53:13Z,2022-11-25T22:53:13Z,b16eb4e7-43ac-34ef-b6e6-ff7dd93209c8,CLOSED,CLOSED,CLOSED,0,0,0,2022-11-25T23:08:13Z,2022-11-25T23:08:13Z,2022-11-25T23:08:13Z,1,1
c66e4f6a-5dd7-04e6-3930-746544fa96ef,c66e4f6a-5dd7-04e6-a6c2-b9f4122446d2,b16eb4e7-43ac-34ef-b6e6-ff7dd93209c8,d18ef2e6-ef40-324c-be54-34a5ee865625,,20,20,162673000,,,,,,,,,c66e4f6a-5dd7-04e6-6de0-8ab8a5a5fea7,2023-12-01T22:53:13Z,2023-12-01T22:53:13Z,b16eb4e7-43ac-34ef-b6e6-ff7dd93209c8,CLOSED,CLOSED,CLOSED,0,0,0,2023-12-01T23:08:13Z,2023-12-01T23:08:13Z,2023-12-01T23:08:13Z,1,1
c66e4f6a-5dd7-04e6-efdf-874a1d0403f9,c66e4f6a-5dd7-04e6-a6c2-b9f4122446d2,b16eb4e7-43ac-34ef-b6e6-ff7dd93209c8,d18ef2e6-ef40-324c-be54-34a5ee865625,,20,20,162673000,,,,,,,,,c66e4f6a-5dd7-04e6-30ed-cb00550b2cd6,2024-12-06T22:53:13Z,2024-12-06T22:53:13Z,b16eb4e7-43ac-34ef-b6e6-ff7dd93209c8,CLOSED,CLOSED,CLOSED,0,0,0,2024-12-06T23:08:13Z,2024-12-06T23:08:13Z,2024-12-06T23:08:13Z,1,1
c66e4f6a-5dd7-04e6-0207-c711480bb488,c66e4f6a-5dd7-04e6-a6c2-b9f4122446d2,b16eb4e7-43ac-34ef-b6e6-ff7dd93209c8,d18ef2e6-ef40-324c-be54-34a5ee865625,,20,20,162673000,,,,,,,,,c66e4f6a-5dd7-04e6-d6e9-01cbf5a4dc9b,2025-12-12T22:53:13Z,2025-12-12T22:53:13Z,b16eb4e7-43ac-34ef-b6e6-ff7dd93209c8,CLOSED,CLOSED,CLOSED,0,0,0,2025-12-12T23:08:13Z,2025-12-12T23:08:13Z,2025-12-12T23:08:13Z,1,1
994d6249-48af-8064-aa52-8fe57cec45ad,994d6249-48af-8064-c677-0fb58b1b59a8,b208c560-bbc2-3e9c-a2a7-8bf7cd5b7050,d18ef2e6-ef40-324c-be54-34a5ee865625,,20,20,162673000,,,,,,,,,994d6249-48af-8064-47e3-7c60d879144f,2017-03-04T10:09:14Z,2017-03-04T10:09:14Z,b208c560-bbc2-3e9c-a2a7-8bf7cd5b7050,CLOSED,CLOSED,CLOSED,0,0,0,2017-03-04T10:24:14Z,2017-03-04T10:24:14Z,2017-03-04T10:24:14Z,1,1
994d6249-48af-8064-21c1-1efeee13f485,994d6249-48af-8064-c677-0fb58b1b59a8,b208c560-bbc2-3e9c-a2a7-8bf7cd5b7050,d18ef2e6-ef40-324c-be54-34a5ee865625,,20,20,162673000,,,,,,,,,994d6249-48af-8064-85b2-3f9c272df541,2018-03-10T10:09:14Z,2018-03-10T10:09:14Z,b208c560-bbc2-3e9c-a2a7-8bf7cd5b7050,CLOSED,CLOSED,CLOSED,0,0,0,2018-03-10T10:24:14Z,2018-03-10T10:24:14Z,2018-03-10T10:24:14Z,1,1
994d6249-48af-8064-c758-607cbf357b2b,994d6249-48af-8064-c677-0fb58b1b59a8,b208c560-bbc2-3e9c-a2a7-8bf7cd5b7050,df166300-5a78-3502-a46a-832842197811,,20,20,162673000,,,,,,,,,994d6249-48af-8064-3198-cb98f08f3f40,2019-03-16T10:09:14Z,2019-03-16T10:09:14Z,b208c560-bbc2-3e9c-a2a7-8bf7cd5b7050,CLOSED,CLOSED,CLOSED,0,0,0,2019-03-16T10:24:14Z,2019-03-16T10:24:14Z,2019-03-16T10:24:14Z,1,1
994d6249-48af-8064-42ea-e0ac14d6b644,994d6249-48af-8064-c677-0fb58b1b59a8,b208c560-bbc2-3e9c-a2a7-8bf7cd5b7050,d18ef2e6-ef40-324c-be54-34a5ee865625,,20,20,162673000,,,,,,,,,994d6249-48af-8064-b1d1-68ef8e45b37d,2020-03-21T10:09:14Z,2020-03-21T10:09:14Z,b208c560-bbc2-3e9c-a2a7-8bf7cd5b7050,CLOSED,CLOSED,CLOSED,0,0,0,2020-03-21T10:24:14Z,2020-03-21T10:24:14Z,2020-03-21T10:24:14Z,1,1
994d6249-48af-8064-bb8b-0d2319763b59,994d6249-48af-8064-c677-0fb58b1b59a8,9799ecd6-0619-360e-9a3d-b81963e15965,d18ef2e6-ef40-324c-be54-34a5ee865625,,2,2,33879002,,,,,,,,,994d6249-48af-8064-8a5d-4ee820a0c6f6,2021-01-23T10:09:14Z,2021-01-23T10:09:14Z,9799ecd6-0619-360e-9a3d-b81963e15965,CLOSED,CLOSED,CLOSED,0,0,0,2021-01-23T10:24:14Z,2021-01-23T10:24:14Z,2021-01-23T10:24:14Z,2,2
994d6249-48af-8064-4b36-b5ecc7387e5e,994d6249-48af-8064-c677-0fb58b1b59a8,9799ecd6-0619-360e-9a3d-b81963e15965,d18ef2e6-ef40-324c-be54-34a5ee865625,,2,2,33879002,,,,,,,,,994d6249-48af-8064-4bfe-51c8ca2f6977,2021-02-20T10:09:14Z,2021-02-20T10:09:14Z,9799ecd6-0619-360e-9a3d-b81963e15965,CLOSED,CLOSED,CLOSED,0,0,0,2021-02-20T10:24:14Z,2021-02-20T10:24:14Z,2021-02-20T10:24:14Z,2,2
994d6249-48af-8064-f4dd-0732e5bea0f6,994d6249-48af-8064-c677-0fb58b1b59a8,b208c560-bbc2-3e9c-a2a7-8bf7cd5b7050,d18ef2e6-ef40-324c-be54-34a5ee865625,,20,20,162673000,,,,,,,,,994d6249-48af-8064-7507-d39e8101eee7,2021-03-27T10:09:14Z,2021-03-27T10:09:14Z,b208c560-bbc2-3e9c-a2a7-8bf7cd5b7050,CLOSED,CLOSED,CLOSED,0,0,0,2021-03-27T10:24:14Z,2021-03-27T10:24:14Z,2021-03-27T10:24:14Z,1,1
994d6249-48af-8064-4bad-3250a0c44201,994d6249-48af-8064-c677-0fb58b1b59a8,b208c560-bbc2-3e9c-a2a7-8bf7cd5b7050,d18ef2e6-ef40-324c-be54-34a5ee865625,,20,20,162673000,,,,,,,,,994d6249-48af-8064-413c-761a76fcd97a,2022-04-02T10:09:14Z,2022-04-02T10:09:14Z,b208c560-bbc2-3e9c-a2a7-8bf7cd5b7050,CLOSED,CLOSED,CLOSED,0,0,0,2022-04-02T10:24:14Z,2022-04-02T10:24:14Z,2022-04-02T10:24:14Z,1,1
994d6249-48af-8064-b2ed-b3aa5b392d90,994d6249-48af-8064-c677-0fb58b1b59a8,b208c560-bbc2-3e9c-a2a7-8bf7cd5b7050,d18ef2e6-ef40-324c-be54-34a5ee865625,,20,20,162673000,,,,,,,,,994d6249-48af-8064-c863-630fb45695b6,2023-04-08T10:09:14Z,2023-04-08T10:09:14Z,b208c560-bbc2-3e9c-a2a7-8bf7cd5b7050,CLOSED,CLOSED,CLOSED,0,0,0,2023-04-08T10:24:14Z,2023-04-08T10:24:14Z,2023-04-08T10:24:14Z,1,1
994d6249-48af-8064-4e84-fa4c30265fa9,994d6249-48af-8064-c677-0fb58b1b59a8,b208c560-bbc2-3e9c-a2a7-8bf7cd5b7050,d18ef2e6-ef40-324c-be54-34a5ee865625,,20,20,162673000,,,,,,,,,994d6249-48af-8064-6adf-edfa84de10ee,2024-04-13T10:09:14Z,2024-04-13T10:09:14Z,b208c560-bbc2-3e9c-a2a7-8bf7cd5b7050,CLOSED,CLOSED,CLOSED,0,0,0,2024-04-13T10:24:14Z,2024-04-13T10:24:14Z,2024-04-13T10:24:14Z,1,1
994d6249-48af-8064-e3f9-1cb3583b017f,994d6249-48af-8064-c677-0fb58b1b59a8,b208c560-bbc2-3e9c-a2a7-8bf7cd5b7050,d18ef2e6-ef40-324c-be54-34a5ee865625,,20,20,162673000,,,,,,,,,994d6249-48af-8064-5f41-ee43171627dc,2025-04-19T10:09:14Z,2025-04-19T10:09:14Z,b208c560-bbc2-3e9c-a2a7-8bf7cd5b7050,CLOSED,CLOSED,CLOSED,0,0,0,2025-04-19T10:24:14Z,2025-04-19T10:24:14Z,2025-04-19T10:24:14Z,1,1
994d6249-48af-8064-4161-524f4fe313f0,994d6249-48af-8064-c677-0fb58b1b59a8,b208c560-bbc2-3e9c-a2a7-8bf7cd5b7050,df166300-5a78-3502-a46a-832842197811,,20,20,162673000,,,,,,,,,994d6249-48af-8064-b83c-6cf4ae3b36be,2026-04-25T10:09:14Z,2026-04-25T10:09:14Z,b208c560-bbc2-3e9c-a2a7-8bf7cd5b7050,CLOSED,CLOSED,CLOSED,0,0,0,2026-04-25T10:24:14Z,2026-04-25T10:24:14Z,2026-04-25T10:24:14Z,1,1
6e6a4d89-4709-5549-61ea-dd44e3a318f3,6e6a4d89-4709-5549-d696-94a38122b047,a4277261-e106-38dd-bbf5-e136245125c1,0133f751-9229-3cfd-815f-b6d4979bdd6a,,20,20,162673000,,,,,,,,,6e6a4d89-4709-5549-2dd2-34610e8c843c,2017-09-19T19:08:40Z,2017-09-19T19:08:40Z,a4277261-e106-38dd-bbf5-e136245125c1,CLOSED,CLOSED,CLOSED,0,0,0,2017-09-19T19:23:40Z,2017-09-19T19:23:40Z,2017-09-19T19:23:40Z,1,1
6e6a4d89-4709-5549-ff94-a7d567d3d731,6e6a4d89-4709-5549-d696-94a38122b047,a4277261-e106-38dd-bbf5-e136245125c1,8fa6c185-e44e-3e34-8bd8-39be8694f4ce,,20,20,162673000,,,,,,,,,6e6a4d89-4709-5549-413a-a64baf9222fb,2020-09-22T19:08:40Z,2020-09-22T19:08:40Z,a4277261-e106-38dd-bbf5-e136245125c1,CLOSED,CLOSED,CLOSED,0,0,0,2020-09-22T19:23:40Z,2020-09-22T19:23:40Z,2020-09-22T19:23:40Z,1,1
6e6a4d89-4709-5549-c54e-65cec2ee89e5,6e6a4d89-4709-5549-d696-94a38122b047,bdb79543-4f8e-3f7e-b0b6-47b2b5512657,8fa6c185-e44e-3e34-8bd8-39be8694f4ce,,2,2,33879002,,,,,,,,,6e6a4d89-4709-5549-8ad5-171e8b50c0a5,2021-04-20T19:08:40Z,2021-04-20T19:08:40Z,bdb79543-4f8e-3f7e-b0b6-47b2b5512657,CLOSED,CLOSED,CLOSED,0,0,0,2021-04-20T19:23:40Z,2021-04-20T19:23:40Z,2021-04-20T19:23:40Z,2,2
6e6a4d89-4709-5549-aa0d-c969b9771b22,6e6a4d89-4709-5549-d696-94a38122b047,bdb79543-4f8e-3f7e-b0b6-47b2b5512657,8fa6c185-e44e-3e34-8bd8-39be8694f4ce,,2,2,33879002,,,,,,,,,6e6a4d89-4709-5549-7c98-d331b2a289fb,2021-05-11T19:08:40Z,2021-05-11T19:08:40Z,bdb79543-4f8e-3f7e-b0b6-47b2b5512657,CLOSED,CLOSED,CLOSED,0,0,0,2021-05-11T19:23:40Z,2021-05-11T19:23:40Z,2021-05-11T19:23:40Z,2,2
6e6a4d89-4709-5549-f446-6bf207ba6db3,6e6a4d89-4709-5549-d696-94a38122b047,a4277261-e106-38dd-bbf5-e136245125c1,8fa6c185-e44e-3e34-8bd8-39be8694f4ce,,20,20,162673000,,,,,,,,,6e6a4d89-4709-5549-777a-ad48e06ccee7,2023-09-26T19:08:40Z,2023-09-26T19:08:40Z,a4277261-e106-38dd-bbf5-e136245125c1,CLOSED,CLOSED,CLOSED,0,0,0,2023-09-26T19:23:40Z,2023-09-26T19:23:40Z,2023-09-26T19:23:40Z,1,1
6e6a4d89-4709-5549-dfd7-047a372f2849,6e6a4d89-4709-5549-d696-94a38122b047,a4277261-e106-38dd-bbf5-e136245125c1,734afbd6-4794-363b-9bc0-6a3981533ed5,,20,20,162673000,,,,,,,,,6e6a4d89-4709-5549-93a6-708a9a3b0a10,2026-07-14T19:08:40Z,2026-07-14T19:08:40Z,a4277261-e106-38dd-bbf5-e136245125c1,CLOSED,CLOSED,CLOSED,0,0,0,2026-07-14T19:23:40Z,2026-07-14T19:23:40Z,2026-07-14T19:23:40Z,1,1
18b101ed-6582-7193-f00e-350f7ff9953f,18b101ed-6582-7193-5a1a-cac8e8de151c,9bc3a64f-a5c5-3597-a3e4-9bff7e8f1f1a,8fa6c185-e44e-3e34-8bd8-39be8694f4ce,,10,10,410620009,,,,,,,,,18b101ed-6582-7193-9e74-613905001276,2017-04-26T03:00:40Z,2017-04-26T03:00:40Z,9bc3a64f-a5c5-3597-a3e4-9bff7e8f1f1a,CLOSED,CLOSED,CLOSED,0,0,0,2017-04-26T03:15:40Z,2017-04-26T03:15:40Z,2017-04-26T03:15:40Z,1,1
18b101ed-6582-7193-af2f-fb6a07415659,18b101ed-6582-7193-5a1a-cac8e8de151c,9bc3a64f-a5c5-3597-a3e4-9bff7e8f1f1a,8fa6c185-e44e-3e34-8bd8-39be8694f4ce,,10,10,410620009,,,,,,,,,18b101ed-6582-7193-8bc3-ec1e6fa99ea6,2018-05-02T03:00:40Z,2018-05-02T03:00:40Z,9bc3a64f-a5c5-3597-a3e4-9bff7e8f1f1a,CLOSED,CLOSED,CLOSED,0,0,0,2018-05-02T03:15:40Z,2018-05-02T03:15:40Z,2018-05-02T03:15:40Z,1,1
18b101ed-6582-7193-1424-6242ac547d9b,18b101ed-6582-7193-5a1a-cac8e8de151c,9bc3a64f-a5c5-3597-a3e4-9bff7e8f1f1a,8fa6c185-e44e-3e34-8bd8-39be8694f4ce,,10,10,410620009,,,,,,,,,18b101ed-6582-7193-251e-7d9917b18243,2019-05-08T03:00:40Z,2019-05-08T03:00:40Z,9bc3a64f-a5c5-3597-a3e4-9bff7e8f1f1a,CLOSED,CLOSED,CLOSED,0,0,0,2019-05-08T03:15:40Z,2019-05-08T03:15:40Z,2019-05-08T03:15:40Z,1,1
18b101ed-6582-7193-5ae4-1c290fdd1940,18b101ed-6582-7193-5a1a-cac8e8de151c,9bc3a64f-a5c5-3597-a3e4-9bff7e8f1f1a,8fa6c185-e44e-3e34-8bd8-39be8694f4ce,,10,10,410620009,,,,,,,,,18b101ed-6582-7193-8d54-c073474329db,2020-05-13T03:00:40Z,2020-05-13T03:00:40Z,9bc3a64f-a5c5-3597-a3e4-9bff7e8f1f1a,CLOSED,CLOSED,CLOSED,0,0,0,2020-05-13T03:15:40Z,2020-05-13T03:15:40Z,2020-05-13T03:15:40Z,1,1
18b101ed-6582-7193-5ae9-2d0a4e89485d,18b101ed-6582-7193-5a1a-cac8e8de151c,9bc3a64f-a5c5-3597-a3e4-9bff7e8f1f1a,8fa6c185-e44e-3e34-8bd8-39be8694f4ce,,10,10,410620009,,,,,,,,,18b101ed-6582-7193-8a1c-16d3c7c4939e,2021-05-19T03:00:40Z,2021-05-19T03:00:40Z,9bc3a64f-a5c5-3597-a3e4-9bff7e8f1f1a,CLOSED,CLOSED,CLOSED,0,0,0,2021-05-19T03:15:40Z,2021-05-19T03:15:40Z,2021-05-19T03:15:40Z,1,1
18b101ed-6582-7193-e08d-c108568eb237,18b101ed-6582-7193-5a1a-cac8e8de151c,9bc3a64f-a5c5-3597-a3e4-9bff7e8f1f1a,8fa6c185-e44e-3e34-8bd8-39be8694f4ce,,10,10,410620009,,,,,,,,,18b101ed-6582-7193-8158-3d2ba763a26a,2022-05-25T03:00:40Z,2022-05-25T03:00:40Z,9bc3a64f-a5c5-3597-a3e4-9bff7e8f1f1a,CLOSED,CLOSED,CLOSED,0,0,0,2022-05-25T03:15:40Z,2022-05-25T03:15:40Z,2022-05-25T03:15:40Z,1,1
18b101ed-6582-7193-e2dc-a0e0e8f47e92,18b101ed-6582-7193-5a1a-cac8e8de151c,9bc3a64f-a5c5-3597-a3e4-9bff7e8f1f1a,8fa6c185-e44e-3e34-8bd8-39be8694f4ce,,10,10,410620009,,,,,,,,,18b101ed-6582-7193-1dc0-9bc54e5b286e,2023-05-31T03:00:40Z,2023-05-31T03:00:40Z,9bc3a64f-a5c5-3597-a3e4-9bff7e8f1f1a,CLOSED,CLOSED,CLOSED,0,0,0,2023-05-31T03:15:40Z,2023-05-31T03:15:40Z,2023-05-31T03:15:40Z,1,1
18b101ed-6582-7193-f06c-867c51f4308f,18b101ed-6582-7193-5a1a-cac8e8de151c,9bc3a64f-a5c5-3597-a3e4-9bff7e8f1f1a,8fa6c185-e44e-3e34-8bd8-39be8694f4ce,,10,10,410620009,,,,,,,,,18b101ed-6582-7193-2436-6c8762b928fb,2024-06-05T03:00:40Z,2024-06-05T03:00:40Z,9bc3a64f-a5c5-3597-a3e4-9bff7e8f1f1a,CLOSED,CLOSED,CLOSED,0,0,0,2024-06-05T03:15:40Z,2024-06-05T03:15:40Z,2024-06-05T03:15:40Z,1,1
18b101ed-6582-7193-ec1e-a7225d10f1ae,18b101ed-6582-7193-5a1a-cac8e8de151c,bc4898f3-117d-3fec-9149-5312dfcdb610,8fa6c185-e44e-3e34-8bd8-39be8694f4ce,,2,2,33879002,,,,,,,,,18b101ed-6582-7193-7392-9563e095bf4f,2024-08-28T03:00:40Z,2024-08-28T03:00:40Z,bc4898f3-117d-3fec-9149-5312dfcdb610,CLOSED,CLOSED,CLOSED,0,0,0,2024-08-28T03:15:40Z,2024-08-28T03:15:40Z,2024-08-28T03:15:40Z,2,2
18b101ed-6582-7193-32a0-83ce82f58f36,18b101ed-6582-7193-5a1a-cac8e8de151c,bc4898f3-117d-3fec-9149-5312dfcdb610,8fa6c185-e44e-3e34-8bd8-39be8694f4ce,,2,2,33879002,,,,,,,,,18b101ed-6582-7193-3675-4a8a53d2691d,2024-09-25T03:00:40Z,2024-09-25T03:00:40Z,bc4898f3-117d-3fec-9149-5312dfcdb610,CLOSED,CLOSED,CLOSED,0,0,0,2024-09-25T03:15:40Z,2024-09-25T03:15:40Z,2024-09-25T03:15:40Z,2,2
18b101ed-6582-7193-3e01-88bd743a75f1,18b101ed-6582-7193-5a1a-cac8e8de151c,9bc3a64f-a5c5-3597-a3e4-9bff7e8f1f1a,8fa6c185-e44e-3e34-8bd8-39be8694f4ce,,10,10,410620009,,,,,,,,,18b101ed-6582-7193-08e9-9f703cee25b9,2025-06-11T03:00:40Z,2025-06-11T03:00:40Z,9bc3a64f-a5c5-3597-a3e4-9bff7e8f1f1a,CLOSED,CLOSED,CLOSED,0,0,0,2025-06-11T03:15:40Z,2025-06-11T03:15:40Z,2025-06-11T03:15:40Z,1,1
18b101ed-6582-7193-3d1e-38737cb77d62,18b101ed-6582-7193-5a1a-cac8e8de151c,9bc3a64f-a5c5-3597-a3e4-9bff7e8f1f1a,8fa6c185-e44e-3e34-8bd8-39be8694f4ce,,10,10,410620009,,,,,,,,,18b101ed-6582-7193-7e89-b00125fe15eb,2026-06-17T03:00:40Z,2026-06-17T03:00:40Z,9bc3a64f-a5c5-3597-a3e4-9bff7e8f1f1a,CLOSED,CLOSED,CLOSED,0,0,0,2026-06-17T03:15:40Z,2026-06-17T03:15:40Z,2026-06-17T03:15:40Z,1,1
23c94034-f050-04d5-5f6b-ffd221bdbb6d,23c94034-f050-04d5-c5a3-2d42bf3ccc7f,f4928cf5-37c7-3e70-b61e-f8c37c57a47e,26aab0cd-6aba-3e1b-ac5b-05c8867e762c,,10,10,410620009,,,,,,,,,23c94034-f050-04d5-cbfa-81e28ba3da9b,2024-09-28T20:51:39Z,2024-09-28T20:51:39Z,f4928cf5-37c7-3e70-b61e-f8c37c57a47e,CLOSED,CLOSED,CLOSED,0,0,0,2024-09-28T21:06:39Z,2024-09-28T21:06:39Z,2024-09-28T21:06:39Z,1,1
23c94034-f050-04d5-f474-1c36e2cc5621,23c94034-f050-04d5-c5a3-2d42bf3ccc7f,f4928cf5-37c7-3e70-b61e-f8c37c57a47e,26aab0cd-6aba-3e1b-ac5b-05c8867e762c,,10,10,410620009,,,,,,,,,23c94034-f050-04d5-f302-6d4c07ef4473,2024-11-02T20:51:39Z,2024-11-02T20:51:39Z,f4928cf5-37c7-3e70-b61e-f8c37c57a47e,CLOSED,CLOSED,CLOSED,0,0,0,2024-11-02T21:06:39Z,2024-11-02T21:06:39Z,2024-11-02T21:06:39Z,1,1
23c94034-f050-04d5-f36d-42d0ecd47cd3,23c94034-f050-04d5-c5a3-2d42bf3ccc7f,f4928cf5-37c7-3e70-b61e-f8c37c57a47e,26aab0cd-6aba-3e1b-ac5b-05c8867e762c,,10,10,410620009,,,,,,,,,23c94034-f050-04d5-b59d-c96e62a2b60c,2025-01-04T20:51:39Z,2025-01-04T20:51:39Z,f4928cf5-37c7-3e70-b61e-f8c37c57a47e,CLOSED,CLOSED,CLOSED,0,0,0,2025-01-04T21:06:39Z,2025-01-04T21:06:39Z,2025-01-04T21:06:39Z,1,1
23c94034-f050-04d5-5ee6-96868b6ba9bf,23c94034-f050-04d5-c5a3-2d42bf3ccc7f,f4928cf5-37c7-3e70-b61e-f8c37c57a47e,26aab0cd-6aba-3e1b-ac5b-05c8867e762c,,10,10,410620009,,,,,,,,,23c94034-f050-04d5-2861-8bf069831cb9,2025-03-08T20:51:39Z,2025-03-08T20:51:39Z,f4928cf5-37c7-3e70-b61e-f8c37c57a47e,CLOSED,CLOSED,CLOSED,0,0,0,2025-03-08T21:06:39Z,2025-03-08T21:06:39Z,2025-03-08T21:06:39Z,1,1
23c94034-f050-04d5-dcd8-822d8dfcdb1f,23c94034-f050-04d5-c5a3-2d42bf3ccc7f,f4928cf5-37c7-3e70-b61e-f8c37c57a47e,26aab0cd-6aba-3e1b-ac5b-05c8867e762c,,10,10,410620009,,,,,,,,,23c94034-f050-04d5-2b6f-28426b7302e9,2025-06-07T20:51:39Z,2025-06-07T20:51:39Z,f4928cf5-37c7-3e70-b61e-f8c37c57a47e,CLOSED,CLOSED,CLOSED,0,0,0,2025-06-07T21:06:39Z,2025-06-07T21:06:39Z,2025-06-07T21:06:39Z,1,1
23c94034-f050-04d5-433f-88d225ce4e5e,23c94034-f050-04d5-c5a3-2d42bf3ccc7f,f4928cf5-37c7-3e70-b61e-f8c37c57a47e,26aab0cd-6aba-3e1b-ac5b-05c8867e762c,,10,10,410620009,,,,,,,,,23c94034-f050-04d5-498a-bc8797ff277a,2025-09-06T20:51:39Z,2025-09-06T20:51:39Z,f4928cf5-37c7-3e70-b61e-f8c37c57a47e,CLOSED,CLOSED,CLOSED,0,0,0,2025-09-06T21:06:39Z,2025-09-06T21:06:39Z,2025-09-06T21:06:39Z,1,1
23c94034-f050-04d5-f2d5-ca4855d02d6c,23c94034-f050-04d5-c5a3-2d42bf3ccc7f,f4928cf5-37c7-3e70-b61e-f8c37c57a47e,26aab0cd-6aba-3e1b-ac5b-05c8867e762c,,10,10,410620009,,,,,,,,,23c94034-f050-04d5-92be-64f2a967f16f,2025-12-06T20:51:39Z,2025-12-06T20:51:39Z,f4928cf5-37c7-3e70-b61e-f8c37c57a47e,CLOSED,CLOSED,CLOSED,0,0,0,2025-12-06T21:06:39Z,2025-12-06T21:06:39Z,2025-12-06T21:06:39Z,1,1
23c94034-f050-04d5-47bd-0730c3926e27,23c94034-f050-04d5-c5a3-2d42bf3ccc7f,f4928cf5-37c7-3e70-b61e-f8c37c57a47e,26aab0cd-6aba-3e1b-ac5b-05c8867e762c,,10,10,410620009,,,,,,,,,23c94034-f050-04d5-d461-43fa4461da80,2026-03-07T20:51:39Z,2026-03-07T20:51:39Z,f4928cf5-37c7-3e70-b61e-f8c37c57a47e,CLOSED,CLOSED,CLOSED,0,0,0,2026-03-07T21:06:39Z,2026-03-07T21:06:39Z,2026-03-07T21:06:39Z,1,1
e632520a-2e4f-3419-da52-b2e31cd109ce,e632520a-2e4f-3419-c0f1-1f7b89f11d9c,efa788eb-3523-3757-878d-318343eca8a6,26aab0cd-6aba-3e1b-ac5b-05c8867e762c,,20,20,59621000,,,,,,,,,e632520a-2e4f-3419-f7a1-4008f2f5cde5,1987-04-06T09:51:45Z,1987-04-06T09:51:45Z,efa788eb-3523-3757-878d-318343eca8a6,CLOSED,CLOSED,CLOSED,0,0,0,1987-04-06T10:06:45Z,1987-04-06T10:06:45Z,1987-04-06T10:06:45Z,1,1
e632520a-2e4f-3419-9cd5-5944cbe0aa7d,e632520a-2e4f-3419-c0f1-1f7b89f11d9c,efa788eb-3523-3757-878d-318343eca8a6,26aab0cd-6aba-3e1b-ac5b-05c8867e762c,,20,20,59621000,,,,,,,,,e632520a-2e4f-3419-f7a1-4008f2f5cde5,1987-04-06T09:51:45Z,1987-04-06T09:51:45Z,efa788eb-3523-3757-878d-318343eca8a6,CLOSED,CLOSED,CLOSED,0,0,0,1987-04-06T10:06:45Z,1987-04-06T10:06:45Z,1987-04-06T10:06:45Z,1,1
e632520a-2e4f-3419-e14e-ba66ca4c611f,e632520a-2e4f-3419-c0f1-1f7b89f11d9c,efa788eb-3523-3757-878d-318343eca8a6,26aab0cd-6aba-3e1b-ac5b-05c8867e762c,,20,20,162673000,,,,,,,,,e632520a-2e4f-3419-453c-4ab814c9c010,2016-09-19T09:51:45Z,2016-09-19T09:51:45Z,efa788eb-3523-3757-878d-318343eca8a6,CLOSED,CLOSED,CLOSED,0,0,0,2016-09-19T10:06:45Z,2016-09-19T10:06:45Z,2016-09-19T10:06:45Z,1,1
e632520a-2e4f-3419-d4a1-8ac892ad85fe,e632520a-2e4f-3419-c0f1-1f7b89f11d9c,efa788eb-3523-3757-878d-318343eca8a6,26aab0cd-6aba-3e1b-ac5b-05c8867e762c,,20,20,162673000,,,,,,,,,e632520a-2e4f-3419-c950-bf5f271699ed,2017-09-25T09:51:45Z,2017-09-25T09:51:45Z,efa788eb-3523-3757-878d-318343eca8a6,CLOSED,CLOSED,CLOSED,0,0,0,2017-09-25T10:06:45Z,2017-09-25T10:06:45Z,2017-09-25T10:06:45Z,1,1
e632520a-2e4f-3419-1c7d-d9a8af8a8aef,e632520a-2e4f-3419-c0f1-1f7b89f11d9c,efa788eb-3523-3757-878d-318343eca8a6,26aab0cd-6aba-3e1b-ac5b-05c8867e762c,,20,20,162673000,,,,,,,,,e632520a-2e4f-3419-74d4-f67a72eaf17a,2018-10-01T09:51:45Z,2018-10-01T09:51:45Z,efa788eb-3523-3757-878d-318343eca8a6,CLOSED,CLOSED,CLOSED,0,0,0,2018-10-01T10:06:45Z,2018-10-01T10:06:45Z,2018-10-01T10:06:45Z,1,1
e632520a-2e4f-3419-911a-d63b486bbc73,e632520a-2e4f-3419-c0f1-1f7b89f11d9c,efa788eb-3523-3757-878d-318343eca8a6,26aab0cd-6aba-3e1b-ac5b-05c8867e762c,,20,20,162673000,,,,,,,,,e632520a-2e4f-3419-43af-930fc4528dce,2019-10-07T09:51:45Z,2019-10-07T09:51:45Z,efa788eb-3523-3757-878d-318343eca8a6,CLOSED,CLOSED,CLOSED,0,0,0,2019-10-07T10:06:45Z,2019-10-07T10:06:45Z,2019-10-07T10:06:45Z,1,1
e632520a-2e4f-3419-0e72-75d4c0fda5b7,e632520a-2e4f-3419-c0f1-1f7b89f11d9c,efa788eb-3523-3757-878d-318343eca8a6,26aab0cd-6aba-3e1b-ac5b-05c8867e762c,,20,20,162673000,,,,,,,,,e632520a-2e4f-3419-8abe-3ea7a922c264,2020-10-12T09:51:45Z,2020-10-12T09:51:45Z,efa788eb-3523-3757-878d-318343eca8a6,CLOSED,CLOSED,CLOSED,0,0,0,2020-10-12T10:06:45Z,2020-10-12T10:06:45Z,2020-10-12T10:06:45Z,1,1
e632520a-2e4f-3419-eab0-d290dc5f34fc,e632520a-2e4f-3419-c0f1-1f7b89f11d9c,efa788eb-3523-3757-878d-318343eca8a6,26aab0cd-6aba-3e1b-ac5b-05c8867e762c,,20,20,162673000,,,,,,,,,e632520a-2e4f-3419-61d3-41bd05b8589e,2021-10-18T09:51:45Z,2021-10-18T09:51:45Z,efa788eb-3523-3757-878d-318343eca8a6,CLOSED,CLOSED,CLOSED,0,0,0,2021-10-18T10:06:45Z,2021-10-18T10:06:45Z,2021-10-18T10:06:45Z,1,1
e632520a-2e4f-3419-dfb2-7c76a0c4964c,e632520a-2e4f-3419-c0f1-1f7b89f11d9c,efa788eb-3523-3757-878d-318343eca8a6,26aab0cd-6aba-3e1b-ac5b-05c8867e762c,,20,20,162673000,,,,,,,,,e632520a-2e4f-3419-9e0f-5f8c297ccdb0,2022-10-24T09:51:45Z,2022-10-24T09:51:45Z,efa788eb-3523-3757-878d-318343eca8a6,CLOSED,CLOSED,CLOSED,0,0,0,2022-10-24T10:06:45Z,2022-10-24T10:06:45Z,2022-10-24T10:06:45Z,1,1
e632520a-2e4f-3419-9ed1-81b3c9f4c8a9,e632520a-2e4f-3419-c0f1-1f7b89f11d9c,efa788eb-3523-3757-878d-318343eca8a6,26aab0cd-6aba-3e1b-ac5b-05c8867e762c,,20,20,162673000,,,,,,,,,e632520a-2e4f-3419-8c54-07b6fed909b6,2023-10-30T09:51:45Z,2023-10-30T09:51:45Z,efa788eb-3523-3757-878d-318343eca8a6,CLOSED,CLOSED,CLOSED,0,0,0,2023-10-30T10:06:45Z,2023-10-30T10:06:45Z,2023-10-30T10:06:45Z,1,1
e632520a-2e4f-3419-a9ff-c69426d68963,e632520a-2e4f-3419-c0f1-1f7b89f11d9c,efa788eb-3523-3757-878d-318343eca8a6,26aab0cd-6aba-3e1b-ac5b-05c8867e762c,,20,20,162673000,,,,,,,,,e632520a-2e4f-3419-6391-444d560df3f5,2024-11-04T09:51:45Z,2024-11-04T09:51:45Z,efa788eb-3523-3757-878d-318343eca8a6,CLOSED,CLOSED,CLOSED,0,0,0,2024-11-04T10:06:45Z,2024-11-04T10:06:45Z,2024-11-04T10:06:45Z,1,1
e632520a-2e4f-3419-3ba4-2311fa817a43,e632520a-2e4f-3419-c0f1-1f7b89f11d9c,efa788eb-3523-3757-878d-318343eca8a6,26aab0cd-6aba-3e1b-ac5b-05c8867e762c,,20,20,162673000,,,,,,,,,e632520a-2e4f-3419-9b86-f17564f36d13,2025-11-10T09:51:45Z,2025-11-10T09:51:45Z,efa788eb-3523-3757-878d-318343eca8a6,CLOSED,CLOSED,CLOSED,0,0,0,2025-11-10T10:06:45Z,2025-11-10T10:06:45Z,2025-11-10T10:06:45Z,1,1
17cb5ccc-4c1f-9747-8015-42c29b71d2d6,17cb5ccc-4c1f-9747-f535-e57cd464679d,983c3c4e-0714-3fd3-b541-06a64e9c9498,26aab0cd-6aba-3e1b-ac5b-05c8867e762c,,10,10,410620009,,,,,,,,,17cb5ccc-4c1f-9747-a991-813faf2e9633,2017-04-05T07:08:18Z,2017-04-05T07:08:18Z,983c3c4e-0714-3fd3-b541-06a64e9c9498,CLOSED,CLOSED,CLOSED,0,0,0,2017-04-05T07:23:18Z,2017-04-05T07:23:18Z,2017-04-05T07:23:18Z,1,1
17cb5ccc-4c1f-9747-1db4-5fb9c9ceaee6,17cb5ccc-4c1f-9747-f535-e57cd464679d,983c3c4e-0714-3fd3-b541-06a64e9c9498,26aab0cd-6aba-3e1b-ac5b-05c8867e762c,,10,10,410620009,,,,,,,,,17cb5ccc-4c1f-9747-3446-145c2d3ccc68,2017-05-10T07:08:18Z,2017-05-10T07:08:18Z,983c3c4e-0714-3fd3-b541-06a64e9c9498,CLOSED,CLOSED,CLOSED,0,0,0,2017-05-10T07:23:18Z,2017-05-10T07:23:18Z,2017-05-10T07:23:18Z,1,1
17cb5ccc-4c1f-9747-3993-e5a7e19aa9fb,17cb5ccc-4c1f-9747-f535-e57cd464679d,983c3c4e-0714-3fd3-b541-06a64e9c9498,26aab0cd-6aba-3e1b-ac5b-05c8867e762c,,10,10,410620009,,,,,,,,,17cb5ccc-4c1f-9747-bd06-7423e2dfe002,2017-07-12T07:08:18Z,2017-07-12T07:08:18Z,983c3c4e-0714-3fd3-b541-06a64e9c9498,CLOSED,CLOSED,CLOSED,0,0,0,2017-07-12T07:23:18Z,2017-07-12T07:23:18Z,2017-07-12T07:23:18Z,1,1
17cb5ccc-4c1f-9747-b80d-f9ce806e4c6d,17cb5ccc-4c1f-9747-f535-e57cd464679d,983c3c4e-0714-3fd3-b541-06a64e9c9498,26aab0cd-6aba-3e1b-ac5b-05c8867e762c,,10,10,410620009,,,,,,,,,17cb5ccc-4c1f-9747-ec14-247457a1eaac,2017-09-13T07:08:18Z,2017-09-13T07:08:18Z,983c3c4e-0714-3fd3-b541-06a64e9c9498,CLOSED,CLOSED,CLOSED,0,0,0,2017-09-13T07:23:18Z,2017-09-13T07:23:18Z,2017-09-13T07:23:18Z,1,1
06eb6dda-a918-928f-e14d-c769d5ae31ad,06eb6dda-a918-928f-76cf-6bf370cf2014,d8f3b5b7-0cf5-31f0-a7e8-5c6dc99e1c46,b046940f-1664-3047-bca7-dfa76be352a4,,10,10,410620009,,,,,,,,,06eb6dda-a918-928f-e622-21c907b881ec,2017-11-11T16:04:27Z,2017-11-11T16:04:27Z,d8f3b5b7-0cf5-31f0-a7e8-5c6dc99e1c46,CLOSED,CLOSED,CLOSED,0,0,0,2017-11-11T16:19:27Z,2017-11-11T16:19:27Z,2017-11-11T16:19:27Z,1,1
4760e5e7-fa82-b084-b891-a48ee8389f89,4760e5e7-fa82-b084-95cb-bb4564d42496,1a55ac87-5100-3f62-af79-f4dc9399b5b8,,,20,20,59621000,,,,,,,,,4760e5e7-fa82-b084-a967-a8c2ccfa12cf,1994-03-28T01:47:57Z,1994-03-28T01:47:57Z,1a55ac87-5100-3f62-af79-f4dc9399b5b8,CLOSED,CLOSED,CLOSED,0,0,0,1994-03-28T02:02:57Z,1994-03-28T02:02:57Z,1994-03-28T02:02:57Z,1,1
06eb6dda-a918-928f-0c8e-15ea92db5328,06eb6dda-a918-928f-76cf-6bf370cf2014,d8f3b5b7-0cf5-31f0-a7e8-5c6dc99e1c46,b046940f-1664-3047-bca7-dfa76be352a4,,10,10,410620009,,,,,,,,,06eb6dda-a918-928f-62ca-537efadc2394,2017-12-16T16:04:27Z,2017-12-16T16:04:27Z,d8f3b5b7-0cf5-31f0-a7e8-5c6dc99e1c46,CLOSED,CLOSED,CLOSED,0,0,0,2017-12-16T16:19:27Z,2017-12-16T16:19:27Z,2017-12-16T16:19:27Z,1,1
17cb5ccc-4c1f-9747-1172-6242aac740a5,17cb5ccc-4c1f-9747-f535-e57cd464679d,983c3c4e-0714-3fd3-b541-06a64e9c9498,26aab0cd-6aba-3e1b-ac5b-05c8867e762c,,10,10,410620009,,,,,,,,,17cb5ccc-4c1f-9747-5ac9-3524bdb2afad,2017-12-13T07:08:18Z,2017-12-13T07:08:18Z,983c3c4e-0714-3fd3-b541-06a64e9c9498,CLOSED,CLOSED,CLOSED,0,0,0,2017-12-13T07:23:18Z,2017-12-13T07:23:18Z,2017-12-13T07:23:18Z,1,1
4760e5e7-fa82-b084-1bf8-74bd68832357,4760e5e7-fa82-b084-95cb-bb4564d42496,1a55ac87-5100-3f62-af79-f4dc9399b5b8,,,20,20,59621000,,,,,,,,,4760e5e7-fa82-b084-a967-a8c2ccfa12cf,1994-03-28T01:47:57Z,1994-03-28T01:47:57Z,1a55ac87-5100-3f62-af79-f4dc9399b5b8,CLOSED,CLOSED,CLOSED,0,0,0,1994-03-28T02:02:57Z,1994-03-28T02:02:57Z,1994-03-28T02:02:57Z,1,1
55133401-cd51-32bc-1e65-7cd9c0007316,55133401-cd51-32bc-3046-82cb0a11d3da,85932702-486c-35c1-9e86-c34c4be05bac,0133f751-9229-3cfd-815f-b6d4979bdd6a,,20,20,162673000,,,,,,,,,55133401-cd51-32bc-900d-3e3abd20a46b,2018-03-12T15:47:25Z,2018-03-12T15:47:25Z,85932702-486c-35c1-9e86-c34c4be05bac,CLOSED,CLOSED,CLOSED,0,0,0,2018-03-12T16:02:25Z,2018-03-12T16:02:25Z,2018-03-12T16:02:25Z,1,1
4760e5e7-fa82-b084-6129-fbd341c09513,4760e5e7-fa82-b084-95cb-bb4564d42496,1a55ac87-5100-3f62-af79-f4dc9399b5b8,,,20,20,59621000,,,,,,,,,4760e5e7-fa82-b084-a967-a8c2ccfa12cf,1994-03-28T01:47:57Z,1994-03-28T01:47:57Z,1a55ac87-5100-3f62-af79-f4dc9399b5b8,CLOSED,CLOSED,CLOSED,0,0,0,1994-03-28T02:02:57Z,1994-03-28T02:02:57Z,1994-03-28T02:02:57Z,1,1
715724a5-2018-a4ef-3e95-cc9c092f9c0d,715724a5-2018-a4ef-8f62-42ec13f9c91d,35ebbed0-6806-3ee4-9ab1-952f1d9a77b7,a735bf55-83e9-331a-899d-a82a60b9f60c,,20,20,162673000,,,,,,,,,715724a5-2018-a4ef-d4b1-19cdea4488c0,2016-08-30T04:22:25Z,2016-08-30T04:22:25Z,35ebbed0-6806-3ee4-9ab1-952f1d9a77b7,CLOSED,CLOSED,CLOSED,0,0,0,2016-08-30T04:37:25Z,2016-08-30T04:37:25Z,2016-08-30T04:37:25Z,1,1
4760e5e7-fa82-b084-77aa-b40bf5ee9b63,4760e5e7-fa82-b084-95cb-bb4564d42496,1a55ac87-5100-3f62-af79-f4dc9399b5b8,26aab0cd-6aba-3e1b-ac5b-05c8867e762c,,20,20,162673000,,,,,,,,,4760e5e7-fa82-b084-e2d1-6ee58837a968,2016-08-01T01:47:57Z,2016-08-01T01:47:57Z,1a55ac87-5100-3f62-af79-f4dc9399b5b8,CLOSED,CLOSED,CLOSED,0,0,0,2016-08-01T02:02:57Z,2016-08-01T02:02:57Z,2016-08-01T02:02:57Z,1,1
4760e5e7-fa82-b084-a484-c73e6eb50a71,4760e5e7-fa82-b084-95cb-bb4564d42496,1a55ac87-5100-3f62-af79-f4dc9399b5b8,26aab0cd-6aba-3e1b-ac5b-05c8867e762c,,20,20,162673000,,,,,,,,,4760e5e7-fa82-b084-aeff-4edd0a389f64,2017-08-07T01:47:57Z,2017-08-07T01:47:57Z,1a55ac87-5100-3f62-af79-f4dc9399b5b8,CLOSED,CLOSED,CLOSED,0,0,0,2017-08-07T02:02:57Z,2017-08-07T02:02:57Z,2017-08-07T02:02:57Z,1,1
06eb6dda-a918-928f-6c9c-b29e18022f5d,06eb6dda-a918-928f-76cf-6bf370cf2014,d8f3b5b7-0cf5-31f0-a7e8-5c6dc99e1c46,b046940f-1664-3047-bca7-dfa76be352a4,,10,10,410620009,,,,,,,,,06eb6dda-a918-928f-c4f5-9c2d409623c1,2018-02-17T16:04:27Z,2018-02-17T16:04:27Z,d8f3b5b7-0cf5-31f0-a7e8-5c6dc99e1c46,CLOSED,CLOSED,CLOSED,0,0,0,2018-02-17T16:19:27Z,2018-02-17T16:19:27Z,2018-02-17T16:19:27Z,1,1
715724a5-2018-a4ef-ad0f-07f75b26eb45,715724a5-2018-a4ef-8f62-42ec13f9c91d,35ebbed0-6806-3ee4-9ab1-952f1d9a77b7,a735bf55-83e9-331a-899d-a82a60b9f60c,,20,20,162673000,,,,,,,,,715724a5-2018-a4ef-09a1-50d0719cfe1f,2017-09-05T04:22:25Z,2017-09-05T04:22:25Z,35ebbed0-6806-3ee4-9ab1-952f1d9a77b7,CLOSED,CLOSED,CLOSED,0,0,0,2017-09-05T04:37:25Z,2017-09-05T04:37:25Z,2017-09-05T04:37:25Z,1,1
55133401-cd51-32bc-ae07-1593fceec883,55133401-cd51-32bc-3046-82cb0a11d3da,85932702-486c-35c1-9e86-c34c4be05bac,0133f751-9229-3cfd-815f-b6d4979bdd6a,,20,20,162673000,,,,,,,,,55133401-cd51-32bc-c2d8-1a5ecaced68e,2020-02-17T15:47:25Z,2020-02-17T15:47:25Z,85932702-486c-35c1-9e86-c34c4be05bac,CLOSED,CLOSED,CLOSED,0,0,0,2020-02-17T16:02:25Z,2020-02-17T16:02:25Z,2020-02-17T16:02:25Z,1,1
17cb5ccc-4c1f-9747-0ec8-61f0dec528b5,17cb5ccc-4c1f-9747-f535-e57cd464679d,983c3c4e-0714-3fd3-b541-06a64e9c9498,26aab0cd-6aba-3e1b-ac5b-05c8867e762c,,10,10,410620009,,,,,,,,,17cb5ccc-4c1f-9747-a46e-eca140269ecb,2018-03-14T07:08:18Z,2018-03-14T07:08:18Z,983c3c4e-0714-3fd3-b541-06a64e9c9498,CLOSED,CLOSED,CLOSED,0,0,0,2018-03-14T07:23:18Z,2018-03-14T07:23:18Z,2018-03-14T07:23:18Z,1,1
4760e5e7-fa82-b084-f473-79673879ae30,4760e5e7-fa82-b084-95cb-bb4564d42496,1a55ac87-5100-3f62-af79-f4dc9399b5b8,26aab0cd-6aba-3e1b-ac5b-05c8867e762c,,20,20,162673000,,,,,,,,,4760e5e7-fa82-b084-b60c-48288f2382fc,2018-08-13T01:47:57Z,2018-08-13T01:47:57Z,1a55ac87-5100-3f62-af79-f4dc9399b5b8,CLOSED,CLOSED,CLOSED,0,0,0,2018-08-13T02:02:57Z,2018-08-13T02:02:57Z,2018-08-13T02:02:57Z,1,1
17cb5ccc-4c1f-9747-f3f8-3b73744f4819,17cb5ccc-4c1f-9747-f535-e57cd464679d,983c3c4e-0714-3fd3-b541-06a64e9c9498,26aab0cd-6aba-3e1b-ac5b-05c8867e762c,,10,10,410620009,,,,,,,,,17cb5ccc-4c1f-9747-dbfa-9cc1ab0c3c41,2018-06-13T07:08:18Z,2018-06-13T07:08:18Z,983c3c4e-0714-3fd3-b541-06a64e9c9498,CLOSED,CLOSED,CLOSED,0,0,0,2018-06-13T07:23:18Z,2018-06-13T07:23:18Z,2018-06-13T07:23:18Z,1,1
4760e5e7-fa82-b084-64f6-d46f4c1ca9f8,4760e5e7-fa82-b084-95cb-bb4564d42496,1a55ac87-5100-3f62-af79-f4dc9399b5b8,a735bf55-83e9-331a-899d-a82a60b9f60c,b046940f-1664-3047-bca7-dfa76be352a4,20,20,162673000,,,,,,,,,4760e5e7-fa82-b084-0850-02369244fbb3,2019-08-19T01:47:57Z,2019-08-19T01:47:57Z,1a55ac87-5100-3f62-af79-f4dc9399b5b8,CLOSED,,CLOSED,0,,0,2019-08-19T02:02:57Z,,2019-08-19T02:02:57Z,1,0
06eb6dda-a918-928f-45ae-f1f4b8928835,06eb6dda-a918-928f-76cf-6bf370cf2014,d8f3b5b7-0cf5-31f0-a7e8-5c6dc99e1c46,b046940f-1664-3047-bca7-dfa76be352a4,,10,10,410620009,,,,,,,,,06eb6dda-a918-928f-1faa-61e36de73407,2018-04-21T16:04:27Z,2018-04-21T16:04:27Z,d8f3b5b7-0cf5-31f0-a7e8-5c6dc99e1c46,CLOSED,CLOSED,CLOSED,0,0,0,2018-04-21T16:19:27Z,2018-04-21T16:19:27Z,2018-04-21T16:19:27Z,1,1
55133401-cd51-32bc-e229-dbca5f14fffd,55133401-cd51-32bc-3046-82cb0a11d3da,85932702-486c-35c1-9e86-c34c4be05bac,0133f751-9229-3cfd-815f-b6d4979bdd6a,,20,20,162673000,,,,,,,,,55133401-cd51-32bc-8a1c-158734253342,2021-02-22T15:47:25Z,2021-02-22T15:47:25Z,85932702-486c-35c1-9e86-c34c4be05bac,CLOSED,CLOSED,CLOSED,0,0,0,2021-02-22T16:02:25Z,2021-02-22T16:02:25Z,2021-02-22T16:02:25Z,1,1
17cb5ccc-4c1f-9747-fb74-74f8ff5e86fe,17cb5ccc-4c1f-9747-f535-e57cd464679d,983c3c4e-0714-3fd3-b541-06a64e9c9498,26aab0cd-6aba-3e1b-ac5b-05c8867e762c,,10,10,410620009,,,,,,,,,17cb5ccc-4c1f-9747-0349-85bb4ba7c2c7,2018-09-12T07:08:18Z,2018-09-12T07:08:18Z,983c3c4e-0714-3fd3-b541-06a64e9c9498,CLOSED,CLOSED,CLOSED,0,0,0,2018-09-12T07:23:18Z,2018-09-12T07:23:18Z,2018-09-12T07:23:18Z,1,1
17cb5ccc-4c1f-9747-4510-c106a3a0d043,17cb5ccc-4c1f-9747-f535-e57cd464679d,983c3c4e-0714-3fd3-b541-06a64e9c9498,26aab0cd-6aba-3e1b-ac5b-05c8867e762c,,10,10,410620009,,,,,,,,,17cb5ccc-4c1f-9747-ac00-86ccd9d0f8e1,2019-03-13T07:08:18Z,2019-03-13T07:08:18Z,983c3c4e-0714-3fd3-b541-06a64e9c9498,CLOSED,CLOSED,CLOSED,0,0,0,2019-03-13T07:23:18Z,2019-03-13T07:23:18Z,2019-03-13T07:23:18Z,1,1
17cb5ccc-4c1f-9747-64a2-fa1bf8767716,17cb5ccc-4c1f-9747-f535-e57cd464679d,983c3c4e-0714-3fd3-b541-06a64e9c9498,26aab0cd-6aba-3e1b-ac5b-05c8867e762c,,10,10,410620009,,,,,,,,,17cb5ccc-4c1f-9747-5c10-d549b4943430,2019-09-11T07:08:18Z,2019-09-11T07:08:18Z,983c3c4e-0714-3fd3-b541-06a64e9c9498,CLOSED,CLOSED,CLOSED,0,0,0,2019-09-11T07:23:18Z,2019-09-11T07:23:18Z,2019-09-11T07:23:18Z,1,1
17cb5ccc-4c1f-9747-bcff-895ef28033eb,17cb5ccc-4c1f-9747-f535-e57cd464679d,983c3c4e-0714-3fd3-b541-06a64e9c9498,26aab0cd-6aba-3e1b-ac5b-05c8867e762c,,10,10,410620009,,,,,,,,,17cb5ccc-4c1f-9747-0d5e-f63f0c6e5a25,2020-03-11T07:08:18Z,2020-03-11T07:08:18Z,983c3c4e-0714-3fd3-b541-06a64e9c9498,CLOSED,CLOSED,CLOSED,0,0,0,2020-03-11T07:23:18Z,2020-03-11T07:23:18Z,2020-03-11T07:23:18Z,1,1
715724a5-2018-a4ef-daf2-b94eb5366bd6,715724a5-2018-a4ef-8f62-42ec13f9c91d,35ebbed0-6806-3ee4-9ab1-952f1d9a77b7,a735bf55-83e9-331a-899d-a82a60b9f60c,b046940f-1664-3047-bca7-dfa76be352a4,20,20,162673000,,,,,,,,,715724a5-2018-a4ef-88e9-f0f83a91dd0c,2018-09-11T04:22:25Z,2018-09-11T04:22:25Z,35ebbed0-6806-3ee4-9ab1-952f1d9a77b7,CLOSED,,CLOSED,0,,0,2018-09-11T04:37:25Z,,2018-09-11T04:37:25Z,1,0
715724a5-2018-a4ef-e798-cb42b2b6c509,715724a5-2018-a4ef-8f62-42ec13f9c91d,35ebbed0-6806-3ee4-9ab1-952f1d9a77b7,a735bf55-83e9-331a-899d-a82a60b9f60c,b046940f-1664-3047-bca7-dfa76be352a4,20,20,162673000,,,,,,,,,715724a5-2018-a4ef-ab9a-1ad41dee6606,2019-09-17T04:22:25Z,2019-09-17T04:22:25Z,35ebbed0-6806-3ee4-9ab1-952f1d9a77b7,CLOSED,,CLOSED,0,,0,2019-09-17T04:37:25Z,,2019-09-17T04:37:25Z,1,0
17cb5ccc-4c1f-9747-8c69-43feed528963,17cb5ccc-4c1f-9747-f535-e57cd464679d,983c3c4e-0714-3fd3-b541-06a64e9c9498,26aab0cd-6aba-3e1b-ac5b-05c8867e762c,,10,10,410620009,,,,,,,,,17cb5ccc-4c1f-9747-5b42-6063ab8eddd8,2020-09-09T07:08:18Z,2020-09-09T07:08:18Z,983c3c4e-0714-3fd3-b541-06a64e9c9498,CLOSED,CLOSED,CLOSED,0,0,0,2020-09-09T07:23:18Z,2020-09-09T07:23:18Z,2020-09-09T07:23:18Z,1,1
bec25def-e2ce-2fe3-c766-fce56ac64fb2,bec25def-e2ce-2fe3-4022-747293bc775e,cdcbc9bb-635f-3ac6-bcf7-c145123a29be,b046940f-1664-3047-bca7-dfa76be352a4,,20,20,59621000,,,,,,,,,bec25def-e2ce-2fe3-ca9d-987ef23d9261,2009-12-21T12:25:20Z,2009-12-21T12:25:20Z,cdcbc9bb-635f-3ac6-bcf7-c145123a29be,CLOSED,CLOSED,CLOSED,0,0,0,2009-12-21T12:40:20Z,2009-12-21T12:40:20Z,2009-12-21T12:40:20Z,1,1
17cb5ccc-4c1f-9747-db9d-79b1e4f4aa97,17cb5ccc-4c1f-9747-f535-e57cd464679d,983c3c4e-0714-3fd3-b541-06a64e9c9498,26aab0cd-6aba-3e1b-ac5b-05c8867e762c,,10,10,410620009,,,,,,,,,17cb5ccc-4c1f-9747-835a-77cca469ab79,2021-03-10T07:08:18Z,2021-03-10T07:08:18Z,983c3c4e-0714-3fd3-b541-06a64e9c9498,CLOSED,CLOSED,CLOSED,0,0,0,2021-03-10T07:23:18Z,2021-03-10T07:23:18Z,2021-03-10T07:23:18Z,1,1
bec25def-e2ce-2fe3-1d75-10707cb08c01,bec25def-e2ce-2fe3-4022-747293bc775e,cdcbc9bb-635f-3ac6-bcf7-c145123a29be,b046940f-1664-3047-bca7-dfa76be352a4,,20,20,59621000,,,,,,,,,bec25def-e2ce-2fe3-ca9d-987ef23d9261,2009-12-21T12:25:20Z,2009-12-21T12:25:20Z,cdcbc9bb-635f-3ac6-bcf7-c145123a29be,CLOSED,CLOSED,CLOSED,0,0,0,2009-12-21T12:40:20Z,2009-12-21T12:40:20Z,2009-12-21T12:40:20Z,1,1
55133401-cd51-32bc-e3c0-49a2dacf17c4,55133401-cd51-32bc-3046-82cb0a11d3da,37eef0d1-01dd-3c1a-ae09-4f314a220e12,0133f751-9229-3cfd-815f-b6d4979bdd6a,,2,2,33879002,,,,,,,,,55133401-cd51-32bc-7e55-9dfeddc14e6a,2021-05-10T15:47:25Z,2021-05-10T15:47:25Z,37eef0d1-01dd-3c1a-ae09-4f314a220e12,CLOSED,CLOSED,CLOSED,0,0,0,2021-05-10T16:02:25Z,2021-05-10T16:02:25Z,2021-05-10T16:02:25Z,2,2
4760e5e7-fa82-b084-ed73-1b3e8f71235d,4760e5e7-fa82-b084-95cb-bb4564d42496,1a55ac87-5100-3f62-af79-f4dc9399b5b8,a735bf55-83e9-331a-899d-a82a60b9f60c,b046940f-1664-3047-bca7-dfa76be352a4,20,20,162673000,,,,,,,,,4760e5e7-fa82-b084-46b3-af862375e45a,2020-08-24T01:47:57Z,2020-08-24T01:47:57Z,1a55ac87-5100-3f62-af79-f4dc9399b5b8,CLOSED,,CLOSED,0,,0,2020-08-24T02:02:57Z,,2020-08-24T02:02:57Z,1,0
17cb5ccc-4c1f-9747-19d4-f7a932c3e60d,17cb5ccc-4c1f-9747-f535-e57cd464679d,983c3c4e-0714-3fd3-b541-06a64e9c9498,26aab0cd-6aba-3e1b-ac5b-05c8867e762c,,10,10,410620009,,,,,,,,,17cb5ccc-4c1f-9747-d929-17f1b995fe1e,2022-03-16T07:08:18Z,2022-03-16T07:08:18Z,983c3c4e-0714-3fd3-b541-06a64e9c9498,CLOSED,CLOSED,CLOSED,0,0,0,2022-03-16T07:23:18Z,2022-03-16T07:23:18Z,2022-03-16T07:23:18Z,1,1
715724a5-2018-a4ef-82b6-a3a6f8640a71,715724a5-2018-a4ef-8f62-42ec13f9c91d,35ebbed0-6806-3ee4-9ab1-952f1d9a77b7,a735bf55-83e9-331a-899d-a82a60b9f60c,b046940f-1664-3047-bca7-dfa76be352a4,20,20,162673000,,,,,,,,,715724a5-2018-a4ef-617f-8908ba67d38c,2020-09-22T04:22:25Z,2020-09-22T04:22:25Z,35ebbed0-6806-3ee4-9ab1-952f1d9a77b7,CLOSED,,CLOSED,0,,0,2020-09-22T04:37:25Z,,2020-09-22T04:37:25Z,1,0
bec25def-e2ce-2fe3-3b22-ce68591995ab,bec25def-e2ce-2fe3-4022-747293bc775e,d4cd019c-151a-38b1-8a9c-5b666db595f0,b046940f-1664-3047-bca7-dfa76be352a4,,1,1,59621000,,,,,,,,,bec25def-e2ce-2fe3-46bd-f5457b7b3a39,2009-12-21T12:25:20Z,2010-01-20T12:25:20Z,d4cd019c-151a-38b1-8a9c-5b666db595f0,CLOSED,CLOSED,CLOSED,0,0,0,2010-01-20T12:40:20Z,2010-01-20T12:40:20Z,2010-01-20T12:40:20Z,2,2
06eb6dda-a918-928f-d684-1fda1759128e,06eb6dda-a918-928f-76cf-6bf370cf2014,d8f3b5b7-0cf5-31f0-a7e8-5c6dc99e1c46,b046940f-1664-3047-bca7-dfa76be352a4,,10,10,410620009,,,,,,,,,06eb6dda-a918-928f-b2c5-532c0dc1d453,2018-07-21T16:04:27Z,2018-07-21T16:04:27Z,d8f3b5b7-0cf5-31f0-a7e8-5c6dc99e1c46,CLOSED,CLOSED,CLOSED,0,0,0,2018-07-21T16:19:27Z,2018-07-21T16:19:27Z,2018-07-21T16:19:27Z,1,1
55133401-cd51-32bc-aa67-2654055cd644,55133401-cd51-32bc-3046-82cb0a11d3da,37eef0d1-01dd-3c1a-ae09-4f314a220e12,0133f751-9229-3cfd-815f-b6d4979bdd6a,,2,2,33879002,,,,,,,,,55133401-cd51-32bc-89a2-b7ab8f84d126,2021-05-31T15:47:25Z,2021-05-31T15:47:25Z,37eef0d1-01dd-3c1a-ae09-4f314a220e12,CLOSED,CLOSED,CLOSED,0,0,0,2021-05-31T16:02:25Z,2021-05-31T16:02:25Z,2021-05-31T16:02:25Z,2,2
bec25def-e2ce-2fe3-b018-aed1fcd7aefd,bec25def-e2ce-2fe3-4022-747293bc775e,d4cd019c-151a-38b1-8a9c-5b666db595f0,b046940f-1664-3047-bca7-dfa76be352a4,,1,1,59621000,,,,,,,,,bec25def-e2ce-2fe3-46bd-f5457b7b3a39,2009-12-21T12:25:20Z,2010-01-20T12:25:20Z,d4cd019c-151a-38b1-8a9c-5b666db595f0,CLOSED,CLOSED,CLOSED,0,0,0,2010-01-20T12:40:20Z,2010-01-20T12:40:20Z,2010-01-20T12:40:20Z,2,2
bec25def-e2ce-2fe3-1580-632e411d039c,bec25def-e2ce-2fe3-4022-747293bc775e,d4cd019c-151a-38b1-8a9c-5b666db595f0,b046940f-1664-3047-bca7-dfa76be352a4,,1,1,59621000,,,,,,,,,bec25def-e2ce-2fe3-267c-7d47009e0366,2009-12-21T12:25:20Z,2010-03-21T12:25:20Z,d4cd019c-151a-38b1-8a9c-5b666db595f0,CLOSED,CLOSED,CLOSED,0,0,0,2010-03-21T12:40:20Z,2010-03-21T12:40:20Z,2010-03-21T12:40:20Z,2,2
bec25def-e2ce-2fe3-6e12-5e44a4b08638,bec25def-e2ce-2fe3-4022-747293bc775e,d4cd019c-151a-38b1-8a9c-5b666db595f0,b046940f-1664-3047-bca7-dfa76be352a4,,1,1,59621000,,,,,,,,,bec25def-e2ce-2fe3-267c-7d47009e0366,2009-12-21T12:25:20Z,2010-03-21T12:25:20Z,d4cd019c-151a-38b1-8a9c-5b666db595f0,CLOSED,CLOSED,CLOSED,0,0,0,2010-03-21T12:40:20Z,2010-03-21T12:40:20Z,2010-03-21T12:40:20Z,2,2
715724a5-2018-a4ef-388d-258dd9f90158,715724a5-2018-a4ef-8f62-42ec13f9c91d,7bcdb75a-c3a8-3095-8a3f-341098bdb2ca,a735bf55-83e9-331a-899d-a82a60b9f60c,b046940f-1664-3047-bca7-dfa76be352a4,2,2,33879002,,,,,,,,,715724a5-2018-a4ef-6caa-8b38095b344e,2021-01-12T04:22:25Z,2021-01-12T04:22:25Z,7bcdb75a-c3a8-3095-8a3f-341098bdb2ca,CLOSED,,CLOSED,0,,0,2021-01-12T04:37:25Z,,2021-01-12T04:37:25Z,2,0
bec25def-e2ce-2fe3-1f3b-56e361785a87,bec25def-e2ce-2fe3-4022-747293bc775e,cdcbc9bb-635f-3ac6-bcf7-c145123a29be,b046940f-1664-3047-bca7-dfa76be352a4,,20,20,162673000,,,,,,,,,bec25def-e2ce-2fe3-2001-ad1c74583bdc,2017-01-30T12:25:20Z,2017-01-30T12:25:20Z,cdcbc9bb-635f-3ac6-bcf7-c145123a29be,CLOSED,CLOSED,CLOSED,0,0,0,2017-01-30T12:40:20Z,2017-01-30T12:40:20Z,2017-01-30T12:40:20Z,1,1
55133401-cd51-32bc-b565-9ab9d94cfd50,55133401-cd51-32bc-3046-82cb0a11d3da,85932702-486c-35c1-9e86-c34c4be05bac,734afbd6-4794-363b-9bc0-6a3981533ed5,,20,20,162673000,,,,,,,,,55133401-cd51-32bc-e997-d4a286f5998c,2022-02-28T15:47:25Z,2022-02-28T15:47:25Z,85932702-486c-35c1-9e86-c34c4be05bac,CLOSED,CLOSED,CLOSED,0,0,0,2022-02-28T16:02:25Z,2022-02-28T16:02:25Z,2022-02-28T16:02:25Z,1,1
ce2e160d-4a41-c64a-2a45-c5244791d837,ce2e160d-4a41-c64a-859f-2653d0ec39ad,2ec29342-094f-36ba-9fcf-155753242660,d31fccc3-1767-390d-966a-22a5156f4219,,20,20,162673000,,,,,,,,,ce2e160d-4a41-c64a-aa9a-cc6c6a8dcf0a,2016-10-04T15:05:01Z,2016-10-04T15:05:01Z,2ec29342-094f-36ba-9fcf-155753242660,CLOSED,CLOSED,CLOSED,0,0,0,2016-10-04T15:20:01Z,2016-10-04T15:20:01Z,2016-10-04T15:20:01Z,1,1
4760e5e7-fa82-b084-5bc6-8d8d67c83ec6,4760e5e7-fa82-b084-95cb-bb4564d42496,d042c7fc-5990-3ea0-b029-ee7bccca91be,a735bf55-83e9-331a-899d-a82a60b9f60c,b046940f-1664-3047-bca7-dfa76be352a4,2,2,33879002,,,,,,,,,4760e5e7-fa82-b084-9346-fb7ab2cb601a,2021-08-23T01:47:57Z,2021-08-23T01:47:57Z,d042c7fc-5990-3ea0-b029-ee7bccca91be,CLOSED,,CLOSED,0,,0,2021-08-23T02:02:57Z,,2021-08-23T02:02:57Z,2,0
55133401-cd51-32bc-eacb-8f7a4654d059,55133401-cd51-32bc-3046-82cb0a11d3da,85932702-486c-35c1-9e86-c34c4be05bac,734afbd6-4794-363b-9bc0-6a3981533ed5,,20,20,162673000,,,,,,,,,55133401-cd51-32bc-a0db-10ac78b615b4,2023-03-06T15:47:25Z,2023-03-06T15:47:25Z,85932702-486c-35c1-9e86-c34c4be05bac,CLOSED,CLOSED,CLOSED,0,0,0,2023-03-06T16:02:25Z,2023-03-06T16:02:25Z,2023-03-06T16:02:25Z,1,1
715724a5-2018-a4ef-aa11-4b05e43ce140,715724a5-2018-a4ef-8f62-42ec13f9c91d,7bcdb75a-c3a8-3095-8a3f-341098bdb2ca,a735bf55-83e9-331a-899d-a82a60b9f60c,b046940f-1664-3047-bca7-dfa76be352a4,2,2,33879002,,,,,,,,,715724a5-2018-a4ef-0e38-8003e52b37fd,2021-02-09T04:22:25Z,2021-02-09T04:22:25Z,7bcdb75a-c3a8-3095-8a3f-341098bdb2ca,CLOSED,,CLOSED,0,,0,2021-02-09T04:37:25Z,,2021-02-09T04:37:25Z,2,0
17cb5ccc-4c1f-9747-0c1f-ed6bb278a476,17cb5ccc-4c1f-9747-f535-e57cd464679d,983c3c4e-0714-3fd3-b541-06a64e9c9498,26aab0cd-6aba-3e1b-ac5b-05c8867e762c,,10,10,410620009,,,,,,,,,17cb5ccc-4c1f-9747-cf52-6176efbf5b06,2023-03-22T07:08:18Z,2023-03-22T07:08:18Z,983c3c4e-0714-3fd3-b541-06a64e9c9498,CLOSED,CLOSED,CLOSED,0,0,0,2023-03-22T07:23:18Z,2023-03-22T07:23:18Z,2023-03-22T07:23:18Z,1,1
bec25def-e2ce-2fe3-bc85-e7023095d8df,bec25def-e2ce-2fe3-4022-747293bc775e,cdcbc9bb-635f-3ac6-bcf7-c145123a29be,b046940f-1664-3047-bca7-dfa76be352a4,,20,20,162673000,,,,,,,,,bec25def-e2ce-2fe3-4a77-b5e5f2c04b89,2018-02-05T12:25:20Z,2018-02-05T12:25:20Z,cdcbc9bb-635f-3ac6-bcf7-c145123a29be,CLOSED,CLOSED,CLOSED,0,0,0,2018-02-05T12:40:20Z,2018-02-05T12:40:20Z,2018-02-05T12:40:20Z,1,1
06eb6dda-a918-928f-5612-1f765d2e1b92,06eb6dda-a918-928f-76cf-6bf370cf2014,d8f3b5b7-0cf5-31f0-a7e8-5c6dc99e1c46,b046940f-1664-3047-bca7-dfa76be352a4,,10,10,410620009,,,,,,,,,06eb6dda-a918-928f-597b-20bb7d8cac18,2018-10-20T16:04:27Z,2018-10-20T16:04:27Z,d8f3b5b7-0cf5-31f0-a7e8-5c6dc99e1c46,CLOSED,CLOSED,CLOSED,0,0,0,2018-10-20T16:19:27Z,2018-10-20T16:19:27Z,2018-10-20T16:19:27Z,1,1
ce2e160d-4a41-c64a-c729-624d3be9f07b,ce2e160d-4a41-c64a-859f-2653d0ec39ad,2ec29342-094f-36ba-9fcf-155753242660,d31fccc3-1767-390d-966a-22a5156f4219,,20,20,162673000,,,,,,,,,ce2e160d-4a41-c64a-91eb-63444c225b15,2019-10-08T15:05:01Z,2019-10-08T15:05:01Z,2ec29342-094f-36ba-9fcf-155753242660,CLOSED,CLOSED,CLOSED,0,0,0,2019-10-08T15:20:01Z,2019-10-08T15:20:01Z,2019-10-08T15:20:01Z,1,1
06eb6dda-a918-928f-dd75-883dde966f8e,06eb6dda-a918-928f-76cf-6bf370cf2014,d8f3b5b7-0cf5-31f0-a7e8-5c6dc99e1c46,b046940f-1664-3047-bca7-dfa76be352a4,,10,10,410620009,,,,,,,,,06eb6dda-a918-928f-3612-c6b555ca44bf,2019-01-19T16:04:27Z,2019-01-19T16:04:27Z,d8f3b5b7-0cf5-31f0-a7e8-5c6dc99e1c46,CLOSED,CLOSED,CLOSED,0,0,0,2019-01-19T16:19:27Z,2019-01-19T16:19:27Z,2019-01-19T16:19:27Z,1,1
55133401-cd51-32bc-ef70-7334dacd582a,55133401-cd51-32bc-3046-82cb0a11d3da,85932702-486c-35c1-9e86-c34c4be05bac,8fa6c185-e44e-3e34-8bd8-39be8694f4ce,,20,20,162673000,,,,,,,,,55133401-cd51-32bc-81fa-9c38694998e3,2024-03-11T15:47:25Z,2024-03-11T15:47:25Z,85932702-486c-35c1-9e86-c34c4be05bac,CLOSED,CLOSED,CLOSED,0,0,0,2024-03-11T16:02:25Z,2024-03-11T16:02:25Z,2024-03-11T16:02:25Z,1,1
4760e5e7-fa82-b084-244a-1f15d022acd5,4760e5e7-fa82-b084-95cb-bb4564d42496,1a55ac87-5100-3f62-af79-f4dc9399b5b8,a735bf55-83e9-331a-899d-a82a60b9f60c,b046940f-1664-3047-bca7-dfa76be352a4,20,20,162673000,,,,,,,,,4760e5e7-fa82-b084-b1d0-75720b8b4590,2021-08-30T01:47:57Z,2021-08-30T01:47:57Z,1a55ac87-5100-3f62-af79-f4dc9399b5b8,CLOSED,,CLOSED,0,,0,2021-08-30T02:02:57Z,,2021-08-30T02:02:57Z,1,0
715724a5-2018-a4ef-b607-c134bea23102,715724a5-2018-a4ef-8f62-42ec13f9c91d,35ebbed0-6806-3ee4-9ab1-952f1d9a77b7,a735bf55-83e9-331a-899d-a82a60b9f60c,,20,20,162673000,,,,,,,,,715724a5-2018-a4ef-ebc1-b6395f84e070,2021-09-28T04:22:25Z,2021-09-28T04:22:25Z,35ebbed0-6806-3ee4-9ab1-952f1d9a77b7,CLOSED,CLOSED,CLOSED,0,0,0,2021-09-28T04:37:25Z,2021-09-28T04:37:25Z,2021-09-28T04:37:25Z,1,1
bec25def-e2ce-2fe3-a2ed-daec2a95e522,bec25def-e2ce-2fe3-4022-747293bc775e,cdcbc9bb-635f-3ac6-bcf7-c145123a29be,b046940f-1664-3047-bca7-dfa76be352a4,,20,20,162673000,,,,,,,,,bec25def-e2ce-2fe3-ae81-bfb3b090a7ae,2019-02-11T12:25:20Z,2019-02-11T12:25:20Z,cdcbc9bb-635f-3ac6-bcf7-c145123a29be,CLOSED,CLOSED,CLOSED,0,0,0,2019-02-11T12:40:20Z,2019-02-11T12:40:20Z,2019-02-11T12:40:20Z,1,1
ce2e160d-4a41-c64a-120c-ee9b4c10af40,ce2e160d-4a41-c64a-859f-2653d0ec39ad,2ec29342-094f-36ba-9fcf-155753242660,d31fccc3-1767-390d-966a-22a5156f4219,,20,20,162673000,,,,,,,,,ce2e160d-4a41-c64a-3248-d31d14501c6d,2022-10-11T15:05:01Z,2022-10-11T15:05:01Z,2ec29342-094f-36ba-9fcf-155753242660,CLOSED,CLOSED,CLOSED,0,0,0,2022-10-11T15:20:01Z,2022-10-11T15:20:01Z,2022-10-11T15:20:01Z,1,1
17cb5ccc-4c1f-9747-0fe8-00d1c83ff080,17cb5ccc-4c1f-9747-f535-e57cd464679d,983c3c4e-0714-3fd3-b541-06a64e9c9498,26aab0cd-6aba-3e1b-ac5b-05c8867e762c,,10,10,410620009,,,,,,,,,17cb5ccc-4c1f-9747-942b-f91bbddd336e,2024-03-27T07:08:18Z,2024-03-27T07:08:18Z,983c3c4e-0714-3fd3-b541-06a64e9c9498,CLOSED,CLOSED,CLOSED,0,0,0,2024-03-27T07:23:18Z,2024-03-27T07:23:18Z,2024-03-27T07:23:18Z,1,1
715724a5-2018-a4ef-66f8-c4fb42500ba1,715724a5-2018-a4ef-8f62-42ec13f9c91d,35ebbed0-6806-3ee4-9ab1-952f1d9a77b7,a735bf55-83e9-331a-899d-a82a60b9f60c,b046940f-1664-3047-bca7-dfa76be352a4,20,20,162673000,,,,,,,,,715724a5-2018-a4ef-40a9-f6172f54b031,2022-10-04T04:22:25Z,2022-10-04T04:22:25Z,35ebbed0-6806-3ee4-9ab1-952f1d9a77b7,CLOSED,,CLOSED,0,,0,2022-10-04T04:37:25Z,,2022-10-04T04:37:25Z,1,0
55133401-cd51-32bc-e1c5-3327195ebe78,55133401-cd51-32bc-3046-82cb0a11d3da,85932702-486c-35c1-9e86-c34c4be05bac,8fa6c185-e44e-3e34-8bd8-39be8694f4ce,,20,20,162673000,,,,,,,,,55133401-cd51-32bc-b9d5-9345e2aadd1b,2025-03-17T15:47:25Z,2025-03-17T15:47:25Z,85932702-486c-35c1-9e86-c34c4be05bac,CLOSED,CLOSED,CLOSED,0,0,0,2025-03-17T16:02:25Z,2025-03-17T16:02:25Z,2025-03-17T16:02:25Z,1,1
bec25def-e2ce-2fe3-da38-ce7af8871d5e,bec25def-e2ce-2fe3-4022-747293bc775e,cdcbc9bb-635f-3ac6-bcf7-c145123a29be,b046940f-1664-3047-bca7-dfa76be352a4,,20,20,162673000,,,,,,,,,bec25def-e2ce-2fe3-1860-e90e6b25add8,2020-02-17T12:25:20Z,2020-02-17T12:25:20Z,cdcbc9bb-635f-3ac6-bcf7-c145123a29be,CLOSED,CLOSED,CLOSED,0,0,0,2020-02-17T12:40:20Z,2020-02-17T12:40:20Z,2020-02-17T12:40:20Z,1,1
4760e5e7-fa82-b084-6828-3262b789e9f7,4760e5e7-fa82-b084-95cb-bb4564d42496,d042c7fc-5990-3ea0-b029-ee7bccca91be,a735bf55-83e9-331a-899d-a82a60b9f60c,b046940f-1664-3047-bca7-dfa76be352a4,2,2,33879002,,,,,,,,,4760e5e7-fa82-b084-af99-b23b90810621,2021-09-20T01:47:57Z,2021-09-20T01:47:57Z,d042c7fc-5990-3ea0-b029-ee7bccca91be,CLOSED,,CLOSED,0,,0,2021-09-20T02:02:57Z,,2021-09-20T02:02:57Z,2,0
ce2e160d-4a41-c64a-193a-d13f4f9a6b19,ce2e160d-4a41-c64a-859f-2653d0ec39ad,2ec29342-094f-36ba-9fcf-155753242660,d31fccc3-1767-390d-966a-22a5156f4219,,20,20,162673000,,,,,,,,,ce2e160d-4a41-c64a-06ec-3c04b2d8736c,2025-10-14T15:05:01Z,2025-10-14T15:05:01Z,2ec29342-094f-36ba-9fcf-155753242660,CLOSED,CLOSED,CLOSED,0,0,0,2025-10-14T15:20:01Z,2025-10-14T15:20:01Z,2025-10-14T15:20:01Z,1,1
17cb5ccc-4c1f-9747-ee34-a64de661c4ed,17cb5ccc-4c1f-9747-f535-e57cd464679d,983c3c4e-0714-3fd3-b541-06a64e9c9498,26aab0cd-6aba-3e1b-ac5b-05c8867e762c,,10,10,410620009,,,,,,,,,17cb5ccc-4c1f-9747-d98c-5350ed091e69,2025-04-02T07:08:18Z,2025-04-02T07:08:18Z,983c3c4e-0714-3fd3-b541-06a64e9c9498,CLOSED,CLOSED,CLOSED,0,0,0,2025-04-02T07:23:18Z,2025-04-02T07:23:18Z,2025-04-02T07:23:18Z,1,1
2bbd76b7-e9a4-0597-4317-daa5a759a1b8,2bbd76b7-e9a4-0597-7752-c228b9ffe6c1,e2398c77-1768-3b1f-92f7-f2a4e37f2198,d31fccc3-1767-390d-966a-22a5156f4219,,20,20,59621000,,,,,,,,,2bbd76b7-e9a4-0597-6e68-8174078082c4,2007-07-31T22:08:56Z,2007-07-31T22:08:56Z,e2398c77-1768-3b1f-92f7-f2a4e37f2198,CLOSED,CLOSED,CLOSED,0,0,0,2007-07-31T22:23:56Z,2007-07-31T22:23:56Z,2007-07-31T22:23:56Z,1,1
bec25def-e2ce-2fe3-864e-8bfe0e41af58,bec25def-e2ce-2fe3-4022-747293bc775e,cdcbc9bb-635f-3ac6-bcf7-c145123a29be,b046940f-1664-3047-bca7-dfa76be352a4,,20,20,162673000,,,,,,,,,bec25def-e2ce-2fe3-0859-ac876bc1ee71,2021-02-22T12:25:20Z,2021-02-22T12:25:20Z,cdcbc9bb-635f-3ac6-bcf7-c145123a29be,CLOSED,CLOSED,CLOSED,0,0,0,2021-02-22T12:40:20Z,2021-02-22T12:40:20Z,2021-02-22T12:40:20Z,1,1
55133401-cd51-32bc-5843-dc1c037c49c4,55133401-cd51-32bc-3046-82cb0a11d3da,85932702-486c-35c1-9e86-c34c4be05bac,8fa6c185-e44e-3e34-8bd8-39be8694f4ce,,20,20,162673000,,,,,,,,,55133401-cd51-32bc-4479-3743bc6b53b0,2026-03-23T15:47:25Z,2026-03-23T15:47:25Z,85932702-486c-35c1-9e86-c34c4be05bac,CLOSED,CLOSED,CLOSED,0,0,0,2026-03-23T16:02:25Z,2026-03-23T16:02:25Z,2026-03-23T16:02:25Z,1,1
715724a5-2018-a4ef-6f68-5b5728db5b48,715724a5-2018-a4ef-8f62-42ec13f9c91d,35ebbed0-6806-3ee4-9ab1-952f1d9a77b7,a735bf55-83e9-331a-899d-a82a60b9f60c,b046940f-1664-3047-bca7-dfa76be352a4,20,20,162673000,,,,,,,,,715724a5-2018-a4ef-56a2-77a6d266e563,2023-10-10T04:22:25Z,2023-10-10T04:22:25Z,35ebbed0-6806-3ee4-9ab1-952f1d9a77b7,CLOSED,,CLOSED,0,,0,2023-10-10T04:37:25Z,,2023-10-10T04:37:25Z,1,0
2bbd76b7-e9a4-0597-cff6-b51320ed63e9,2bbd76b7-e9a4-0597-7752-c228b9ffe6c1,e2398c77-1768-3b1f-92f7-f2a4e37f2198,d31fccc3-1767-390d-966a-22a5156f4219,,20,20,59621000,,,,,,,,,2bbd76b7-e9a4-0597-6e68-8174078082c4,2007-07-31T22:08:56Z,2007-07-31T22:08:56Z,e2398c77-1768-3b1f-92f7-f2a4e37f2198,CLOSED,CLOSED,CLOSED,0,0,0,2007-07-31T22:23:56Z,2007-07-31T22:23:56Z,2007-07-31T22:23:56Z,1,1
06eb6dda-a918-928f-6b05-05d8a1fc5891,06eb6dda-a918-928f-76cf-6bf370cf2014,d8f3b5b7-0cf5-31f0-a7e8-5c6dc99e1c46,b046940f-1664-3047-bca7-dfa76be352a4,,10,10,410620009,,,,,,,,,06eb6dda-a918-928f-f53d-35f045215910,2019-04-20T16:04:27Z,2019-04-20T16:04:27Z,d8f3b5b7-0cf5-31f0-a7e8-5c6dc99e1c46,CLOSED,CLOSED,CLOSED,0,0,0,2019-04-20T16:19:27Z,2019-04-20T16:19:27Z,2019-04-20T16:19:27Z,1,1
17cb5ccc-4c1f-9747-0c11-9acc01da5783,17cb5ccc-4c1f-9747-f535-e57cd464679d,983c3c4e-0714-3fd3-b541-06a64e9c9498,26aab0cd-6aba-3e1b-ac5b-05c8867e762c,,10,10,410620009,,,,,,,,,17cb5ccc-4c1f-9747-2ae0-5c3e3459841b,2026-04-08T07:08:18Z,2026-04-08T07:08:18Z,983c3c4e-0714-3fd3-b541-06a64e9c9498,CLOSED,CLOSED,CLOSED,0,0,0,2026-04-08T07:23:18Z,2026-04-08T07:23:18Z,2026-04-08T07:23:18Z,1,1
4760e5e7-fa82-b084-8700-ae9fbb815752,4760e5e7-fa82-b084-95cb-bb4564d42496,1a55ac87-5100-3f62-af79-f4dc9399b5b8,a735bf55-83e9-331a-899d-a82a60b9f60c,b046940f-1664-3047-bca7-dfa76be352a4,20,20,162673000,,,,,,,,,4760e5e7-fa82-b084-afee-a7843dc7a627,2022-09-05T01:47:57Z,2022-09-05T01:47:57Z,1a55ac87-5100-3f62-af79-f4dc9399b5b8,CLOSED,,CLOSED,0,,0,2022-09-05T02:02:57Z,,2022-09-05T02:02:57Z,1,0
bec25def-e2ce-2fe3-8353-149bf56298df,bec25def-e2ce-2fe3-4022-747293bc775e,d4cd019c-151a-38b1-8a9c-5b666db595f0,b046940f-1664-3047-bca7-dfa76be352a4,,2,2,33879002,,,,,,,,,bec25def-e2ce-2fe3-e101-3ea8ba83e7a2,2021-05-31T12:25:20Z,2021-05-31T12:25:20Z,d4cd019c-151a-38b1-8a9c-5b666db595f0,CLOSED,CLOSED,CLOSED,0,0,0,2021-05-31T12:40:20Z,2021-05-31T12:40:20Z,2021-05-31T12:40:20Z,2,2
2bbd76b7-e9a4-0597-f257-0165968d6e33,2bbd76b7-e9a4-0597-7752-c228b9ffe6c1,532c7d9b-da7c-3009-9e3f-bcbe7ebf3ad2,d31fccc3-1767-390d-966a-22a5156f4219,,1,1,59621000,,,,,,,,,2bbd76b7-e9a4-0597-531c-75a2dd29cc49,2007-07-31T22:08:56Z,2007-08-30T22:08:56Z,532c7d9b-da7c-3009-9e3f-bcbe7ebf3ad2,CLOSED,CLOSED,CLOSED,0,0,0,2007-08-30T22:23:56Z,2007-08-30T22:23:56Z,2007-08-30T22:23:56Z,2,2
2bbd76b7-e9a4-0597-3c70-71fdd8dd4029,2bbd76b7-e9a4-0597-7752-c228b9ffe6c1,532c7d9b-da7c-3009-9e3f-bcbe7ebf3ad2,d31fccc3-1767-390d-966a-22a5156f4219,,1,1,59621000,,,,,,,,,2bbd76b7-e9a4-0597-531c-75a2dd29cc49,2007-07-31T22:08:56Z,2007-08-30T22:08:56Z,532c7d9b-da7c-3009-9e3f-bcbe7ebf3ad2,CLOSED,CLOSED,CLOSED,0,0,0,2007-08-30T22:23:56Z,2007-08-30T22:23:56Z,2007-08-30T22:23:56Z,2,2
06eb6dda-a918-928f-3b60-b1d9de0d2e8e,06eb6dda-a918-928f-76cf-6bf370cf2014,d8f3b5b7-0cf5-31f0-a7e8-5c6dc99e1c46,b046940f-1664-3047-bca7-dfa76be352a4,,10,10,410620009,,,,,,,,,06eb6dda-a918-928f-b819-8fd871635e7c,2019-10-19T16:04:27Z,2019-10-19T16:04:27Z,d8f3b5b7-0cf5-31f0-a7e8-5c6dc99e1c46,CLOSED,CLOSED,CLOSED,0,0,0,2019-10-19T16:19:27Z,2019-10-19T16:19:27Z,2019-10-19T16:19:27Z,1,1
2bbd76b7-e9a4-0597-c205-eb468e5bf5d4,2bbd76b7-e9a4-0597-7752-c228b9ffe6c1,532c7d9b-da7c-3009-9e3f-bcbe7ebf3ad2,d31fccc3-1767-390d-966a-22a5156f4219,,1,1,59621000,,,,,,,,,2bbd76b7-e9a4-0597-52ef-c2c0cf7644a4,2007-07-31T22:08:56Z,2007-10-29T22:08:56Z,532c7d9b-da7c-3009-9e3f-bcbe7ebf3ad2,CLOSED,CLOSED,CLOSED,0,0,0,2007-10-29T22:23:56Z,2007-10-29T22:23:56Z,2007-10-29T22:23:56Z,2,2
bec25def-e2ce-2fe3-e88d-e30bcf855595,bec25def-e2ce-2fe3-4022-747293bc775e,d4cd019c-151a-38b1-8a9c-5b666db595f0,b046940f-1664-3047-bca7-dfa76be352a4,,2,2,33879002,,,,,,,,,bec25def-e2ce-2fe3-82a7-9b2926aad23a,2021-06-28T12:25:20Z,2021-06-28T12:25:20Z,d4cd019c-151a-38b1-8a9c-5b666db595f0,CLOSED,CLOSED,CLOSED,0,0,0,2021-06-28T12:40:20Z,2021-06-28T12:40:20Z,2021-06-28T12:40:20Z,2,2
2bbd76b7-e9a4-0597-f684-b28d2b14fbe6,2bbd76b7-e9a4-0597-7752-c228b9ffe6c1,532c7d9b-da7c-3009-9e3f-bcbe7ebf3ad2,d31fccc3-1767-390d-966a-22a5156f4219,,1,1,59621000,,,,,,,,,2bbd76b7-e9a4-0597-52ef-c2c0cf7644a4,2007-07-31T22:08:56Z,2007-10-29T22:08:56Z,532c7d9b-da7c-3009-9e3f-bcbe7ebf3ad2,CLOSED,CLOSED,CLOSED,0,0,0,2007-10-29T22:23:56Z,2007-10-29T22:23:56Z,2007-10-29T22:23:56Z,2,2
715724a5-2018-a4ef-72ee-b440e1d5ae6c,715724a5-2018-a4ef-8f62-42ec13f9c91d,35ebbed0-6806-3ee4-9ab1-952f1d9a77b7,a735bf55-83e9-331a-899d-a82a60b9f60c,b046940f-1664-3047-bca7-dfa76be352a4,20,20,162673000,,,,,,,,,715724a5-2018-a4ef-8d62-1553bda4aa8f,2024-10-15T04:22:25Z,2024-10-15T04:22:25Z,35ebbed0-6806-3ee4-9ab1-952f1d9a77b7,CLOSED,,CLOSED,0,,0,2024-10-15T04:37:25Z,,2024-10-15T04:37:25Z,1,0
2bbd76b7-e9a4-0597-033f-11ef896a1840,2bbd76b7-e9a4-0597-7752-c228b9ffe6c1,e2398c77-1768-3b1f-92f7-f2a4e37f2198,d31fccc3-1767-390d-966a-22a5156f4219,,20,20,162673000,,,,,,,,,2bbd76b7-e9a4-0597-36cc-62c57e00d5ae,2016-09-20T22:08:56Z,2016-09-20T22:08:56Z,e2398c77-1768-3b1f-92f7-f2a4e37f2198,CLOSED,CLOSED,CLOSED,0,0,0,2016-09-20T22:23:56Z,2016-09-20T22:23:56Z,2016-09-20T22:23:56Z,1,1
715724a5-2018-a4ef-0d08-a789c98b8fe0,715724a5-2018-a4ef-8f62-42ec13f9c91d,35ebbed0-6806-3ee4-9ab1-952f1d9a77b7,a735bf55-83e9-331a-899d-a82a60b9f60c,b046940f-1664-3047-bca7-dfa76be352a4,20,20,162673000,,,,,,,,,715724a5-2018-a4ef-6f44-8a894e20592f,2025-10-21T04:22:25Z,2025-10-21T04:22:25Z,35ebbed0-6806-3ee4-9ab1-952f1d9a77b7,CLOSED,,CLOSED,0,,0,2025-10-21T04:37:25Z,,2025-10-21T04:37:25Z,1,0
06eb6dda-a918-928f-ce9d-cabae28e2d97,06eb6dda-a918-928f-76cf-6bf370cf2014,d8f3b5b7-0cf5-31f0-a7e8-5c6dc99e1c46,b046940f-1664-3047-bca7-dfa76be352a4,,10,10,410620009,,,,,,,,,06eb6dda-a918-928f-b4e9-85f9545c6d92,2020-04-18T16:04:27Z,2020-04-18T16:04:27Z,d8f3b5b7-0cf5-31f0-a7e8-5c6dc99e1c46,CLOSED,CLOSED,CLOSED,0,0,0,2020-04-18T16:19:27Z,2020-04-18T16:19:27Z,2020-04-18T16:19:27Z,1,1
bec25def-e2ce-2fe3-de1c-4dceb6e0527a,bec25def-e2ce-2fe3-4022-747293bc775e,cdcbc9bb-635f-3ac6-bcf7-c145123a29be,b046940f-1664-3047-bca7-dfa76be352a4,,20,20,162673000,,,,,,,,,bec25def-e2ce-2fe3-3b2b-16c64371e223,2022-02-28T12:25:20Z,2022-02-28T12:25:20Z,cdcbc9bb-635f-3ac6-bcf7-c145123a29be,CLOSED,CLOSED,CLOSED,0,0,0,2022-02-28T12:40:20Z,2022-02-28T12:40:20Z,2022-02-28T12:40:20Z,1,1
4760e5e7-fa82-b084-641e-31261cd56787,4760e5e7-fa82-b084-95cb-bb4564d42496,1a55ac87-5100-3f62-af79-f4dc9399b5b8,a735bf55-83e9-331a-899d-a82a60b9f60c,b046940f-1664-3047-bca7-dfa76be352a4,20,20,162673000,,,,,,,,,4760e5e7-fa82-b084-2600-f9edf470e0c9,2023-09-11T01:47:57Z,2023-09-11T01:47:57Z,1a55ac87-5100-3f62-af79-f4dc9399b5b8,CLOSED,,CLOSED,0,,0,2023-09-11T02:02:57Z,,2023-09-11T02:02:57Z,1,0
06eb6dda-a918-928f-4508-da675ecbf10b,06eb6dda-a918-928f-76cf-6bf370cf2014,d8f3b5b7-0cf5-31f0-a7e8-5c6dc99e1c46,b046940f-1664-3047-bca7-dfa76be352a4,,10,10,410620009,,,,,,,,,06eb6dda-a918-928f-864b-a53676ce1544,2020-10-17T16:04:27Z,2020-10-17T16:04:27Z,d8f3b5b7-0cf5-31f0-a7e8-5c6dc99e1c46,CLOSED,CLOSED,CLOSED,0,0,0,2020-10-17T16:19:27Z,2020-10-17T16:19:27Z,2020-10-17T16:19:27Z,1,1
2bbd76b7-e9a4-0597-3723-613d84214f6d,2bbd76b7-e9a4-0597-7752-c228b9ffe6c1,e2398c77-1768-3b1f-92f7-f2a4e37f2198,d31fccc3-1767-390d-966a-22a5156f4219,,20,20,162673000,,,,,,,,,2bbd76b7-e9a4-0597-8538-daaff782930e,2017-09-26T22:08:56Z,2017-09-26T22:08:56Z,e2398c77-1768-3b1f-92f7-f2a4e37f2198,CLOSED,CLOSED,CLOSED,0,0,0,2017-09-26T22:23:56Z,2017-09-26T22:23:56Z,2017-09-26T22:23:56Z,1,1
bec25def-e2ce-2fe3-18b3-848a950bb24f,bec25def-e2ce-2fe3-4022-747293bc775e,cdcbc9bb-635f-3ac6-bcf7-c145123a29be,b046940f-1664-3047-bca7-dfa76be352a4,,20,20,162673000,,,,,,,,,bec25def-e2ce-2fe3-50e6-f7c0db5d8272,2023-03-06T12:25:20Z,2023-03-06T12:25:20Z,cdcbc9bb-635f-3ac6-bcf7-c145123a29be,CLOSED,CLOSED,CLOSED,0,0,0,2023-03-06T12:40:20Z,2023-03-06T12:40:20Z,2023-03-06T12:40:20Z,1,1
06eb6dda-a918-928f-7475-4abde491a744,06eb6dda-a918-928f-76cf-6bf370cf2014,d8f3b5b7-0cf5-31f0-a7e8-5c6dc99e1c46,b046940f-1664-3047-bca7-dfa76be352a4,,10,10,410620009,,,,,,,,,06eb6dda-a918-928f-455c-16182da84f91,2021-04-17T16:04:27Z,2021-04-17T16:04:27Z,d8f3b5b7-0cf5-31f0-a7e8-5c6dc99e1c46,CLOSED,CLOSED,CLOSED,0,0,0,2021-04-17T16:19:27Z,2021-04-17T16:19:27Z,2021-04-17T16:19:27Z,1,1
2bbd76b7-e9a4-0597-d6e3-f7b07b4083df,2bbd76b7-e9a4-0597-7752-c228b9ffe6c1,e2398c77-1768-3b1f-92f7-f2a4e37f2198,d31fccc3-1767-390d-966a-22a5156f4219,,20,20,162673000,,,,,,,,,2bbd76b7-e9a4-0597-0bec-b8a5faaf624b,2018-10-02T22:08:56Z,2018-10-02T22:08:56Z,e2398c77-1768-3b1f-92f7-f2a4e37f2198,CLOSED,CLOSED,CLOSED,0,0,0,2018-10-02T22:23:56Z,2018-10-02T22:23:56Z,2018-10-02T22:23:56Z,1,1
bec25def-e2ce-2fe3-308c-7a8dea3c515e,bec25def-e2ce-2fe3-4022-747293bc775e,cdcbc9bb-635f-3ac6-bcf7-c145123a29be,b046940f-1664-3047-bca7-dfa76be352a4,,20,20,162673000,,,,,,,,,bec25def-e2ce-2fe3-b27e-1415ed01d292,2024-03-11T12:25:20Z,2024-03-11T12:25:20Z,cdcbc9bb-635f-3ac6-bcf7-c145123a29be,CLOSED,CLOSED,CLOSED,0,0,0,2024-03-11T12:40:20Z,2024-03-11T12:40:20Z,2024-03-11T12:40:20Z,1,1
4760e5e7-fa82-b084-0799-f0c1e020cdd6,4760e5e7-fa82-b084-95cb-bb4564d42496,1a55ac87-5100-3f62-af79-f4dc9399b5b8,a735bf55-83e9-331a-899d-a82a60b9f60c,b046940f-1664-3047-bca7-dfa76be352a4,20,20,162673000,,,,,,,,,4760e5e7-fa82-b084-58d9-a63cd72ac6c0,2024-09-16T01:47:57Z,2024-09-16T01:47:57Z,1a55ac87-5100-3f62-af79-f4dc9399b5b8,CLOSED,,CLOSED,0,,0,2024-09-16T02:02:57Z,,2024-09-16T02:02:57Z,1,0
06eb6dda-a918-928f-af29-0f63cf6bc41d,06eb6dda-a918-928f-76cf-6bf370cf2014,d8f3b5b7-0cf5-31f0-a7e8-5c6dc99e1c46,b046940f-1664-3047-bca7-dfa76be352a4,,10,10,410620009,,,,,,,,,06eb6dda-a918-928f-2bed-8c0c07ee0163,2021-10-16T16:04:27Z,2021-10-16T16:04:27Z,d8f3b5b7-0cf5-31f0-a7e8-5c6dc99e1c46,CLOSED,CLOSED,CLOSED,0,0,0,2021-10-16T16:19:27Z,2021-10-16T16:19:27Z,2021-10-16T16:19:27Z,1,1
bec25def-e2ce-2fe3-137b-1a7d8e027ce0,bec25def-e2ce-2fe3-4022-747293bc775e,cdcbc9bb-635f-3ac6-bcf7-c145123a29be,b046940f-1664-3047-bca7-dfa76be352a4,,20,20,162673000,,,,,,,,,bec25def-e2ce-2fe3-9a49-0582c00122c6,2025-03-17T12:25:20Z,2025-03-17T12:25:20Z,cdcbc9bb-635f-3ac6-bcf7-c145123a29be,CLOSED,CLOSED,CLOSED,0,0,0,2025-03-17T12:40:20Z,2025-03-17T12:40:20Z,2025-03-17T12:40:20Z,1,1
2bbd76b7-e9a4-0597-3e62-0503e4b0d57c,2bbd76b7-e9a4-0597-7752-c228b9ffe6c1,e2398c77-1768-3b1f-92f7-f2a4e37f2198,d31fccc3-1767-390d-966a-22a5156f4219,,20,20,162673000,,,,,,,,,2bbd76b7-e9a4-0597-54a7-7b446e1751f2,2019-10-08T22:08:56Z,2019-10-08T22:08:56Z,e2398c77-1768-3b1f-92f7-f2a4e37f2198,CLOSED,CLOSED,CLOSED,0,0,0,2019-10-08T22:23:56Z,2019-10-08T22:23:56Z,2019-10-08T22:23:56Z,1,1
06eb6dda-a918-928f-0f98-5d71df43140e,06eb6dda-a918-928f-76cf-6bf370cf2014,d8f3b5b7-0cf5-31f0-a7e8-5c6dc99e1c46,b046940f-1664-3047-bca7-dfa76be352a4,,10,10,410620009,,,,,,,,,06eb6dda-a918-928f-9710-d42bba3c7488,2022-10-22T16:04:27Z,2022-10-22T16:04:27Z,d8f3b5b7-0cf5-31f0-a7e8-5c6dc99e1c46,CLOSED,CLOSED,CLOSED,0,0,0,2022-10-22T16:19:27Z,2022-10-22T16:19:27Z,2022-10-22T16:19:27Z,1,1
4760e5e7-fa82-b084-6c47-7bd29d691fc4,4760e5e7-fa82-b084-95cb-bb4564d42496,1a55ac87-5100-3f62-af79-f4dc9399b5b8,a735bf55-83e9-331a-899d-a82a60b9f60c,b046940f-1664-3047-bca7-dfa76be352a4,20,20,162673000,,,,,,,,,4760e5e7-fa82-b084-49dd-a4451af5ea04,2025-09-22T01:47:57Z,2025-09-22T01:47:57Z,1a55ac87-5100-3f62-af79-f4dc9399b5b8,CLOSED,,CLOSED,0,,0,2025-09-22T02:02:57Z,,2025-09-22T02:02:57Z,1,0
bec25def-e2ce-2fe3-6061-917ca7f3aa57,bec25def-e2ce-2fe3-4022-747293bc775e,cdcbc9bb-635f-3ac6-bcf7-c145123a29be,b046940f-1664-3047-bca7-dfa76be352a4,,20,20,162673000,,,,,,,,,bec25def-e2ce-2fe3-8d42-46dc14a425c2,2026-03-23T12:25:20Z,2026-03-23T12:25:20Z,cdcbc9bb-635f-3ac6-bcf7-c145123a29be,CLOSED,CLOSED,CLOSED,0,0,0,2026-03-23T12:40:20Z,2026-03-23T12:40:20Z,2026-03-23T12:40:20Z,1,1
2bbd76b7-e9a4-0597-e0f3-f100bbc45b7f,2bbd76b7-e9a4-0597-7752-c228b9ffe6c1,e2398c77-1768-3b1f-92f7-f2a4e37f2198,d31fccc3-1767-390d-966a-22a5156f4219,,20,20,162673000,,,,,,,,,2bbd76b7-e9a4-0597-91a5-c1d2be178ecc,2020-10-13T22:08:56Z,2020-10-13T22:08:56Z,e2398c77-1768-3b1f-92f7-f2a4e37f2198,CLOSED,CLOSED,CLOSED,0,0,0,2020-10-13T22:23:56Z,2020-10-13T22:23:56Z,2020-10-13T22:23:56Z,1,1
06eb6dda-a918-928f-a3be-ebd4969930b1,06eb6dda-a918-928f-76cf-6bf370cf2014,d8f3b5b7-0cf5-31f0-a7e8-5c6dc99e1c46,b046940f-1664-3047-bca7-dfa76be352a4,,10,10,410620009,,,,,,,,,06eb6dda-a918-928f-cc6e-d463c6abab7b,2023-10-28T16:04:27Z,2023-10-28T16:04:27Z,d8f3b5b7-0cf5-31f0-a7e8-5c6dc99e1c46,CLOSED,CLOSED,CLOSED,0,0,0,2023-10-28T16:19:27Z,2023-10-28T16:19:27Z,2023-10-28T16:19:27Z,1,1
06eb6dda-a918-928f-8a1d-aac8b707d1be,06eb6dda-a918-928f-76cf-6bf370cf2014,d8f3b5b7-0cf5-31f0-a7e8-5c6dc99e1c46,b046940f-1664-3047-bca7-dfa76be352a4,,10,10,410620009,,,,,,,,,06eb6dda-a918-928f-2bfc-690b784bb1b1,2024-11-02T16:04:27Z,2024-11-02T16:04:27Z,d8f3b5b7-0cf5-31f0-a7e8-5c6dc99e1c46,CLOSED,CLOSED,CLOSED,0,0,0,2024-11-02T16:19:27Z,2024-11-02T16:19:27Z,2024-11-02T16:19:27Z,1,1
06eb6dda-a918-928f-98ca-8101e21556ca,06eb6dda-a918-928f-76cf-6bf370cf2014,d8f3b5b7-0cf5-31f0-a7e8-5c6dc99e1c46,b046940f-1664-3047-bca7-dfa76be352a4,,10,10,410620009,,,,,,,,,06eb6dda-a918-928f-c84b-236eba36b632,2025-11-08T16:04:27Z,2025-11-08T16:04:27Z,d8f3b5b7-0cf5-31f0-a7e8-5c6dc99e1c46,CLOSED,CLOSED,CLOSED,0,0,0,2025-11-08T16:19:27Z,2025-11-08T16:19:27Z,2025-11-08T16:19:27Z,1,1
2bbd76b7-e9a4-0597-fb8a-407a1e57d6d3,2bbd76b7-e9a4-0597-7752-c228b9ffe6c1,532c7d9b-da7c-3009-9e3f-bcbe7ebf3ad2,d31fccc3-1767-390d-966a-22a5156f4219,,2,2,33879002,,,,,,,,,2bbd76b7-e9a4-0597-8e9d-55ba495d4fb7,2021-01-26T22:08:56Z,2021-01-26T22:08:56Z,532c7d9b-da7c-3009-9e3f-bcbe7ebf3ad2,CLOSED,CLOSED,CLOSED,0,0,0,2021-01-26T22:23:56Z,2021-01-26T22:23:56Z,2021-01-26T22:23:56Z,2,2
2bbd76b7-e9a4-0597-6b66-2589d9187c4f,2bbd76b7-e9a4-0597-7752-c228b9ffe6c1,532c7d9b-da7c-3009-9e3f-bcbe7ebf3ad2,d31fccc3-1767-390d-966a-22a5156f4219,,2,2,33879002,,,,,,,,,2bbd76b7-e9a4-0597-6fe1-a5d988b43488,2021-02-16T22:08:56Z,2021-02-16T22:08:56Z,532c7d9b-da7c-3009-9e3f-bcbe7ebf3ad2,CLOSED,CLOSED,CLOSED,0,0,0,2021-02-16T22:23:56Z,2021-02-16T22:23:56Z,2021-02-16T22:23:56Z,2,2
2bbd76b7-e9a4-0597-19e7-2bf434ae3ba9,2bbd76b7-e9a4-0597-7752-c228b9ffe6c1,e2398c77-1768-3b1f-92f7-f2a4e37f2198,d31fccc3-1767-390d-966a-22a5156f4219,,20,20,162673000,,,,,,,,,2bbd76b7-e9a4-0597-a73d-148bf1bf8f1d,2021-10-19T22:08:56Z,2021-10-19T22:08:56Z,e2398c77-1768-3b1f-92f7-f2a4e37f2198,CLOSED,CLOSED,CLOSED,0,0,0,2021-10-19T22:23:56Z,2021-10-19T22:23:56Z,2021-10-19T22:23:56Z,1,1
2bbd76b7-e9a4-0597-718e-997d17eeba1f,2bbd76b7-e9a4-0597-7752-c228b9ffe6c1,e2398c77-1768-3b1f-92f7-f2a4e37f2198,d31fccc3-1767-390d-966a-22a5156f4219,,20,20,162673000,,,,,,,,,2bbd76b7-e9a4-0597-976f-c49329d9d5e6,2022-10-25T22:08:56Z,2022-10-25T22:08:56Z,e2398c77-1768-3b1f-92f7-f2a4e37f2198,CLOSED,CLOSED,CLOSED,0,0,0,2022-10-25T22:23:56Z,2022-10-25T22:23:56Z,2022-10-25T22:23:56Z,1,1
2bbd76b7-e9a4-0597-722d-7b18ed19f7dc,2bbd76b7-e9a4-0597-7752-c228b9ffe6c1,e2398c77-1768-3b1f-92f7-f2a4e37f2198,d31fccc3-1767-390d-966a-22a5156f4219,,20,20,162673000,,,,,,,,,2bbd76b7-e9a4-0597-f8ba-3133566f629a,2023-10-31T22:08:56Z,2023-10-31T22:08:56Z,e2398c77-1768-3b1f-92f7-f2a4e37f2198,CLOSED,CLOSED,CLOSED,0,0,0,2023-10-31T22:23:56Z,2023-10-31T22:23:56Z,2023-10-31T22:23:56Z,1,1
2bbd76b7-e9a4-0597-8528-1ea9c73057e8,2bbd76b7-e9a4-0597-7752-c228b9ffe6c1,e2398c77-1768-3b1f-92f7-f2a4e37f2198,d31fccc3-1767-390d-966a-22a5156f4219,,20,20,162673000,,,,,,,,,2bbd76b7-e9a4-0597-093d-d056757c9d4e,2024-11-05T22:08:56Z,2024-11-05T22:08:56Z,e2398c77-1768-3b1f-92f7-f2a4e37f2198,CLOSED,CLOSED,CLOSED,0,0,0,2024-11-05T22:23:56Z,2024-11-05T22:23:56Z,2024-11-05T22:23:56Z,1,1
2bbd76b7-e9a4-0597-3152-50a680de87de,2bbd76b7-e9a4-0597-7752-c228b9ffe6c1,e2398c77-1768-3b1f-92f7-f2a4e37f2198,d31fccc3-1767-390d-966a-22a5156f4219,,20,20,162673000,,,,,,,,,2bbd76b7-e9a4-0597-fd45-6904716ac0af,2025-11-11T22:08:56Z,2025-11-11T22:08:56Z,e2398c77-1768-3b1f-92f7-f2a4e37f2198,CLOSED,CLOSED,CLOSED,0,0,0,2025-11-11T22:23:56Z,2025-11-11T22:23:56Z,2025-11-11T22:23:56Z,1,1
8c5fa9a2-4100-1e1c-57e5-8c0fe089f615,8c5fa9a2-4100-1e1c-1287-7effbfe0c0d2,35ebbed0-6806-3ee4-9ab1-952f1d9a77b7,df166300-5a78-3502-a46a-832842197811,,20,20,162673000,,,,,,,,,8c5fa9a2-4100-1e1c-a525-9fda7968316c,2018-07-04T18:58:15Z,2018-07-04T18:58:15Z,35ebbed0-6806-3ee4-9ab1-952f1d9a77b7,CLOSED,CLOSED,CLOSED,0,0,0,2018-07-04T19:13:15Z,2018-07-04T19:13:15Z,2018-07-04T19:13:15Z,1,1
8c5fa9a2-4100-1e1c-15f3-d100f3ccccaa,8c5fa9a2-4100-1e1c-1287-7effbfe0c0d2,7bcdb75a-c3a8-3095-8a3f-341098bdb2ca,df166300-5a78-3502-a46a-832842197811,,2,2,33879002,,,,,,,,,8c5fa9a2-4100-1e1c-c481-77a7dacce310,2021-03-31T18:58:15Z,2021-03-31T18:58:15Z,7bcdb75a-c3a8-3095-8a3f-341098bdb2ca,CLOSED,CLOSED,CLOSED,0,0,0,2021-03-31T19:13:15Z,2021-03-31T19:13:15Z,2021-03-31T19:13:15Z,2,2
8c5fa9a2-4100-1e1c-9f79-85ec05b81620,8c5fa9a2-4100-1e1c-1287-7effbfe0c0d2,35ebbed0-6806-3ee4-9ab1-952f1d9a77b7,df166300-5a78-3502-a46a-832842197811,,20,20,162673000,,,,,,,,,8c5fa9a2-4100-1e1c-9a38-d03a0a6f1606,2021-04-21T18:58:15Z,2021-04-21T18:58:15Z,35ebbed0-6806-3ee4-9ab1-952f1d9a77b7,CLOSED,CLOSED,CLOSED,0,0,0,2021-04-21T19:13:15Z,2021-04-21T19:13:15Z,2021-04-21T19:13:15Z,1,1
8c5fa9a2-4100-1e1c-314d-8292b41cc2ea,8c5fa9a2-4100-1e1c-1287-7effbfe0c0d2,7bcdb75a-c3a8-3095-8a3f-341098bdb2ca,df166300-5a78-3502-a46a-832842197811,,2,2,33879002,,,,,,,,,8c5fa9a2-4100-1e1c-7c51-68c019bf9fe9,2021-04-28T18:58:15Z,2021-04-28T18:58:15Z,7bcdb75a-c3a8-3095-8a3f-341098bdb2ca,CLOSED,CLOSED,CLOSED,0,0,0,2021-04-28T19:13:15Z,2021-04-28T19:13:15Z,2021-04-28T19:13:15Z,2,2
8c5fa9a2-4100-1e1c-4f62-e701a4d2b976,8c5fa9a2-4100-1e1c-1287-7effbfe0c0d2,35ebbed0-6806-3ee4-9ab1-952f1d9a77b7,df166300-5a78-3502-a46a-832842197811,,20,20,162673000,,,,,,,,,8c5fa9a2-4100-1e1c-944b-1f25f34e86ac,2023-04-26T18:58:15Z,2023-04-26T18:58:15Z,35ebbed0-6806-3ee4-9ab1-952f1d9a77b7,CLOSED,CLOSED,CLOSED,0,0,0,2023-04-26T19:13:15Z,2023-04-26T19:13:15Z,2023-04-26T19:13:15Z,1,1
8c5fa9a2-4100-1e1c-4926-1627c1d27d7e,8c5fa9a2-4100-1e1c-1287-7effbfe0c0d2,35ebbed0-6806-3ee4-9ab1-952f1d9a77b7,df166300-5a78-3502-a46a-832842197811,,20,20,162673000,,,,,,,,,8c5fa9a2-4100-1e1c-34d3-60b513e57cc6,2025-04-30T18:58:15Z,2025-04-30T18:58:15Z,35ebbed0-6806-3ee4-9ab1-952f1d9a77b7,CLOSED,CLOSED,CLOSED,0,0,0,2025-04-30T19:13:15Z,2025-04-30T19:13:15Z,2025-04-30T19:13:15Z,1,1
